Workbook

Sheet 2008 SLNP Lion 12 month
A1: ch on 11nov16, when this file was created | B1: id | C1: jan | D1: feb | E1: mar | F1: apr | G1: may | H1: jun | I1: jul | J1: aug | K1: sep | L1: oct | M1: nov | N1: dec | O1: apr_nov_8month_ch
A2: /* ELI-113 */ 001110000100 1; | B2: ELI-113 | C2: 0 | D2: 0 | E2: 1 | F2: 1 | G2: 1 | H2: 0 | I2: 0 | J2: 0 | K2: 0 | L2: 1 | M2: 0 | N2: 0 | O2: =CONCATENATE("/*",B2,"*/ ",F2,G2,H2,I2,J2,K2,L2,M2," 1;") -> /*ELI-113*/ 11000010 1;
A3: /* ELI-115 */ 001101101100 1; | B3: ELI-115 | C3: 0 | D3: 0 | E3: 1 | F3: 1 | G3: 0 | H3: 1 | I3: 1 | J3: 0 | K3: 1 | L3: 1 | M3: 0 | N3: 0 | O3: =CONCATENATE("/*",B3,"*/ ",F3,G3,H3,I3,J3,K3,L3,M3," 1;") -> /*ELI-115*/ 10110110 1;
A4: /* ELI-116 */ 001101101000 1; | B4: ELI-116 | C4: 0 | D4: 0 | E4: 1 | F4: 1 | G4: 0 | H4: 1 | I4: 1 | J4: 0 | K4: 1 | L4: 0 | M4: 0 | N4: 0 | O4: =CONCATENATE("/*",B4,"*/ ",F4,G4,H4,I4,J4,K4,L4,M4," 1;") -> /*ELI-116*/ 10110100 1;
A5: /* ELI-117 */ 001101111100 1; | B5: ELI-117 | C5: 0 | D5: 0 | E5: 1 | F5: 1 | G5: 0 | H5: 1 | I5: 1 | J5: 1 | K5: 1 | L5: 1 | M5: 0 | N5: 0 | O5: =CONCATENATE("/*",B5,"*/ ",F5,G5,H5,I5,J5,K5,L5,M5," 1;") -> /*ELI-117*/ 10111110 1;
A6: /* ELI-118 */ 001101111000 1; | B6: ELI-118 | C6: 0 | D6: 0 | E6: 1 | F6: 1 | G6: 0 | H6: 1 | I6: 1 | J6: 1 | K6: 1 | L6: 0 | M6: 0 | N6: 0 | O6: =CONCATENATE("/*",B6,"*/ ",F6,G6,H6,I6,J6,K6,L6,M6," 1;") -> /*ELI-118*/ 10111100 1;
A7: /* ELI-119 */ 000101111000 1; | B7: ELI-119 | C7: 0 | D7: 0 | E7: 0 | F7: 1 | G7: 0 | H7: 1 | I7: 1 | J7: 1 | K7: 1 | L7: 0 | M7: 0 | N7: 0 | O7: =CONCATENATE("/*",B7,"*/ ",F7,G7,H7,I7,J7,K7,L7,M7," 1;") -> /*ELI-119*/ 10111100 1;
A8: /* ELI-121 */ 000101111000 1; | B8: ELI-121 | C8: 0 | D8: 0 | E8: 0 | F8: 1 | G8: 0 | H8: 1 | I8: 1 | J8: 1 | K8: 1 | L8: 0 | M8: 0 | N8: 0 | O8: =CONCATENATE("/*",B8,"*/ ",F8,G8,H8,I8,J8,K8,L8,M8," 1;") -> /*ELI-121*/ 10111100 1;
A9: /* ELI-122 */ 000101111000 1; | B9: ELI-122 | C9: 0 | D9: 0 | E9: 0 | F9: 1 | G9: 0 | H9: 1 | I9: 1 | J9: 1 | K9: 1 | L9: 0 | M9: 0 | N9: 0 | O9: =CONCATENATE("/*",B9,"*/ ",F9,G9,H9,I9,J9,K9,L9,M9," 1;") -> /*ELI-122*/ 10111100 1;
A10: /* ELI-124 */ 000000001000 1; | B10: ELI-124 | C10: 0 | D10: 0 | E10: 0 | F10: 0 | G10: 0 | H10: 0 | I10: 0 | J10: 0 | K10: 1 | L10: 0 | M10: 0 | N10: 0 | O10: =CONCATENATE("/*",B10,"*/ ",F10,G10,H10,I10,J10,K10,L10,M10," 1;") -> /*ELI-124*/ 00000100 1;
A11: /* ELI-125 */ 000000001000 1; | B11: ELI-125 | C11: 0 | D11: 0 | E11: 0 | F11: 0 | G11: 0 | H11: 0 | I11: 0 | J11: 0 | K11: 1 | L11: 0 | M11: 0 | N11: 0 | O11: =CONCATENATE("/*",B11,"*/ ",F11,G11,H11,I11,J11,K11,L11,M11," 1;") -> /*ELI-125*/ 00000100 1;
A12: /* ELI-126 */ 000000001000 1; | B12: ELI-126 | C12: 0 | D12: 0 | E12: 0 | F12: 0 | G12: 0 | H12: 0 | I12: 0 | J12: 0 | K12: 1 | L12: 0 | M12: 0 | N12: 0 | O12: =CONCATENATE("/*",B12,"*/ ",F12,G12,H12,I12,J12,K12,L12,M12," 1;") -> /*ELI-126*/ 00000100 1;
A13: /* ELI-127 */ 000000001000 1; | B13: ELI-127 | C13: 0 | D13: 0 | E13: 0 | F13: 0 | G13: 0 | H13: 0 | I13: 0 | J13: 0 | K13: 1 | L13: 0 | M13: 0 | N13: 0 | O13: =CONCATENATE("/*",B13,"*/ ",F13,G13,H13,I13,J13,K13,L13,M13," 1;") -> /*ELI-127*/ 00000100 1;
... A79: /* ELI-581 */ 000000000100 1; | B79: ELI-581 | C79: 0 | D79: 0 | E79: 0 | F79: 0 | G79: 0 | H79: 0 | I79: 0 | J79: 0 | K79: 0 | L79: 1 | M79: 0 | N79: 0 | O79: =CONCATENATE("/*",B79,"*/ ",F79,G79,H79,I79,J79,K79,L79,M79," 1;") -> /*ELI-581*/ 00000010 1;

Sheet 2008_slnp_lion_8month
A1: /*ELI-113*/ 11000010 1;
A2: /*ELI-115*/ 10110110 1;
A3: /*ELI-116*/ 10110100 1;
A4: /*ELI-117*/ 10111110 1;
A5: /*ELI-118*/ 10111100 1;
A6: /*ELI-119*/ 10111100 1;
A7: /*ELI-121*/ 10111100 1;
A8: /*ELI-122*/ 10111100 1;
A9: /*ELI-124*/ 00000100 1;
A10: /*ELI-125*/ 00000100 1;
A11: /*ELI-126*/ 00000100 1;
A12: /*ELI-127*/ 00000100 1;
... A78: /*ELI-581*/ 00000010 1;

Sheet 2008_slnp_lion_3monRD
A1: =CONCATENATE("/*",'2008 SLNP Lion 12 month'!B2,"*/ ",'2008 SLNP Lion 12 month'!E2,'2008 SLNP Lion 12 month'!F2,'2008 SLNP Lion 12 month'!G2,'2008 SLNP Lion 12 month'!K2,'2008 SLNP Lion 12 month'!L2,'2008 SLNP Lion 12 month'!M2," 1;") -> /*ELI-113*/ 111010 1;
A2: =CONCATENATE("/*",'2008 SLNP Lion 12 month'!B3,"*/ ",'2008 SLNP Lion 12 month'!E3,'2008 SLNP Lion 12 month'!F3,'2008 SLNP Lion 12 month'!G3,'2008 SLNP Lion 12 month'!K3,'2008 SLNP Lion 12 month'!L3,'2008 SLNP Lion 12 month'!M3," 1;") -> /*ELI-115*/ 110110 1;
A3: =CONCATENATE("/*",'2008 SLNP Lion 12 month'!B4,"*/ ",'2008 SLNP Lion 12 month'!E4,'2008 SLNP Lion 12 month'!F4,'2008 SLNP Lion 12 month'!G4,'2008 SLNP Lion 12 month'!K4,'2008 SLNP Lion 12 month'!L4,'2008 SLNP Lion 12 month'!M4," 1;") -> /*ELI-116*/ 110100 1;
A4: =CONCATENATE("/*",'2008 SLNP Lion 12 month'!B5,"*/ ",'2008 SLNP Lion 12 month'!E5,'2008 SLNP Lion 12 month'!F5,'2008 SLNP Lion 12 month'!G5,'2008 SLNP Lion 12 month'!K5,'2008 SLNP Lion 12 month'!L5,'2008 SLNP Lion 12 month'!M5," 1;") -> /*ELI-117*/ 110110 1;
A5: =CONCATENATE("/*",'2008 SLNP Lion 12 month'!B6,"*/ ",'2008 SLNP Lion 12 month'!E6,'2008 SLNP Lion 12 month'!F6,'2008 SLNP Lion 12 month'!G6,'2008 SLNP Lion 12 month'!K6,'2008 SLNP Lion 12 month'!L6,'2008 SLNP Lion 12 month'!M6," 1;") -> /*ELI-118*/ 110100 1;
A6: =CONCATENATE("/*",'2008 SLNP Lion 12 month'!B7,"*/ ",'2008 SLNP Lion 12 month'!E7,'2008 SLNP Lion 12 month'!F7,'2008 SLNP Lion 12 month'!G7,'2008 SLNP Lion 12 month'!K7,'2008 SLNP Lion 12 month'!L7,'2008 SLNP Lion 12 month'!M7," 1;") -> /*ELI-119*/ 010100 1;
A7: =CONCATENATE("/*",'2008 SLNP Lion 12 month'!B8,"*/ ",'2008 SLNP Lion 12 month'!E8,'2008 SLNP Lion 12 month'!F8,'2008 SLNP Lion 12 month'!G8,'2008 SLNP Lion 12 month'!K8,'2008 SLNP Lion 12 month'!L8,'2008 SLNP Lion 12 month'!M8," 1;") -> /*ELI-121*/ 010100 1;
A8: =CONCATENATE("/*",'2008 SLNP Lion 12 month'!B9,"*/ ",'2008 SLNP Lion 12 month'!E9,'2008 SLNP Lion 12 month'!F9,'2008 SLNP Lion 12 month'!G9,'2008 SLNP Lion 12 month'!K9,'2008 SLNP Lion 12 month'!L9,'2008 SLNP Lion 12 month'!M9," 1;") -> /*ELI-122*/ 010100 1;
A9: =CONCATENATE("/*",'2008 SLNP Lion 12 month'!B10,"*/ ",'2008 SLNP Lion 12 month'!E10,'2008 SLNP Lion 12 month'!F10,'2008 SLNP Lion 12 month'!G10,'2008 SLNP Lion 12 month'!K10,'2008 SLNP Lion 12 month'!L10,'2008 SLNP Lion 12 month'!M10," 1;") -> /*ELI-124*/ 000100 1;
A10: =CONCATENATE("/*",'2008 SLNP Lion 12 month'!B11,"*/ ",'2008 SLNP Lion 12 month'!E11,'2008 SLNP Lion 12 month'!F11,'2008 SLNP Lion 12 month'!G11,'2008 SLNP Lion 12 month'!K11,'2008 SLNP Lion 12 month'!L11,'2008 SLNP Lion 12 month'!M11," 1;") -> /*ELI-125*/ 000100 1;
A11: =CONCATENATE("/*",'2008 SLNP Lion 12 month'!B12,"*/ ",'2008 SLNP Lion 12 month'!E12,'2008 SLNP Lion 12 month'!F12,'2008 SLNP Lion 12 month'!G12,'2008 SLNP Lion 12 month'!K12,'2008 SLNP Lion 12 month'!L12,'2008 SLNP Lion 12 month'!M12," 1;") -> /*ELI-126*/ 000100 1;
A12: =CONCATENATE("/*",'2008 SLNP Lion 12 month'!B13,"*/ ",'2008 SLNP Lion 12 month'!E13,'2008 SLNP Lion 12 month'!F13,'2008 SLNP Lion 12 month'!G13,'2008 SLNP Lion 12 month'!K13,'2008 SLNP Lion 12 month'!L13,'2008 SLNP Lion 12 month'!M13," 1;") -> /*ELI-127*/ 000100 1;
... A78: =CONCATENATE("/*",'2008 SLNP Lion 12 month'!B79,"*/ ",'2008 SLNP Lion 12 month'!E79,'2008 SLNP Lion 12 month'!F79,'2008 SLNP Lion 12 month'!G79,'2008 SLNP Lion 12 month'!K79,'2008 SLNP Lion 12 month'!L79,'2008 SLNP Lion 12 month'!M79," 1;") -> /*ELI-581*/ 000010 1;
