Workbook

Sheet 2011 SLNP Lion 12 month
A1: ch on 11nov16, when this file was created | B1: id | C1: jan | D1: feb | E1: mar | F1: apr | G1: may | H1: jun | I1: jul | J1: aug | K1: sep | L1: oct | M1: nov | N1: dec | O1: apr_nov_8month_ch
A2: /* ELI-126 */ 00000001 1; | B2: ELI-126 | E2: 0 | F2: 0 | G2: 0 | H2: 0 | I2: 0 | J2: 0 | K2: 0 | L2: 0 | M2: 1 | O2: =CONCATENATE("/*",B2,"*/ ",F2,G2,H2,I2,J2,K2,L2,M2," 1;") -> /*ELI-126*/ 00000001 1;
A3: /* ELI-152 */ 00110000 1; | B3: ELI-152 | E3: 0 | F3: 0 | G3: 0 | H3: 1 | I3: 1 | J3: 0 | K3: 0 | L3: 0 | M3: 0 | O3: =CONCATENATE("/*",B3,"*/ ",F3,G3,H3,I3,J3,K3,L3,M3," 1;") -> /*ELI-152*/ 00110000 1;
A4: /* ELI-154 */ 00001011 1; | B4: ELI-154 | E4: 0 | F4: 0 | G4: 0 | H4: 0 | I4: 0 | J4: 1 | K4: 0 | L4: 1 | M4: 1 | O4: =CONCATENATE("/*",B4,"*/ ",F4,G4,H4,I4,J4,K4,L4,M4," 1;") -> /*ELI-154*/ 00001011 1;
A5: /* ELI-155 */ 01110001 1; | B5: ELI-155 | E5: 0 | F5: 0 | G5: 1 | H5: 1 | I5: 1 | J5: 0 | K5: 0 | L5: 0 | M5: 1 | O5: =CONCATENATE("/*",B5,"*/ ",F5,G5,H5,I5,J5,K5,L5,M5," 1;") -> /*ELI-155*/ 01110001 1;
A6: /* ELI-158 */ 00110000 1; | B6: ELI-158 | E6: 0 | F6: 0 | G6: 0 | H6: 1 | I6: 1 | J6: 0 | K6: 0 | L6: 0 | M6: 0 | O6: =CONCATENATE("/*",B6,"*/ ",F6,G6,H6,I6,J6,K6,L6,M6," 1;") -> /*ELI-158*/ 00110000 1;
A7: /* ELI-159 */ 00101011 1; | B7: ELI-159 | E7: 0 | F7: 0 | G7: 0 | H7: 1 | I7: 0 | J7: 1 | K7: 0 | L7: 1 | M7: 1 | O7: =CONCATENATE("/*",B7,"*/ ",F7,G7,H7,I7,J7,K7,L7,M7," 1;") -> /*ELI-159*/ 00101011 1;
A8: /* ELI-161 */ 00110000 1; | B8: ELI-161 | E8: 0 | F8: 0 | G8: 0 | H8: 1 | I8: 1 | J8: 0 | K8: 0 | L8: 0 | M8: 0 | O8: =CONCATENATE("/*",B8,"*/ ",F8,G8,H8,I8,J8,K8,L8,M8," 1;") -> /*ELI-161*/ 00110000 1;
A9: /* ELI-162 */ 00100000 1; | B9: ELI-162 | E9: 0 | F9: 0 | G9: 0 | H9: 1 | I9: 0 | J9: 0 | K9: 0 | L9: 0 | M9: 0 | O9: =CONCATENATE("/*",B9,"*/ ",F9,G9,H9,I9,J9,K9,L9,M9," 1;") -> /*ELI-162*/ 00100000 1;
A10: /* ELI-163 */ 00100000 1; | B10: ELI-163 | E10: 0 | F10: 0 | G10: 0 | H10: 1 | I10: 0 | J10: 0 | K10: 0 | L10: 0 | M10: 0 | O10: =CONCATENATE("/*",B10,"*/ ",F10,G10,H10,I10,J10,K10,L10,M10," 1;") -> /*ELI-163*/ 00100000 1;
A11: /* ELI-167 */ 00010100 1; | B11: ELI-167 | E11: 0 | F11: 0 | G11: 0 | H11: 0 | I11: 1 | J11: 0 | K11: 1 | L11: 0 | M11: 0 | O11: =CONCATENATE("/*",B11,"*/ ",F11,G11,H11,I11,J11,K11,L11,M11," 1;") -> /*ELI-167*/ 00010100 1;
A12: /* ELI-168 */ 00010100 1; | B12: ELI-168 | E12: 0 | F12: 0 | G12: 0 | H12: 0 | I12: 1 | J12: 0 | K12: 1 | L12: 0 | M12: 0 | O12: =CONCATENATE("/*",B12,"*/ ",F12,G12,H12,I12,J12,K12,L12,M12," 1;") -> /*ELI-168*/ 00010100 1;
A13: /* ELI-172 */ 11110100 1; | B13: ELI-172 | E13: 1 | F13: 1 | G13: 1 | H13: 1 | I13: 1 | J13: 0 | K13: 1 | L13: 0 | M13: 0 | O13: =CONCATENATE("/*",B13,"*/ ",F13,G13,H13,I13,J13,K13,L13,M13," 1;") -> /*ELI-172*/ 11110100 1;
... A115: /* ELI-581 */ 11001111 1; | B115: ELI-581 | E115: 0 | F115: 1 | G115: 1 | H115: 0 | I115: 0 | J115: 1 | K115: 1 | L115: 1 | M115: 1 | O115: =CONCATENATE("/*",B115,"*/ ",F115,G115,H115,I115,J115,K115,L115,M115," 1;") -> /*ELI-581*/ 11001111 1;
B116: ELI-121 | E116: 1 | F116: 0 | G116: 0 | H116: 0 | I116: 0 | J116: 0 | K116: 0 | L116: 0 | M116: 0
B117: ELI-122 | E117: 1 | F117: 0 | G117: 0 | H117: 0 | I117: 0 | J117: 0 | K117: 0 | L117: 0 | M117: 0

Sheet 2011_slnp_lion_8month
A1: /*ELI-126*/ 00000001 1;
A2: /*ELI-152*/ 00110000 1;
A3: /*ELI-154*/ 00001011 1;
A4: /*ELI-155*/ 01110001 1;
A5: /*ELI-158*/ 00110000 1;
A6: /*ELI-159*/ 00101011 1;
A7: /*ELI-161*/ 00110000 1;
A8: /*ELI-162*/ 00100000 1;
A9: /*ELI-163*/ 00100000 1;
A10: /*ELI-167*/ 00010100 1;
A11: /*ELI-168*/ 00010100 1;
A12: /*ELI-172*/ 11110100 1;
... A114: /*ELI-581*/ 11001111 1;

Sheet 2011_slnp_lion_3monRD
A1: =CONCATENATE("/*",'2011 SLNP Lion 12 month'!B2,"*/ ",'2011 SLNP Lion 12 month'!E2,'2011 SLNP Lion 12 month'!F2,'2011 SLNP Lion 12 month'!G2,'2011 SLNP Lion 12 month'!K2,'2011 SLNP Lion 12 month'!L2,'2011 SLNP Lion 12 month'!M2," 1;") -> /*ELI-126*/ 000001 1;
A2: =CONCATENATE("/*",'2011 SLNP Lion 12 month'!B3,"*/ ",'2011 SLNP Lion 12 month'!E3,'2011 SLNP Lion 12 month'!F3,'2011 SLNP Lion 12 month'!G3,'2011 SLNP Lion 12 month'!K3,'2011 SLNP Lion 12 month'!L3,'2011 SLNP Lion 12 month'!M3," 1;") -> /*ELI-152*/ 000000 1;
A3: =CONCATENATE("/*",'2011 SLNP Lion 12 month'!B4,"*/ ",'2011 SLNP Lion 12 month'!E4,'2011 SLNP Lion 12 month'!F4,'2011 SLNP Lion 12 month'!G4,'2011 SLNP Lion 12 month'!K4,'2011 SLNP Lion 12 month'!L4,'2011 SLNP Lion 12 month'!M4," 1;") -> /*ELI-154*/ 000011 1;
A4: =CONCATENATE("/*",'2011 SLNP Lion 12 month'!B5,"*/ ",'2011 SLNP Lion 12 month'!E5,'2011 SLNP Lion 12 month'!F5,'2011 SLNP Lion 12 month'!G5,'2011 SLNP Lion 12 month'!K5,'2011 SLNP Lion 12 month'!L5,'2011 SLNP Lion 12 month'!M5," 1;") -> /*ELI-155*/ 001001 1;
A5: =CONCATENATE("/*",'2011 SLNP Lion 12 month'!B6,"*/ ",'2011 SLNP Lion 12 month'!E6,'2011 SLNP Lion 12 month'!F6,'2011 SLNP Lion 12 month'!G6,'2011 SLNP Lion 12 month'!K6,'2011 SLNP Lion 12 month'!L6,'2011 SLNP Lion 12 month'!M6," 1;") -> /*ELI-158*/ 000000 1;
A6: =CONCATENATE("/*",'2011 SLNP Lion 12 month'!B7,"*/ ",'2011 SLNP Lion 12 month'!E7,'2011 SLNP Lion 12 month'!F7,'2011 SLNP Lion 12 month'!G7,'2011 SLNP Lion 12 month'!K7,'2011 SLNP Lion 12 month'!L7,'2011 SLNP Lion 12 month'!M7," 1;") -> /*ELI-159*/ 000011 1;
A7: =CONCATENATE("/*",'2011 SLNP Lion 12 month'!B8,"*/ ",'2011 SLNP Lion 12 month'!E8,'2011 SLNP Lion 12 month'!F8,'2011 SLNP Lion 12 month'!G8,'2011 SLNP Lion 12 month'!K8,'2011 SLNP Lion 12 month'!L8,'2011 SLNP Lion 12 month'!M8," 1;") -> /*ELI-161*/ 000000 1;
A8: =CONCATENATE("/*",'2011 SLNP Lion 12 month'!B9,"*/ ",'2011 SLNP Lion 12 month'!E9,'2011 SLNP Lion 12 month'!F9,'2011 SLNP Lion 12 month'!G9,'2011 SLNP Lion 12 month'!K9,'2011 SLNP Lion 12 month'!L9,'2011 SLNP Lion 12 month'!M9," 1;") -> /*ELI-162*/ 000000 1;
A9: =CONCATENATE("/*",'2011 SLNP Lion 12 month'!B10,"*/ ",'2011 SLNP Lion 12 month'!E10,'2011 SLNP Lion 12 month'!F10,'2011 SLNP Lion 12 month'!G10,'2011 SLNP Lion 12 month'!K10,'2011 SLNP Lion 12 month'!L10,'2011 SLNP Lion 12 month'!M10," 1;") -> /*ELI-163*/ 000000 1;
A10: =CONCATENATE("/*",'2011 SLNP Lion 12 month'!B11,"*/ ",'2011 SLNP Lion 12 month'!E11,'2011 SLNP Lion 12 month'!F11,'2011 SLNP Lion 12 month'!G11,'2011 SLNP Lion 12 month'!K11,'2011 SLNP Lion 12 month'!L11,'2011 SLNP Lion 12 month'!M11," 1;") -> /*ELI-167*/ 000100 1;
A11: =CONCATENATE("/*",'2011 SLNP Lion 12 month'!B12,"*/ ",'2011 SLNP Lion 12 month'!E12,'2011 SLNP Lion 12 month'!F12,'2011 SLNP Lion 12 month'!G12,'2011 SLNP Lion 12 month'!K12,'2011 SLNP Lion 12 month'!L12,'2011 SLNP Lion 12 month'!M12," 1;") -> /*ELI-168*/ 000100 1;
A12: =CONCATENATE("/*",'2011 SLNP Lion 12 month'!B13,"*/ ",'2011 SLNP Lion 12 month'!E13,'2011 SLNP Lion 12 month'!F13,'2011 SLNP Lion 12 month'!G13,'2011 SLNP Lion 12 month'!K13,'2011 SLNP Lion 12 month'!L13,'2011 SLNP Lion 12 month'!M13," 1;") -> /*ELI-172*/ 111100 1;
... A116: =CONCATENATE("/*",'2011 SLNP Lion 12 month'!B117,"*/ ",'2011 SLNP Lion 12 month'!E117,'2011 SLNP Lion 12 month'!F117,'2011 SLNP Lion 12 month'!G117,'2011 SLNP Lion 12 month'!K117,'2011 SLNP Lion 12 month'!L117,'2011 SLNP Lion 12 month'!M117," 1;") -> /*ELI-122*/ 100000 1;
