Workbook

Sheet BCC
C1: Jan | D1: Feb | E1: Mar | F1: Apr | G1: May | H1: Jun | I1: Jul | J1: Aug | K1: Sept | L1: Oct | M1: Nov | N1: Dec
A2: Group | B2: ID
A3: Big F09 | B3: ELI-581 | C3: 0 | D3: 0 | E3: 0 | F3: 0 | G3: 0 | H3: 0 | I3: 0 | J3: 0 | K3: 0 | L3: 0 | M3: 0 | N3: 0
A4: Big Pride 2013 Cub 1 | B4: ELI-583 | C4: 0 | D4: 0 | E4: 0 | F4: 0 | G4: 0 | H4: 0 | I4: 1 | J4: 1 | K4: 1 | L4: 1 | M4: 1 | N4: 1
A5: Big Pride 2013 Cub 2 | B5: ELI-584 | C5: 0 | D5: 0 | E5: 0 | F5: 0 | G5: 0 | H5: 0 | I5: 1 | J5: 1 | K5: 1 | L5: 1 | M5: 1 | N5: 1
A6: Big Pride 2013 Cub 3 | B6: ELI-585 | C6: 0 | D6: 0 | E6: 0 | F6: 0 | G6: 0 | H6: 0 | I6: 1 | J6: 1 | K6: 1 | L6: 1 | M6: 1 | N6: 1
A7: Big Pride 2013 Cub 4 | B7: ELI-586 | C7: 0 | D7: 0 | E7: 0 | F7: 0 | G7: 0 | H7: 0 | I7: 1 | J7: 1 | K7: 1 | L7: 1 | M7: 1 | N7: 1
A8: Big Pride 2013 Cub 5 | B8: ELI-587 | C8: 0 | E8: 0 | F8: 0 | G8: 0 | H8: 0 | I8: 1 | J8: 1 | K8: 1 | L8: 1 | M8: 1 | N8: 1
A9: Big Pride 2013 Cub 6 | B9: ELI-590 | C9: 0 | D9: 0 | E9: 0 | F9: 1 | G9: 0 | H9: 0 | I9: 1 | J9: 1 | K9: 1 | L9: 1 | M9: 1 | N9: 1
A10: Big Pride 2013 Cub 7 | B10: ELI-591 | C10: 0 | D10: 0 | E10: 0 | F10: 1 | G10: 0 | H10: 0 | I10: 1 | J10: 1 | K10: 1 | L10: 1 | M10: 1 | N10: 1
A11: Big Pride 2013 Cub 8 | B11: ELI-592 | C11: 0 | D11: 0 | E11: 0 | F11: 1 | G11: 0 | H11: 0 | I11: 1 | J11: 1 | K11: 1 | L11: 1 | M11: 1 | N11: 1
A12: Big Pride 2013 Cub 9 | B12: ELI-593 | C12: 0 | D12: 0 | E12: 0 | F12: 0 | G12: 0 | H12: 0 | I12: 0 | J12: 1 | K12: 1 | L12: 1 | M12: 1 | N12: 1
A13: Big Pride 2013 Cub 10 | B13: ELI-594 | C13: 0 | D13: 0 | E13: 0 | F13: 0 | G13: 0 | H13: 0 | I13: 1 | J13: 1 | K13: 1 | L13: 1 | M13: 0 | N13: 1
A14: Big Pride 2013 Cub 11 | B14: ELI-595 | C14: 0 | D14: 0 | E14: 0 | F14: 0 | G14: 0 | H14: 0 | I14: 0 | J14: 0 | K14: 0 | L14: 1 | M14: 0 | N14: 1
A15: Big Pride F01 | B15: ELI-243 | C15: 0 | D15: 0 | E15: 0 | F15: 1 | G15: 0 | H15: 1 | I15: 1 | J15: 1 | K15: 1 | L15: 1 | M15: 1 | N15: 1
A16: Big Pride F02 | B16: ELI-242 | C16: 0 | D16: 0 | E16: 0 | F16: 0 | G16: 0 | H16: 1 | I16: 1 | J16: 1 | K16: 1 | L16: 1 | M16: 1 | N16: 1
A17: Big Pride | B17: ELI-226 | C17: 0 | D17: 0 | E17: 0 | F17: 0 | G17: 0 | H17: 0 | I17: 1 | J17: 0 | K17: 0 | L17: 0 | M17: 0 | N17: 0
A18: Big Pride F03 | B18: ELI-225 | C18: 0 | D18: 0 | E18: 0 | F18: 0 | G18: 0 | H18: 0 | I18: 0 | J18: 0 | K18: 0 | L18: 0 | M18: 0 | N18: 0
A19: Big Pride F04 | B19: ELI-224 | C19: 0 | D19: 0 | E19: 0 | F19: 0 | G19: 0 | H19: 1 | I19: 0 | J19: 1 | K19: 1 | M19: 1 | N19: 0
A20: Big Pride F05 | B20: ELI-245 | C20: 0 | D20: 0 | E20: 0 | F20: 0 | G20: 0 | H20: 1 | I20: 1 | J20: 1 | K20: 1 | L20: 1 | M20: 1 | N20: 1
A21: Big Pride F06 | B21: ELI-223 | C21: 0 | D21: 0 | E21: 0 | F21: 0 | G21: 0 | H21: 1 | I21: 1 | J21: 1 | K21: 1 | L21: 1 | M21: 1 | N21: 1
A22: Big Pride F07 | B22: ELI-220 | C22: 0 | D22: 0 | E22: 0 | F22: 0 | G22: 0 | H22: 1 | I22: 0 | J22: 1 | K22: 1 | L22: 1 | M22: 1 | N22: 1
A23: Big Pride F08 | B23: ELI-218 | C23: 0 | D23: 0 | E23: 0 | F23: 0 | G23: 0 | H23: 1 | I23: 1 | J23: 1 | K23: 1 | L23: 1 | M23: 1 | N23: 1
A24: Big Pride F09 | B24: ELI-143 | C24: 0 | D24: 0 | E24: 0 | F24: 0 | G24: 0 | H24: 1 | I24: 0 | J24: 0 | K24: 0 | L24: 0 | M24: 0 | N24: 0
A25: Big Pride F10 | B25: ELI-219 | C25: 0 | D25: 0 | E25: 0 | F25: 0 | G25: 0 | H25: 1 | I25: 1 | J25: 1 | K25: 1 | L25: 1 | M25: 1 | N25: 1
A26: Big Pride F12 | B26: ELI-496 | C26: 0 | D26: 0 | E26: 0 | F26: 0 | G26: 0 | H26: 0 | I26: 0 | J26: 0 | K26: 0 | L26: 0 | M26: 0 | N26: 0
A27: Big Pride M01 | B27: ELI-227 | C27: 0 | D27: 0 | E27: 0 | F27: 0 | G27: 0 | H27: 0 | I27: 0 | J27: 0 | K27: 0 | L27: 0 | M27: 0 | N27: 0
A28: Big Pride M02 | B28: ELI-221 | C28: 0 | D28: 0 | E28: 0 | F28: 0 | G28: 0 | H28: 0 | I28: 0 | J28: 0 | K28: 0 | L28: 0 | M28: 0 | N28: 0
A29: Big Pride M03 | B29: ELI-222 | C29: 0 | D29: 0 | E29: 0 | F29: 0 | G29: 0 | H29: 0 | I29: 0 | J29: 0 | K29: 0 | L29: 0 | M29: 0 | N29: 0
C31: Jan | D31: Feb | E31: Mar | F31: Apr | G31: May | H31: Jun | I31: Jul | J31: Aug | K31: Sept | L31: Oct | M31: Nov | N31: Dec
A32: Group | B32: ID
A33: Chowo F01 | B33: ELI-414 | C33: 0 | D33: 0 | E33: 0 | F33: 0 | G33: 1 | H33: 1 | I33: 0 | J33: 0 | K33: 1 | L33: 0 | M33: 0 | N33: 0
A34: Chowo F02 | B34: ELI-415 | C34: 0 | D34: 0 | E34: 0 | F34: 0 | G34: 0 | H34: 0 | I34: 0 | J34: 0 | K34: 0 | L34: 0 | M34: 0 | N34: 0
A35: Chowo F03 | B35: ELI-436 | C35: 0 | D35: 0 | E35: 0 | F35: 0 | G35: 0 | H35: 0 | I35: 0 | J35: 0 | K35: 0 | L35: 0 | M35: 0 | N35: 0
A36: Chowo F04 | B36: ELI-413 | C36: 0 | D36: 0 | E36: 0 | F36: 0 | G36: 0 | H36: 0 | I36: 0 | J36: 0 | K36: 0 | L36: 0 | M36: 0 | N36: 0
A37: Chowo F05 | B37: ELI-493 | C37: 0 | D37: 0 | E37: 0 | F37: 0 | G37: 1 | H37: 1 | I37: 0 | J37: 0 | K37: 1 | L37: 0 | M37: 0 | N37: 0
A38: Chowo F06 | B38: ELI-494 | C38: 0 | D38: 0 | E38: 0 | F38: 0 | G38: 0 | H38: 1 | I38: 0 | J38: 0 | K38: 1 | L38: 0 | M38: 0 | N38: 0
A39: Chowo | B39: ELI-495 | C39: 0 | D39: 0 | E39: 0 | F39: 0 | G39: 1 | H39: 0 | I39: 0 | J39: 0 | K39: 0 | L39: 0 | M39: 0 | N39: 0
A40: Chowo | B40: ELI-598 | C40: 0 | D40: 0 | E40: 0 | F40: 0 | G40: 0 | H40: 1 | I40: 0 | J40: 0 | K40: 1 | L40: 0 | M40: 0 | N40: 0
A41: Chowo | B41: ELI-599 | C41: 0 | D41: 0 | E41: 0 | F41: 0 | G41: 0 | H41: 1 | I41: 0 | J41: 0 | K41: 1 | L41: 1 | M41: 0 | N41: 0
A42: Chowo U01 | B42: ELI-523 | C42: 0 | D42: 0 | E42: 0 | F42: 0 | G42: 0 | H42: 1 | I42: 0 | J42: 0 | K42: 1 | L42: 0 | M42: 0 | N42: 0
A43: Chowo U02 | B43: ELI-524 | C43: 0 | D43: 0 | E43: 0 | F43: 0 | G43: 0 | H43: 1 | I43: 0 | J43: 0 | K43: 1 | L43: 0 | M43: 0 | N43: 0
A44: Chowo U03 | B44: ELI-525 | C44: 0 | D44: 0 | E44: 0 | F44: 0 | G44: 0 | H44: 0 | I44: 0 | J44: 0 | K44: 0 | L44: 0 | M44: 0 | N44: 0
C47: Jan | D47: Feb | E47: Mar | F47: Apr | G47: May | H47: Jun | I47: Jul | J47: Aug | K47: Sept | L47: Oct | M47: Nov | N47: Dec
A48: Group | B48: ID
A49: Chichele F02 | B49: ELI-236 | C49: 0 | D49: 0 | E49: 0 | F49: 1 | G49: 1 | H49: 1 | I49: 1 | J49: 0 | K49: 1 | L49: 0 | M49: 0 | N49: 1
A50: Chichele F03 | B50: ELI-235 | C50: 0 | D50: 0 | E50: 0 | F50: 1 | G50: 1 | H50: 1 | I50: 1 | J50: 0 | K50: 1 | L50: 1 | M50: 0 | N50: 1
A51: Chichele F04 | B51: ELI-554 | C51: 0 | D51: 0 | E51: 0 | F51: 1 | G51: 1 | H51: 1 | I51: 1 | J51: 0 | K51: 0 | L51: 0 | M51: 0 | N51: 0
A52: Chichele F05 | B52: ELI-555 | C52: 0 | D52: 0 | E52: 0 | F52: 1 | G52: 1 | H52: 1 | I52: 1 | J52: 0 | K52: 0 | L52: 0 | M52: 0 | N52: 0
A53: Chichele M02 | B53: ELI-238 | C53: 0 | D53: 0 | E53: 0 | F53: 0 | G53: 0 | H53: 0 | I53: 0 | J53: 0 | K53: 0 | L53: 0 | M53: 0 | N53: 0
A54: Chichele M03 | B54: ELI-556 | C54: 0 | D54: 0 | E54: 0 | F54: 1 | G54: 1 | H54: 1 | I54: 1 | J54: 0 | K54: 0 | L54: 0 | M54: 0 | N54: 0

Sheet NHK
C1: Jan | D1: Feb | E1: Mar | F1: Apr | G1: May | H1: Jun | I1: Jul | J1: Aug | K1: Sept | L1: Oct | M1: Nov | N1: Dec
A2: Group | B2: ID
A3: Nsefu F01 | B3: ELI-173 | C3: 0 | D3: 0 | E3: 0 | F3: 0 | G3: 1 | H3: 1 | I3: 0 | J3: 0 | K3: 1 | L3: 1 | M3: 0 | N3: 0
A4: Nsefu F02 | B4: ELI-174 | C4: 0 | D4: 0 | E4: 0 | F4: 0 | G4: 1 | H4: 1 | I4: 1 | J4: 0 | K4: 1 | L4: 0 | M4: 1 | N4: 0
A5: Nsefu F03 | B5: ELI-247 | C5: 0 | D5: 0 | E5: 0 | F5: 0 | G5: 1 | H5: 1 | I5: 0 | J5: 0 | K5: 1 | L5: 1 | M5: 1 | N5: 0
A6: Nsefu F04 | B6: ELI-248 | C6: 0 | D6: 0 | E6: 0 | F6: 0 | G6: 1 | H6: 1 | I6: 1 | J6: 1 | K6: 1 | L6: 1 | M6: 1 | N6: 0
A7: Nsefu F05 | B7: ELI-249 | C7: 0 | D7: 0 | E7: 0 | F7: 0 | G7: 0 | H7: 1 | I7: 0 | J7: 0 | K7: 0 | L7: 0 | M7: 0 | N7: 0
A8: Nsefu F06 | B8: ELI-250 | C8: 0 | D8: 0 | E8: 0 | F8: 0 | G8: 1 | H8: 1 | I8: 0 | J8: 1 | K8: 1 | L8: 1 | M8: 1 | N8: 0
A9: Nsefu F07 | B9: ELI-462 | C9: 0 | D9: 0 | E9: 0 | F9: 0 | G9: 1 | H9: 0 | I9: 0 | J9: 1 | K9: 0 | L9: 1 | M9: 1 | N9: 0
A10: Nsefu F11 | B10: ELI-378 | C10: 0 | D10: 0 | E10: 0 | F10: 0 | G10: 0 | H10: 1 | I10: 1 | J10: 1 | K10: 1 | L10: 0 | M10: 0 | N10: 0
A11: Nsefu F12 | B11: ELI-463 | C11: 0 | D11: 0 | E11: 0 | F11: 0 | G11: 0 | H11: 1 | I11: 0 | J11: 1 | K11: 1 | L11: 1 | M11: 1 | N11: 0
A12: Nsefu F13 | B12: ELI-515 | C12: 0 | D12: 0 | E12: 0 | F12: 0 | G12: 1 | H12: 0 | I12: 0 | J12: 0 | K12: 0 | L12: 0 | M12: 0 | N12: 0
A13: Nsefu M02 | B13: ELI-373 | C13: 0 | D13: 0 | E13: 0 | F13: 0 | G13: 0 | H13: 1 | I13: 0 | J13: 0 | K13: 1 | L13: 1 | M13: 1 | N13: 0
A14: Nsefu M03 | B14: ELI-375 | C14: 0 | D14: 0 | E14: 0 | F14: 0 | G14: 0 | H14: 1 | I14: 0 | J14: 0 | K14: 1 | L14: 1 | M14: 0 | N14: 0
... A24: Nsefu | B24: ELI-601 | C24: 0 | D24: 0 | E24: 0 | F24: 0 | G24: 0 | H24: 0 | I24: 0 | J24: 0 | K24: 0 | L24: 1 | M24: 1 | N24: 0
C27: Jan | D27: Feb | E27: Mar | F27: Apr | G27: May | H27: Jun | I27: Jul | J27: Aug | K27: Sept | L27: Oct | M27: Nov | N27: Dec
A28: Group | B28: ID
A29: Hot Springs F01 | B29: ELI-258 | C29: 0 | D29: 0 | E29: 0 | F29: 0 | G29: 0 | H29: 0 | I29: 1 | J29: 0 | K29: 1 | L29: 0 | M29: 0 | N29: 0
A30: Hot Springs Cub 1 | B30: ELI-608 | E30: 0 | F30: 0 | G30: 0 | H30: 0 | I30: 0 | J30: 0 | K30: 1 | L30: 0 | M30: 0 | N30: 0
A31: Hot Springs Cub 2 | B31: ELI-609 | E31: 0 | F31: 0 | G31: 0 | H31: 0 | I31: 0 | J31: 0 | K31: 1 | L31: 0 | M31: 0 | N31: 0
A32: Hot Springs Cub 3 | B32: ELI-611 | E32: 0 | F32: 0 | G32: 0 | H32: 0 | I32: 0 | J32: 0 | K32: 1 | L32: 0 | M32: 0 | N32: 0
A33: Hot Springs F02 | B33: ELI-256 | C33: 0 | D33: 0 | E33: 0 | F33: 0 | G33: 0 | H33: 0 | I33: 0 | J33: 0 | K33: 0 | L33: 0 | M33: 0 | N33: 0
A34: Hot Springs F03 | B34: ELI-466 | C34: 0 | D34: 0 | E34: 0 | F34: 0 | G34: 0 | H34: 0 | I34: 0 | J34: 0 | K34: 0 | L34: 0 | M34: 0 | N34: 0
A35: Hot Springs M01 | B35: ELI-379 | C35: 0 | D35: 0 | E35: 0 | F35: 0 | G35: 0 | H35: 0 | I35: 1 | J35: 0 | K35: 1 | L35: 0 | M35: 0 | N35: 0
C37: Jan | D37: Feb | E37: Mar | F37: Apr | G37: May | H37: Jun | I37: Jul | J37: Aug | K37: Sept | L37: Oct | M37: Nov | N37: Dec
A38: Group | B38: ID
A39: Kapamba F01 | B39: ELI-203 | C39: 0 | D39: 0 | E39: 0 | F39: 0 | G39: 0 | H39: 0 | I39: 0 | J39: 0 | K39: 0 | L39: 0 | M39: 0 | N39: 0
A40: Kapamba F02 | B40: ELI-204 | C40: 0 | D40: 0 | E40: 0 | F40: 0 | G40: 0 | H40: 0 | I40: 0 | J40: 0 | K40: 0 | L40: 0 | M40: 0 | N40: 0
A41: Kapamba F09 | B41: ELI-532 | C41: 0 | D41: 0 | E41: 0 | F41: 0 | G41: 0 | H41: 0 | I41: 0 | J41: 0 | K41: 0 | L41: 0 | M41: 0 | N41: 0
A42: Kapamba M03 | B42: ELI-534 | C42: 0 | D42: 0 | E42: 0 | F42: 0 | G42: 0 | H42: 0 | I42: 0 | J42: 0 | K42: 0 | L42: 0 | M42: 0 | N42: 0
A43: Kapamba M04 | B43: ELI-533 | C43: 0 | D43: 0 | E43: 0 | F43: 0 | G43: 0 | H43: 0 | I43: 0 | J43: 0 | K43: 0 | L43: 0 | M43: 0 | N43: 0
A44: Kapamba M05 | B44: ELI-535 | C44: 0 | D44: 0 | E44: 0 | F44: 0 | G44: 0 | H44: 0 | I44: 0 | J44: 0 | K44: 0 | L44: 0 | M44: 0 | N44: 0
A45: Kapamba M06 | B45: ELI-536 | C45: 0 | D45: 0 | E45: 0 | F45: 0 | G45: 0 | H45: 0 | I45: 0 | J45: 0 | K45: 0 | L45: 0 | M45: 0 | N45: 0
A46: New Kapamba F03 | B46: ELI-480 | C46: 0 | D46: 0 | E46: 0 | F46: 0 | G46: 0 | H46: 0 | I46: 0 | J46: 0 | K46: 0 | L46: 0 | M46: 0 | N46: 0

Sheet CH
C1: Jan | D1: Feb | E1: Mar | F1: Apr | G1: May | H1: Jun | I1: Jul | J1: Aug | K1: Sept | L1: Oct | M1: Nov | N1: Dec
A2: Group | B2: ID
A3: 2011 Cub U01 | B3: ELI-438 | C3: 0 | D3: 0 | E3: 0 | F3: 0 | G3: 0 | I3: 1 | J3: 0 | K3: 0 | L3: 0 | M3: 0 | N3: 0
A4: 2011 Cub U02 | B4: ELI-441 | C4: 0 | D4: 0 | E4: 0 | F4: 0 | G4: 0 | H4: 0 | I4: 0 | J4: 0 | K4: 0 | L4: 0 | M4: 0 | N4: 0
A5: 2011 Cub U03 | B5: ELI-442 | C5: 0 | D5: 0 | E5: 0 | F5: 0 | G5: 0 | H5: 0 | I5: 0 | J5: 0 | K5: 0 | L5: 0 | M5: 0 | N5: 0
A6: 2011 Cub U04 | B6: ELI-443 | C6: 0 | D6: 0 | E6: 0 | F6: 0 | G6: 0 | H6: 0 | I6: 0 | J6: 0 | K6: 0 | L6: 0 | M6: 0 | N6: 0
A7: Chamilandu F01 | B7: ELI-192 | C7: 0 | D7: 0 | E7: 0 | F7: 0 | G7: 0 | H7: 0 | I7: 0 | J7: 0 | K7: 0 | L7: 0 | M7: 0 | N7: 0
A8: Chamilandu F02 | B8: ELI-193 | C8: 0 | D8: 0 | E8: 0 | F8: 0 | G8: 0 | H8: 0 | I8: 0 | J8: 0 | K8: 0 | L8: 0 | M8: 0 | N8: 0
A9: Chamilandu F03 | B9: ELI-194 | C9: 0 | D9: 0 | E9: 0 | F9: 0 | G9: 0 | H9: 0 | I9: 0 | J9: 0 | K9: 0 | L9: 0 | M9: 0 | N9: 0
A10: Chamilandu F05 | B10: ELI-228 | C10: 0 | D10: 0 | E10: 0 | F10: 0 | G10: 0 | H10: 0 | I10: 0 | J10: 0 | K10: 0 | L10: 0 | M10: 0 | N10: 0
A11: Chamilandu F06 | B11: ELI-398 | C11: 0 | D11: 0 | E11: 0 | F11: 0 | G11: 0 | H11: 0 | I11: 1 | J11: 0 | K11: 0 | L11: 0 | M11: 0 | N11: 0
A12: Chamilandu F07 | B12: ELI-405 | O12: duplicate of 444
A13: Chamilandu F08 | B13: ELI-444 | C13: 0 | D13: 0 | E13: 0 | F13: 0 | G13: 0 | H13: 0 | I13: 1 | J13: 0 | K13: 0 | L13: 0 | M13: 0 | N13: 0
A14: Chamilandu F09 | B14: ELI-439 | C14: 0 | D14: 0 | E14: 0 | F14: 0 | G14: 0 | H14: 0 | I14: 0 | J14: 0 | K14: 0 | L14: 0 | M14: 0 | N14: 0
A15: Chamilandu F10 | B15: ELI-440 | C15: 0 | D15: 0 | E15: 0 | F15: 0 | G15: 0 | H15: 0 | I15: 1 | J15: 0 | K15: 0 | L15: 0 | M15: 0 | N15: 0
A16: Chamilandu F11 | B16: ELI-437 | C16: 0 | D16: 0 | E16: 0 | F16: 0 | G16: 0 | H16: 0 | I16: 0 | J16: 0 | K16: 0 | L16: 0 | M16: 0 | N16: 0
A17: Chamilandu M03 | B17: ELI-404 | C17: 0 | D17: 0 | E17: 0 | F17: 0 | G17: 0 | H17: 0 | I17: 0 | J17: 0 | K17: 0 | L17: 0 | M17: 0 | N17: 0
A18: Chamilandu Male Cub 01 | B18: ELI-196 | C18: 0 | D18: 0 | E18: 0 | F18: 0 | G18: 0 | H18: 0 | I18: 0 | J18: 0 | K18: 0 | L18: 0 | M18: 0 | N18: 0
C19: 0 | D19: 0 | E19: 0 | F19: 0 | G19: 0 | H19: 0 | I19: 0 | J19: 0 | K19: 0 | L19: 0 | M19: 0 | N19: 0
C22: Jan | D22: Feb | E22: Mar | F22: April | G22: May | H22: Jun | I22: Jul | J22: Aug | K22: Sept | L22: Oct | M22: Nov | N22: Dec
A23: Group | B23: ID
A24: Hollywood M01 | B24: ELI-233 | C24: 0 | D24: 0 | E24: 0 | F24: 0 | G24: 1 | H24: 0 | I24: 0 | J24: 0 | K24: 0 | L24: 0 | M24: 0 | N24: 0
A25: Hollywood Cub 01 '10 | B25: ELI-400 | C25: 0 | D25: 0 | E25: 0 | F25: 0 | G25: 0 | H25: 0 | I25: 0 | J25: 0 | K25: 0 | L25: 0 | M25: 0 | N25: 0
A26: Hollywood Cub 02 '10 | B26: ELI-401 | C26: 0 | D26: 0 | E26: 0 | F26: 0 | G26: 0 | H26: 0 | I26: 0 | J26: 0 | K26: 0 | L26: 0 | M26: 0 | N26: 0
A27: Hollywood F01 | B27: ELI-197 | C27: 0 | D27: 0 | E27: 0 | F27: 0 | G27: 1 | H27: 0 | I27: 0 | J27: 0 | K27: 1 | L27: 1 | M27: 0 | N27: 0
A28: Hollywood F02 | B28: ELI-198 | C28: 0 | D28: 0 | E28: 0 | F28: 0 | G28: 0 | H28: 0 | I28: 0 | J28: 0 | K28: 1 | L28: 1 | M28: 0 | N28: 0
A29: Hollywood F03 | B29: ELI-230 | C29: 0 | D29: 0 | E29: 0 | F29: 0 | G29: 0 | H29: 0 | I29: 0 | J29: 0 | K29: 1 | L29: 1 | M29: 0 | N29: 0
A30: Hollywood F04 | B30: ELI-231 | C30: 0 | D30: 0 | E30: 0 | F30: 0 | G30: 0 | H30: 0 | I30: 0 | J30: 0 | K30: 1 | L30: 1 | M30: 0 | N30: 0
A31: Hollywood F05 | B31: ELI-232 | C31: 0 | D31: 0 | E31: 0 | F31: 0 | G31: 1 | H31: 0 | I31: 0 | J31: 0 | K31: 0 | L31: 0 | M31: 0 | N31: 0
A32: Hollywood F06 | B32: ELI-424 | C32: 0 | D32: 0 | E32: 0 | F32: 0 | G32: 1 | H32: 0 | I32: 0 | J32: 0 | K32: 0 | L32: 1 | M32: 0 | N32: 0
A33: Hollywood F07 | B33: ELI-425 | C33: 0 | D33: 0 | E33: 0 | F33: 0 | G33: 0 | H33: 0 | I33: 0 | J33: 0 | K33: 1 | L33: 1 | M33: 0 | N33: 0
A34: Hollywood 2013Cub1 | B34: ELI-612 | C34: 0 | D34: 0 | E34: 0 | F34: 0 | G34: 0 | H34: 0 | I34: 0 | J34: 0 | K34: 1 | L34: 1 | M34: 0 | N34: 0
A35: Hollywood 2013Cub2 | B35: ELI-613 | C35: 0 | D35: 0 | E35: 0 | F35: 0 | G35: 0 | H35: 0 | I35: 0 | J35: 0 | K35: 1 | L35: 1 | M35: 0 | N35: 0
... A39: Hollywood 2013Cub6 | B39: ELI-618 | C39: 0 | D39: 0 | E39: 0 | F39: 0 | G39: 0 | H39: 0 | I39: 0 | J39: 0 | K39: 1 | L39: 1 | M39: 0 | N39: 0

Sheet LM
C1: Jan | D1: Feb | E1: Mar | F1: Apr | G1: May | H1: Jun | I1: Jul | J1: Aug | K1: Sept | L1: Oct | M1: Nov | N1: Dec
A2: Group | B2: ID
A3: Luwi F01 | B3: ELI-152 | C3: 0 | D3: 0 | E3: 0 | F3: 0 | G3: 0 | H3: 0 | I3: 0 | J3: 0 | K3: 0 | L3: 0 | M3: 0 | N3: 0
A4: Luwi F03 | B4: ELI-154 | C4: 0 | D4: 0 | E4: 0 | F4: 0 | G4: 1 | H4: 0 | I4: 0 | J4: 0 | K4: 0 | L4: 0 | M4: 1 | N4: 0
A5: Luwi F04 | B5: ELI-155 | C5: 0 | D5: 0 | E5: 0 | F5: 0 | G5: 1 | H5: 0 | I5: 0 | J5: 1 | K5: 0 | L5: 1 | M5: 1 | N5: 0
A6: Luwi F08 | B6: ELI-160 | C6: 0 | D6: 0 | E6: 0 | F6: 0 | G6: 0 | H6: 0 | I6: 0 | J6: 0 | K6: 0 | L6: 0 | M6: 0 | N6: 0
A7: Luwi F09 | B7: ELI-241 | C7: 0 | D7: 0 | E7: 0 | F7: 0 | G7: 0 | H7: 0 | I7: 0 | J7: 0 | K7: 0 | L7: 0 | M7: 0 | N7: 0
A8: Luwi F10 | B8: ELI-369 | C8: 0 | D8: 0 | E8: 0 | F8: 0 | G8: 1 | H8: 0 | I8: 0 | J8: 0 | K8: 0 | L8: 1 | M8: 1 | N8: 0
A9: Luwi M05 | B9: ELI-370 | C9: 0 | D9: 0 | E9: 0 | F9: 0 | G9: 1 | H9: 0 | I9: 0 | J9: 0 | K9: 0 | L9: 1 | M9: 1 | N9: 0
A10: Manky Ear | B10: ELI-159 | C10: 0 | D10: 0 | E10: 0 | F10: 0 | G10: 1 | H10: 0 | I10: 0 | J10: 0 | K10: 0 | L10: 1 | M10: 1 | N10: 0
A11: Luwi M01 | B11: ELI-158 | C11: 0 | D11: 0 | E11: 0 | F11: 0 | G11: 0 | H11: 0 | I11: 0 | J11: 0 | K11: 0 | L11: 0 | M11: 0 | N11: 0
A12: Luwi M02 | B12: ELI-161 | C12: 0 | D12: 0 | E12: 0 | F12: 0 | G12: 0 | H12: 0 | I12: 0 | J12: 0 | K12: 0 | L12: 0 | M12: 0 | N12: 0
A13: Ginger | B13: ELI-162 | C13: 0 | D13: 0 | E13: 0 | F13: 0 | G13: 0 | H13: 0 | I13: 0 | J13: 0 | K13: 0 | L13: 0 | M13: 0 | N13: 0
A14: Luwi M04 | B14: ELI-163 | C14: 0 | D14: 0 | E14: 0 | F14: 0 | G14: 0 | H14: 0 | I14: 0 | J14: 0 | K14: 0 | L14: 0 | M14: 0 | N14: 0
C17: Jan | D17: Feb | E17: Mar | F17: Apr | G17: May | H17: Jun | I17: Jul | J17: Aug | K17: Sept | L17: Oct | M17: Nov | N17: Dec
A18: Group | B18: ID
A19: Mwamba I F01 | B19: ELI-124 | C19: 0 | D19: 0 | E19: 0 | F19: 0 | G19: 0 | H19: 0 | I19: 0 | J19: 1 | K19: 0 | L19: 0 | M19: 1 | N19: 1
A20: Mwamba I F02 | B20: ELI-125 | C20: 0 | D20: 0 | E20: 0 | F20: 0 | G20: 0 | H20: 0 | I20: 0 | J20: 1 | K20: 0 | L20: 0 | M20: 1 | N20: 1
A21: Mwamba I F03 | B21: ELI-246 | C21: 0 | D21: 0 | E21: 0 | F21: 0 | G21: 0 | H21: 0 | I21: 0 | J21: 0 | K21: 0 | L21: 0 | M21: 0 | N21: 0
A22: Mwamba I F04 | B22: ELI-126 | C22: 0 | D22: 0 | E22: 0 | F22: 0 | G22: 0 | H22: 0 | I22: 0 | J22: 1 | K22: 0 | L22: 0 | M22: 1 | N22: 1
A23: Mwamba I F05 | B23: ELI-127 | C23: 0 | D23: 0 | E23: 0 | F23: 0 | G23: 0 | H23: 0 | I23: 0 | J23: 1 | K23: 0 | L23: 0 | M23: 1 | N23: 1
A24: Mwamba I M03 | B24: ELI-130 | C24: 0 | D24: 0 | E24: 0 | F24: 0 | G24: 1 | H24: 0 | I24: 0 | J24: 0 | K24: 0 | L24: 0 | M24: 0 | N24: 0
A25: Mwamba I | B25: ELI-469 | C25: 0 | D25: 0 | E25: 0 | F25: 0 | G25: 0 | H25: 0 | I25: 0 | J25: 1 | K25: 0 | L25: 0 | M25: 1 | N25: 1
A26: Mwamba I | B26: ELI-657 | C26: 0 | D26: 0 | E26: 0 | F26: 0 | G26: 0 | H26: 0 | I26: 0 | J26: 1 | K26: 1 | L26: 0 | M26: 1 | N26: 1
A27: Mwamba I | B27: ELI-658 | C27: 0 | D27: 0 | E27: 0 | F27: 0 | G27: 0 | H27: 0 | I27: 0 | J27: 0 | K27: 0 | L27: 0 | M27: 1 | N27: 1
A28: Mwamba I | B28: ELI-659 | C28: 0 | D28: 0 | E28: 0 | F28: 0 | G28: 0 | H28: 0 | I28: 0 | J28: 1 | K28: 0 | L28: 0 | M28: 1 | N28: 1
A29: Mwamba I | B29: ELI-660 | C29: 0 | D29: 0 | E29: 0 | F29: 0 | G29: 0 | H29: 0 | I29: 0 | J29: 1 | K29: 0 | L29: 0 | M29: 1 | N29: 1
A30: Mwamba I | B30: ELI-661 | C30: 0 | D30: 0 | E30: 0 | F30: 0 | G30: 0 | H30: 0 | I30: 0 | J30: 1 | K30: 0 | L30: 0 | M30: 1 | N30: 1
... A37: Mwamba II F05 | B37: ELI-138 | C37: 0 | D37: 0 | E37: 0 | F37: 0 | G37: 0 | H37: 0 | I37: 0 | J37: 1 | K37: 1 | L37: 0 | M37: 1 | N37: 1
C41: Jan | D41: Feb | E41: Mar | F41: Apr | G41: May | H41: Jun | I41: Jul | J41: Aug | K41: Sept | L41: Oct | M41: Nov | N41: Dec
A42: Group
A43: Mwamba II F01 | B43: ELI-134 | C43: 0 | D43: 0 | E43: 0 | F43: 0 | G43: 0 | H43: 0 | I43: 0 | J43: 0 | K43: 1 | L43: 0 | M43: 0 | N43: 0
A44: Mwamba II F02 | B44: ELI-135 | C44: 0 | D44: 0 | E44: 0 | F44: 0 | G44: 0 | H44: 0 | I44: 0 | J44: 0 | K44: 1 | L44: 0 | M44: 0 | N44: 0
A45: Mwamba II F03 | B45: ELI-136 | C45: 0 | D45: 0 | E45: 0 | F45: 0 | G45: 0 | H45: 0 | I45: 0 | J45: 0 | K45: 1 | L45: 0 | M45: 0 | N45: 0
A46: Mwamba II F06 | B46: ELI-139 | C46: 0 | D46: 0 | E46: 0 | F46: 0 | G46: 0 | H46: 0 | I46: 0 | J46: 0 | K46: 1 | L46: 0 | M46: 0 | N46: 0
A47: New Mwamba M01 | B47: ELI-430 | C47: 0 | D47: 0 | E47: 0 | F47: 0 | G47: 0 | H47: 0 | I47: 0 | J47: 0 | K47: 0 | L47: 0 | M47: 0 | N47: 0
A48: Mwamba II Cub 01 | B48: ELI-XX1 | C48: 0 | D48: 0 | E48: 0 | F48: 0 | G48: 0 | H48: 0 | I48: 0 | J48: 1 | K48: 1 | L48: 0 | M48: 0 | N48: 0
A49: Mwamba II Cub 02 | B49: ELI-XX2 | C49: 0 | D49: 0 | E49: 0 | F49: 0 | G49: 0 | H49: 0 | I49: 0 | J49: 1 | K49: 0 | L49: 0 | M49: 0 | N49: 0
A50: Mwamba II Cub 03 | B50: ELI-XX3 | C50: 0 | D50: 0 | E50: 0 | F50: 0 | G50: 0 | H50: 0 | I50: 0 | J50: 1 | K50: 0 | L50: 0 | M50: 0 | N50: 0
A51: Mwamba II Cub 04 | B51: ELI-XX4 | C51: 0 | D51: 0 | E51: 0 | F51: 0 | G51: 0 | H51: 0 | I51: 0 | J51: 1 | K51: 0 | L51: 0 | M51: 0 | N51: 0
A52: Mwamba II Cub 05 | B52: ELI-XX5 | C52: 0 | D52: 0 | E52: 0 | F52: 0 | G52: 0 | H52: 0 | I52: 0 | J52: 1 | K52: 0 | L52: 0 | M52: 0 | N52: 0
A53: Mwamba II Cub 06 | B53: ELI-XX6 | C53: 0 | D53: 0 | E53: 0 | F53: 0 | G53: 0 | H53: 0 | I53: 0 | J53: 1 | K53: 0 | L53: 0 | M53: 0 | N53: 0
A54: Mwamba II Cub 07 | B54: ELI-XX7 | C54: 0 | D54: 0 | E54: 0 | F54: 0 | G54: 0 | H54: 0 | I54: 0 | J54: 1 | K54: 0 | L54: 0 | M54: 0 | N54: 0

Sheet NS
C1: Jan | D1: Feb | E1: Mar | F1: Apr | G1: May | H1: Jun | I1: Jul | J1: Aug | K1: Sept | L1: Oct | M1: Nov | N1: Dec
A2: Group | B2: ID
A3: Nsolo F06 | B3: ELI-215 | C3: 0 | D3: 0 | E3: 0 | F3: 1 | G3: 1 | H3: 0 | I3: 1 | J3: 0 | K3: 0 | L3: 0 | M3: 0 | N3: 0
A4: Nsolo F07 | B4: ELI-454 | C4: 0 | D4: 0 | E4: 0 | F4: 0 | G4: 0 | H4: 0 | I4: 0 | J4: 0 | K4: 0 | L4: 0 | M4: 0 | N4: 0
A5: Nsolo F08 | B5: ELI-455 | C5: 0 | D5: 0 | E5: 0 | F5: 0 | G5: 0 | H5: 0 | I5: 0 | J5: 0 | K5: 0 | L5: 0 | M5: 0 | N5: 0
A6: Nsolo F09 | B6: ELI-458 | C6: 0 | D6: 0 | E6: 0 | F6: 0 | G6: 0 | H6: 0 | I6: 0 | J6: 0 | K6: 0 | L6: 0 | M6: 0 | N6: 0
A7: Nsolo F10 | B7: ELI-459 | C7: 0 | D7: 0 | E7: 0 | F7: 0 | G7: 0 | H7: 0 | I7: 0 | J7: 0 | K7: 0 | L7: 0 | M7: 0 | N7: 0
A8: Nsolo M04 | B8: ELI-461 | C8: 0 | D8: 0 | E8: 0 | F8: 0 | G8: 0 | H8: 0 | I8: 0 | J8: 0 | K8: 0 | L8: 0 | M8: 0 | N8: 0
A9: Nsolo M05 | B9: ELI-456 | C9: 0 | D9: 0 | E9: 0 | F9: 0 | G9: 0 | H9: 0 | I9: 0 | J9: 0 | K9: 0 | L9: 0 | M9: 0 | N9: 0
A10: Nsolo M06 | B10: ELI-457 | C10: 0 | D10: 0 | E10: 0 | F10: 0 | G10: 0 | H10: 0 | I10: 0 | J10: 0 | K10: 0 | L10: 0 | M10: 0 | N10: 0
A11: Nsolo M07 | B11: ELI-460 | C11: 0 | D11: 0 | E11: 0 | F11: 0 | G11: 0 | H11: 0 | I11: 0 | J11: 0 | K11: 0 | L11: 0 | M11: 0 | N11: 0
A12: Nsolo Pride F02 | B12: ELI-209 | C12: 0 | D12: 0 | E12: 0 | F12: 0 | G12: 1 | H12: 0 | I12: 0 | J12: 0 | K12: 0 | L12: 0 | M12: 0 | N12: 0
A13: Nsolo Pride F03 | B13: ELI-210 | C13: 0 | D13: 0 | E13: 0 | F13: 1 | G13: 1 | H13: 0 | I13: 1 | J13: 0 | K13: 0 | L13: 0 | M13: 0 | N13: 0
A14: Nsolo Pride F05 | B14: ELI-212 | C14: 0 | D14: 0 | E14: 0 | F14: 0 | G14: 0 | H14: 0 | I14: 0 | J14: 0 | K14: 0 | L14: 0 | M14: 0 | N14: 0
A18: Group
A19: Nsolo 2 | B19: ELI-700 | C19: 0 | D19: 0 | E19: 0 | F19: 1 | G19: 0 | H19: 0 | I19: 0 | J19: 1 | K19: 0 | L19: 0 | M19: 1 | N19: 0
A20: Nsolo 2 | B20: ELI-701 | C20: 0 | D20: 0 | E20: 0 | F20: 1 | G20: 0 | H20: 0 | I20: 0 | J20: 1 | K20: 0 | L20: 0 | M20: 1 | N20: 1
A21: Nsolo 2 | B21: ELI-702 | C21: 0 | D21: 0 | E21: 0 | F21: 1 | G21: 0 | H21: 0 | I21: 0 | J21: 1 | K21: 0 | L21: 0 | M21: 1 | N21: 0
C24: Jan | D24: Feb | E24: Mar | F24: Apr | G24: May | H24: Jun | I24: Jul | J24: Aug | K24: Sept | L24: Oct | M24: Nov | N24: Dec
A25: Group | B25: ID
A26: Saltpan 2011 Cub U01 | B26: ELI-468 | D26: 0 | E26: 0 | F26: 0 | G26: 0 | H26: 0 | I26: 0 | J26: 0 | K26: 0 | L26: 0 | M26: 0 | N26: 0
A27: Saltpan F01 | B27: ELI-182 | D27: 0 | E27: 0 | F27: 0 | G27: 0 | H27: 0 | I27: 0 | J27: 0 | K27: 0 | L27: 0 | M27: 0 | N27: 0
A28: Saltpan F03 | B28: ELI-261 | D28: 0 | E28: 0 | F28: 0 | G28: 0 | H28: 0 | I28: 0 | J28: 0 | K28: 0 | L28: 0 | M28: 0 | N28: 0
A29: Saltpan F04 | B29: ELI-185 | D29: 0 | E29: 0 | F29: 0 | G29: 0 | H29: 0 | I29: 0 | J29: 0 | K29: 0 | L29: 0 | M29: 0 | N29: 0
A30: Saltpan F06 | B30: ELI-257 | D30: 0 | E30: 0 | F30: 0 | G30: 0 | H30: 0 | I30: 0 | J30: 0 | K30: 0 | L30: 0 | M30: 0 | N30: 0
A31: Saltpan F07 | B31: ELI-183 | D31: 0 | E31: 0 | F31: 0 | G31: 0 | H31: 0 | I31: 0 | J31: 0 | K31: 0 | L31: 0 | M31: 0 | N31: 0
A32: Saltpan F08 | B32: ELI-189 | D32: 0 | E32: 0 | F32: 0 | G32: 0 | H32: 0 | I32: 0 | J32: 0 | K32: 0 | L32: 0 | M32: 0 | N32: 0
A33: Saltpan F09 | B33: ELI-465 | D33: 0 | E33: 0 | F33: 0 | G33: 0 | H33: 0 | I33: 0 | J33: 0 | K33: 0 | L33: 0 | M33: 0 | N33: 0
A34: Saltpan F10 | B34: ELI-467 | D34: 0 | E34: 0 | F34: 0 | G34: 0 | H34: 0 | I34: 0 | J34: 0 | K34: 0 | L34: 0 | M34: 0 | N34: 0
A35: Saltpan M02 | B35: ELI-259 | D35: 0 | E35: 0 | F35: 0 | G35: 0 | H35: 0 | I35: 0 | J35: 0 | K35: 0 | L35: 0 | M35: 0 | N35: 0
A36: Saltpan M04 | B36: ELI-187 | D36: 0 | E36: 0 | F36: 0 | G36: 0 | H36: 0 | I36: 0 | J36: 0 | K36: 0 | L36: 0 | M36: 0 | N36: 0

Sheet Coa
D1: Jan | E1: Feb | F1: Mar | G1: Apr | H1: May | I1: Jun | J1: Jul | K1: Aug | L1: Sept | M1: Oct | N1: Nov | O1: Dec
B2: Group | C2: ID
A3: Saltpan COA | B3: Saltpan Coa M02 | C3: ELI-179 | D3: 0 | E3: 0 | F3: 0 | G3: 0 | H3: 0 | I3: 0 | J3: 0 | K3: 0 | L3: 0 | M3: 0 | N3: 0 | O3: 0
A4: Big Pride COA | B4: Big Pride M04 | C4: ELI-167 | D4: 0 | E4: 0 | F4: 0 | G4: 0 | H4: 0 | I4: 0 | J4: 0 | K4: 0 | L4: 0 | M4: 0 | N4: 0 | O4: 0
A5: Big Pride COA | B5: Big Pride M05 | C5: ELI-168 | D5: 0 | E5: 0 | F5: 0 | G5: 0 | H5: 0 | I5: 0 | J5: 0 | K5: 0 | L5: 0 | M5: 0 | N5: 0 | O5: 0
A6: Big Pride COA | B6: Big Pride M06 | C6: ELI-169 | D6: 0 | E6: 0 | F6: 0 | G6: 0 | H6: 0 | I6: 0 | J6: 0 | K6: 0 | L6: 0 | M6: 0 | N6: 0 | O6: 0
A7: Mwamba COA | B7: Mwamba Coa M02 | C7: ELI-421 | D7: 0 | E7: 0 | F7: 0 | G7: 0 | H7: 0 | I7: 0 | J7: 0 | K7: 1 | L7: 0 | M7: 0 | N7: 1 | O7: 0
A8: Mwamba COA | B8: Mwamba Coa M03 | C8: ELI-422 | D8: 0 | E8: 0 | F8: 0 | G8: 0 | H8: 0 | I8: 0 | J8: 0 | K8: 0 | L8: 0 | M8: 0 | N8: 0 | O8: 0
A9: Mwamba COA | B9: Mwamba Coa M01 | C9: ELI-420 | D9: 0 | E9: 0 | F9: 0 | G9: 0 | H9: 0 | I9: 0 | J9: 0 | K9: 1 | L9: 0 | M9: 0 | N9: 0 | O9: 0
A10: Tafika COA | B10: Tafika F01 | C10: ELI-475 | D10: 0 | E10: 0 | F10: 0 | G10: 0 | H10: 0 | I10: 0 | J10: 0 | K10: 0 | L10: 0 | M10: 0 | N10: 0 | O10: 0
A11: Tafika COA | B11: Tafika M01 | C11: ELI-476 | D11: 0 | E11: 0 | F11: 0 | G11: 0 | H11: 0 | I11: 0 | J11: 0 | K11: 0 | L11: 0 | M11: 0 | N11: 0 | O11: 0
A12: Tafika COA | B12: Tafika M02 | C12: ELI-477 | D12: 0 | E12: 0 | F12: 0 | G12: 0 | H12: 0 | I12: 0 | J12: 0 | K12: 0 | L12: 0 | M12: 0 | N12: 0 | O12: 0
A13: Tafika COA | B13: Tafika M03 | C13: ELI-478 | D13: 0 | E13: 0 | F13: 0 | G13: 0 | H13: 0 | I13: 0 | J13: 0 | K13: 0 | L13: 0 | M13: 0 | N13: 0 | O13: 0
A14: Tsetse COA | B14: Tsetse Coa M01 | C14: ELI-564 | D14: 0 | E14: 0 | F14: 0 | G14: 0 | H14: 1 | I14: 0 | J14: 0 | K14: 0 | L14: 0 | M14: 0 | N14: 1 | O14: 0
... A34: New Luwi COA | B34: New Luwi | C34: ELI-779 | D34: 0 | E34: 0 | F34: 0 | G34: 0 | H34: 1 | I34: 0 | J34: 0 | K34: 1 | L34: 0 | M34: 1 | N34: 1 | O34: 0

Sheet pride covariates
A1: pride | B1: collared
A2: Big Pride | B2: 1
A3: Chichele | B3: 1
A4: Chowo | B4: 1
A5: Nsefu | B5: 1
A6: Hot Springs | B6: 1
A7: Kapamba | B7: 0
A8: Hollywood | B8: 0
A9: Mwamba I | B9: 1
A10: Mwamba II | B10: 0
A11: Chamilandu | B11: 0
A12: Luwi | B12: 1
A13: Nsolo | B13: 1
... A37: Chinzombo | B37: 1

Sheet allpride
A1: pride | B1: altname | C1: lionid | D1: jan | E1: feb | F1: mar | G1: apr | H1: may | I1: jun | J1: jul | K1: aug | L1: sep | M1: oct | N1: nov | O1: dec | P1: sexknown | Q1: sexmale | R1: knowndead | S1: dobknown | T1: yearatfirst | U1: monthatfirst | V1: ageatfirst | W1: collaredgroup | X1: sexmale(altenrate m and f if not known)
A2: Big Pride | B2: Big Pride 2013 Cub 1 | C2: ELI-583 | D2: 0 | E2: 0 | F2: 0 | G2: 0 | H2: 0 | I2: 0 | J2: 1 | K2: 1 | L2: 1 | M2: 1 | N2: 1 | O2: 1 | P2: 1 | Q2: 1 | R2: 0 | S2: 1 | T2: 2013 | U2: 7 | V2: 0 | W2: =VLOOKUP(A2,'pride covariates'!A$2:B$33,2,FALSE) -> 1 | X2: 1 | Y2: =CONCATENATE("/* ",C2," */ ",G2,H2,I2,J2,K2,L2,M2,N2," 1"," ",P2," ",S2," ",R2," ",X2," ",V2," ",W2,";") -> /* ELI-583 */ 00011111 1 1 1 0 1 0 1; | Z2: =CONCATENATE(G2,H2,I2,J2,K2,L2,M2,N2) -> 00011111 | AA2: =CONCATENATE("/*",C2,"*/ ",G2,H2,I2,J2,K2,L2,M2,N2," 1",";") -> /*ELI-583*/ 00011111 1;
A3: Big Pride | B3: Big Pride 2013 Cub 2 | C3: ELI-584 | D3: 0 | E3: 0 | F3: 0 | G3: 0 | H3: 0 | I3: 0 | J3: 1 | K3: 1 | L3: 1 | M3: 1 | N3: 1 | O3: 1 | P3: 1 | Q3: 0 | R3: 0 | S3: 1 | T3: 2013 | U3: 7 | V3: 0 | W3: =VLOOKUP(A3,'pride covariates'!A$2:B$33,2,FALSE) -> 1 | X3: 0 | Y3: =CONCATENATE("/* ",C3," */ ",G3,H3,I3,J3,K3,L3,M3,N3," 1"," ",P3," ",S3," ",R3," ",X3," ",V3," ",W3,";") -> /* ELI-584 */ 00011111 1 1 1 0 0 0 1; | Z3: =CONCATENATE(G3,H3,I3,J3,K3,L3,M3,N3) -> 00011111 | AA3: =CONCATENATE("/*",C3,"*/ ",G3,H3,I3,J3,K3,L3,M3,N3," 1",";") -> /*ELI-584*/ 00011111 1;
A4: Big Pride | B4: Big Pride 2013 Cub 3 | C4: ELI-585 | D4: 0 | E4: 0 | F4: 0 | G4: 0 | H4: 0 | I4: 0 | J4: 1 | K4: 1 | L4: 1 | M4: 1 | N4: 1 | O4: 1 | P4: 1 | Q4: 0 | R4: 0 | S4: 1 | T4: 2013 | U4: 7 | V4: 0 | W4: =VLOOKUP(A4,'pride covariates'!A$2:B$33,2,FALSE) -> 1 | X4: 0 | Y4: =CONCATENATE("/* ",C4," */ ",G4,H4,I4,J4,K4,L4,M4,N4," 1"," ",P4," ",S4," ",R4," ",X4," ",V4," ",W4,";") -> /* ELI-585 */ 00011111 1 1 1 0 0 0 1; | Z4: =CONCATENATE(G4,H4,I4,J4,K4,L4,M4,N4) -> 00011111 | AA4: =CONCATENATE("/*",C4,"*/ ",G4,H4,I4,J4,K4,L4,M4,N4," 1",";") -> /*ELI-585*/ 00011111 1;
A5: Big Pride | B5: Big Pride 2013 Cub 4 | C5: ELI-586 | D5: 0 | E5: 0 | F5: 0 | G5: 0 | H5: 0 | I5: 0 | J5: 1 | K5: 1 | L5: 1 | M5: 1 | N5: 1 | O5: 1 | P5: 1 | Q5: 1 | R5: 0 | S5: 1 | T5: 2013 | U5: 7 | V5: 0 | W5: =VLOOKUP(A5,'pride covariates'!A$2:B$33,2,FALSE) -> 1 | X5: 1 | Y5: =CONCATENATE("/* ",C5," */ ",G5,H5,I5,J5,K5,L5,M5,N5," 1"," ",P5," ",S5," ",R5," ",X5," ",V5," ",W5,";") -> /* ELI-586 */ 00011111 1 1 1 0 1 0 1; | Z5: =CONCATENATE(G5,H5,I5,J5,K5,L5,M5,N5) -> 00011111 | AA5: =CONCATENATE("/*",C5,"*/ ",G5,H5,I5,J5,K5,L5,M5,N5," 1",";") -> /*ELI-586*/ 00011111 1;
A6: Big Pride | B6: Big Pride 2013 Cub 5 | C6: ELI-587 | D6: 0 | E6: 0 | F6: 0 | G6: 0 | H6: 0 | I6: 0 | J6: 1 | K6: 1 | L6: 1 | M6: 1 | N6: 1 | O6: 1 | P6: 1 | Q6: 0 | R6: 0 | S6: 1 | T6: 2013 | U6: 7 | V6: 0 | W6: =VLOOKUP(A6,'pride covariates'!A$2:B$33,2,FALSE) -> 1 | X6: 0 | Y6: =CONCATENATE("/* ",C6," */ ",G6,H6,I6,J6,K6,L6,M6,N6," 1"," ",P6," ",S6," ",R6," ",X6," ",V6," ",W6,";") -> /* ELI-587 */ 00011111 1 1 1 0 0 0 1; | Z6: =CONCATENATE(G6,H6,I6,J6,K6,L6,M6,N6) -> 00011111 | AA6: =CONCATENATE("/*",C6,"*/ ",G6,H6,I6,J6,K6,L6,M6,N6," 1",";") -> /*ELI-587*/ 00011111 1;
A7: Big Pride | B7: Big Pride 2013 Cub 6 | C7: ELI-590 | D7: 0 | E7: 0 | F7: 0 | G7: 1 | H7: 0 | I7: 0 | J7: 1 | K7: 1 | L7: 1 | M7: 1 | N7: 1 | O7: 1 | P7: 1 | Q7: 0 | R7: 0 | S7: 1 | T7: 2013 | U7: 4 | V7: 0 | W7: =VLOOKUP(A7,'pride covariates'!A$2:B$33,2,FALSE) -> 1 | X7: 0 | Y7: =CONCATENATE("/* ",C7," */ ",G7,H7,I7,J7,K7,L7,M7,N7," 1"," ",P7," ",S7," ",R7," ",X7," ",V7," ",W7,";") -> /* ELI-590 */ 10011111 1 1 1 0 0 0 1; | Z7: =CONCATENATE(G7,H7,I7,J7,K7,L7,M7,N7) -> 10011111 | AA7: =CONCATENATE("/*",C7,"*/ ",G7,H7,I7,J7,K7,L7,M7,N7," 1",";") -> /*ELI-590*/ 10011111 1;
A8: Big Pride | B8: Big Pride 2013 Cub 7 | C8: ELI-591 | D8: 0 | E8: 0 | F8: 0 | G8: 1 | H8: 0 | I8: 0 | J8: 1 | K8: 0 | L8: 0 | M8: 0 | N8: 0 | O8: 0 | P8: 0 | Q8: NA | R8: 1 | S8: 1 | T8: 2013 | U8: 4 | V8: 0 | W8: =VLOOKUP(A8,'pride covariates'!A$2:B$33,2,FALSE) -> 1 | X8: 0 | Y8: =CONCATENATE("/* ",C8," */ ",G8,H8,I8,J8,K8,L8,M8,N8," 1"," ",P8," ",S8," ",R8," ",X8," ",V8," ",W8,";") -> /* ELI-591 */ 10010000 1 0 1 1 0 0 1; | Z8: =CONCATENATE(G8,H8,I8,J8,K8,L8,M8,N8) -> 10010000 | AA8: =CONCATENATE("/*",C8,"*/ ",G8,H8,I8,J8,K8,L8,M8,N8," 1",";") -> /*ELI-591*/ 10010000 1;
A9: Big Pride | B9: Big Pride 2013 Cub 8 | C9: ELI-592 | D9: 0 | E9: 0 | F9: 0 | G9: 1 | H9: 0 | I9: 0 | J9: 1 | K9: 1 | L9: 1 | M9: 1 | N9: 1 | O9: 1 | P9: 1 | Q9: 0 | R9: 0 | S9: 1 | T9: 2013 | U9: 4 | V9: 0 | W9: =VLOOKUP(A9,'pride covariates'!A$2:B$33,2,FALSE) -> 1 | X9: 0 | Y9: =CONCATENATE("/* ",C9," */ ",G9,H9,I9,J9,K9,L9,M9,N9," 1"," ",P9," ",S9," ",R9," ",X9," ",V9," ",W9,";") -> /* ELI-592 */ 10011111 1 1 1 0 0 0 1; | Z9: =CONCATENATE(G9,H9,I9,J9,K9,L9,M9,N9) -> 10011111 | AA9: =CONCATENATE("/*",C9,"*/ ",G9,H9,I9,J9,K9,L9,M9,N9," 1",";") -> /*ELI-592*/ 10011111 1;
A10: Big Pride | B10: Big Pride 2013 Cub 9 | C10: ELI-593 | D10: 0 | E10: 0 | F10: 0 | G10: 0 | H10: 0 | I10: 0 | J10: 1 | K10: 1 | L10: 1 | M10: 1 | N10: 1 | O10: 1 | P10: 1 | Q10: 1 | R10: 0 | S10: 1 | T10: 2013 | U10: 7 | V10: 0 | W10: =VLOOKUP(A10,'pride covariates'!A$2:B$33,2,FALSE) -> 1 | X10: 1 | Y10: =CONCATENATE("/* ",C10," */ ",G10,H10,I10,J10,K10,L10,M10,N10," 1"," ",P10," ",S10," ",R10," ",X10," ",V10," ",W10,";") -> /* ELI-593 */ 00011111 1 1 1 0 1 0 1; | Z10: =CONCATENATE(G10,H10,I10,J10,K10,L10,M10,N10) -> 00011111 | AA10: =CONCATENATE("/*",C10,"*/ ",G10,H10,I10,J10,K10,L10,M10,N10," 1",";") -> /*ELI-593*/ 00011111 1;
A11: Big Pride | B11: Big Pride 2013 Cub 10 | C11: ELI-594 | D11: 0 | E11: 0 | F11: 0 | G11: 0 | H11: 0 | I11: 0 | J11: 1 | K11: 1 | L11: 1 | M11: 1 | N11: 0 | O11: 1 | P11: 1 | Q11: 0 | R11: 0 | S11: 1 | T11: 2013 | U11: 7 | V11: 0 | W11: =VLOOKUP(A11,'pride covariates'!A$2:B$33,2,FALSE) -> 1 | X11: 0 | Y11: =CONCATENATE("/* ",C11," */ ",G11,H11,I11,J11,K11,L11,M11,N11," 1"," ",P11," ",S11," ",R11," ",X11," ",V11," ",W11,";") -> /* ELI-594 */ 00011110 1 1 1 0 0 0 1; | Z11: =CONCATENATE(G11,H11,I11,J11,K11,L11,M11,N11) -> 00011110 | AA11: =CONCATENATE("/*",C11,"*/ ",G11,H11,I11,J11,K11,L11,M11,N11," 1",";") -> /*ELI-594*/ 00011110 1;
A12: Big Pride | B12: Big Pride 2013 Cub 11 | C12: ELI-595 | D12: 0 | E12: 0 | F12: 0 | G12: 0 | H12: 0 | I12: 0 | J12: 1 | K12: 0 | L12: 0 | M12: 1 | N12: 0 | O12: 1 | P12: 1 | Q12: 1 | R12: 0 | S12: 1 | T12: 2013 | U12: 7 | V12: 0 | W12: =VLOOKUP(A12,'pride covariates'!A$2:B$33,2,FALSE) -> 1 | X12: 1 | Y12: =CONCATENATE("/* ",C12," */ ",G12,H12,I12,J12,K12,L12,M12,N12," 1"," ",P12," ",S12," ",R12," ",X12," ",V12," ",W12,";") -> /* ELI-595 */ 00010010 1 1 1 0 1 0 1; | Z12: =CONCATENATE(G12,H12,I12,J12,K12,L12,M12,N12) -> 00010010 | AA12: =CONCATENATE("/*",C12,"*/ ",G12,H12,I12,J12,K12,L12,M12,N12," 1",";") -> /*ELI-595*/ 00010010 1;
A13: Big Pride | B13: Big Pride 2013 Cub 12 | C13: ELI-596 | D13: 0 | E13: 0 | F13: 0 | G13: 0 | H13: 0 | I13: 0 | J13: 1 | K13: 0 | L13: 0 | M13: 0 | N13: 0 | O13: 0 | P13: 0 | Q13: NA | R13: 1 | S13: 1 | T13: 2013 | U13: 7 | V13: 0 | W13: =VLOOKUP(A13,'pride covariates'!A$2:B$33,2,FALSE) -> 1 | X13: 1 | Y13: =CONCATENATE("/* ",C13," */ ",G13,H13,I13,J13,K13,L13,M13,N13," 1"," ",P13," ",S13," ",R13," ",X13," ",V13," ",W13,";") -> /* ELI-596 */ 00010000 1 0 1 1 1 0 1; | Z13: =CONCATENATE(G13,H13,I13,J13,K13,L13,M13,N13) -> 00010000 | AA13: =CONCATENATE("/*",C13,"*/ ",G13,H13,I13,J13,K13,L13,M13,N13," 1",";") -> /*ELI-596*/ 00010000 1;
A14: Big Pride | B14: Big Pride F01 | C14: ELI-243 | D14: 0 | E14: 1 | F14: 1 | G14: 1 | H14: 0 | I14: 1 | J14: 1 | K14: 1 | L14: 1 | M14: 1 | N14: 1 | O14: 1 | P14: 1 | Q14: 0 | R14: 0 | S14: 1 | T14: 2008 | U14: 10 | V14: 3 | W14: =VLOOKUP(A14,'pride covariates'!A$2:B$33,2,FALSE) -> 1 | X14: 0 | Y14: =CONCATENATE("/* ",C14," */ ",G14,H14,I14,J14,K14,L14,M14,N14," 1"," ",P14," ",S14," ",R14," ",X14," ",V14," ",W14,";") -> /* ELI-243 */ 10111111 1 1 1 0 0 3 1; | Z14: =CONCATENATE(G14,H14,I14,J14,K14,L14,M14,N14) -> 10111111 | AA14: =CONCATENATE("/*",C14,"*/ ",G14,H14,I14,J14,K14,L14,M14,N14," 1",";") -> /*ELI-243*/ 10111111 1;
A15: Big Pride | B15: Big Pride F02 | C15: ELI-242 | D15: 0 | E15: 0 | F15: 0 | G15: 0 | H15: 0 | I15: 1 | J15: 1 | K15: 1 | L15: 1 | M15: 1 | N15: 1 | O15: 1 | P15: 1 | Q15: 0 | R15: 0 | S15: 1 | T15: 2008 | U15: 10 | V15: 6 | W15: =VLOOKUP(A15,'pride covariates'!A$2:B$33,2,FALSE) -> 1 | X15: 0 | Y15: =CONCATENATE("/* ",C15," */ ",G15,H15,I15,J15,K15,L15,M15,N15," 1"," ",P15," ",S15," ",R15," ",X15," ",V15," ",W15,";") -> /* ELI-242 */ 00111111 1 1 1 0 0 6 1; | Z15: =CONCATENATE(G15,H15,I15,J15,K15,L15,M15,N15) -> 00111111 | AA15: =CONCATENATE("/*",C15,"*/ ",G15,H15,I15,J15,K15,L15,M15,N15," 1",";") -> /*ELI-242*/ 00111111 1;
A16: Big Pride | B16: Big Pride F04 | C16: ELI-224 | D16: 0 | E16: 0 | F16: 0 | G16: 0 | H16: 0 | I16: 1 | J16: 0 | K16: 1 | L16: 1 | M16: 0 | N16: 1 | O16: 0 | P16: 1 | Q16: 0 | R16: 0 | S16: 1 | T16: 2009 | U16: 4 | V16: 4 | W16: =VLOOKUP(A16,'pride covariates'!A$2:B$33,2,FALSE) -> 1 | X16: 0 | Y16: =CONCATENATE("/* ",C16," */ ",G16,H16,I16,J16,K16,L16,M16,N16," 1"," ",P16," ",S16," ",R16," ",X16," ",V16," ",W16,";") -> /* ELI-224 */ 00101101 1 1 1 0 0 4 1; | Z16: =CONCATENATE(G16,H16,I16,J16,K16,L16,M16,N16) -> 00101101 | AA16: =CONCATENATE("/*",C16,"*/ ",G16,H16,I16,J16,K16,L16,M16,N16," 1",";") -> /*ELI-224*/ 00101101 1;
A17: Big Pride | B17: Big Pride F05 | C17: ELI-245 | D17: 0 | E17: 0 | F17: 0 | G17: 0 | H17: 0 | I17: 1 | J17: 1 | K17: 1 | L17: 1 | M17: 1 | N17: 1 | O17: 1 | P17: 1 | Q17: 0 | R17: 0 | S17: 1 | T17: 2008 | U17: 10 | V17: 1 | W17: =VLOOKUP(A17,'pride covariates'!A$2:B$33,2,FALSE) -> 1 | X17: 0 | Y17: =CONCATENATE("/* ",C17," */ ",G17,H17,I17,J17,K17,L17,M17,N17," 1"," ",P17," ",S17," ",R17," ",X17," ",V17," ",W17,";") -> /* ELI-245 */ 00111111 1 1 1 0 0 1 1; | Z17: =CONCATENATE(G17,H17,I17,J17,K17,L17,M17,N17) -> 00111111 | AA17: =CONCATENATE("/*",C17,"*/ ",G17,H17,I17,J17,K17,L17,M17,N17," 1",";") -> /*ELI-245*/ 00111111 1;
A18: Big Pride | B18: Big Pride F06 | C18: ELI-223 | D18: 0 | E18: 0 | F18: 0 | G18: 0 | H18: 0 | I18: 1 | J18: 1 | K18: 1 | L18: 1 | M18: 1 | N18: 1 | O18: 1 | P18: 1 | Q18: 0 | R18: 0 | S18: 1 | T18: 2008 | U18: 10 | V18: 1 | W18: =VLOOKUP(A18,'pride covariates'!A$2:B$33,2,FALSE) -> 1 | X18: 0 | Y18: =CONCATENATE("/* ",C18," */ ",G18,H18,I18,J18,K18,L18,M18,N18," 1"," ",P18," ",S18," ",R18," ",X18," ",V18," ",W18,";") -> /* ELI-223 */ 00111111 1 1 1 0 0 1 1; | Z18: =CONCATENATE(G18,H18,I18,J18,K18,L18,M18,N18) -> 00111111 | AA18: =CONCATENATE("/*",C18,"*/ ",G18,H18,I18,J18,K18,L18,M18,N18," 1",";") -> /*ELI-223*/ 00111111 1;
A19: Big Pride | B19: Big Pride F07 | C19: ELI-220 | D19: 0 | E19: 0 | F19: 0 | G19: 0 | H19: 0 | I19: 1 | J19: 1 | K19: 1 | L19: 1 | M19: 1 | N19: 1 | O19: 1 | P19: 1 | Q19: 0 | R19: 0 | S19: 1 | T19: 2008 | U19: 10 | V19: 0 | W19: =VLOOKUP(A19,'pride covariates'!A$2:B$33,2,FALSE) -> 1 | X19: 0 | Y19: =CONCATENATE("/* ",C19," */ ",G19,H19,I19,J19,K19,L19,M19,N19," 1"," ",P19," ",S19," ",R19," ",X19," ",V19," ",W19,";") -> /* ELI-220 */ 00111111 1 1 1 0 0 0 1; | Z19: =CONCATENATE(G19,H19,I19,J19,K19,L19,M19,N19) -> 00111111 | AA19: =CONCATENATE("/*",C19,"*/ ",G19,H19,I19,J19,K19,L19,M19,N19," 1",";") -> /*ELI-220*/ 00111111 1;
A20: Big Pride | B20: Big Pride F08 | C20: ELI-218 | D20: 0 | E20: 0 | F20: 0 | G20: 0 | H20: 0 | I20: 1 | J20: 1 | K20: 1 | L20: 1 | M20: 1 | N20: 1 | O20: 1 | P20: 1 | Q20: 0 | R20: 0 | S20: 1 | T20: 2009 | U20: 4 | V20: 1 | W20: =VLOOKUP(A20,'pride covariates'!A$2:B$33,2,FALSE) -> 1 | X20: 0 | Y20: =CONCATENATE("/* ",C20," */ ",G20,H20,I20,J20,K20,L20,M20,N20," 1"," ",P20," ",S20," ",R20," ",X20," ",V20," ",W20,";") -> /* ELI-218 */ 00111111 1 1 1 0 0 1 1; | Z20: =CONCATENATE(G20,H20,I20,J20,K20,L20,M20,N20) -> 00111111 | AA20: =CONCATENATE("/*",C20,"*/ ",G20,H20,I20,J20,K20,L20,M20,N20," 1",";") -> /*ELI-218*/ 00111111 1;
A21: Big Pride | B21: Big Pride F09 | C21: ELI-143 | D21: 0 | E21: 0 | F21: 0 | G21: 0 | H21: 0 | I21: 1 | J21: 0 | K21: 0 | L21: 0 | M21: 0 | N21: 0 | O21: 0 | P21: 1 | Q21: 0 | R21: 0 | S21: 1 | T21: 2009 | U21: 7 | V21: 1 | W21: =VLOOKUP(A21,'pride covariates'!A$2:B$33,2,FALSE) -> 1 | X21: 0 | Y21: =CONCATENATE("/* ",C21," */ ",G21,H21,I21,J21,K21,L21,M21,N21," 1"," ",P21," ",S21," ",R21," ",X21," ",V21," ",W21,";") -> /* ELI-143 */ 00100000 1 1 1 0 0 1 1; | Z21: =CONCATENATE(G21,H21,I21,J21,K21,L21,M21,N21) -> 00100000 | AA21: =CONCATENATE("/*",C21,"*/ ",G21,H21,I21,J21,K21,L21,M21,N21," 1",";") -> /*ELI-143*/ 00100000 1;
A22: Big Pride | B22: Big Pride F10 | C22: ELI-219 | D22: 0 | E22: 0 | F22: 0 | G22: 0 | H22: 0 | I22: 1 | J22: 1 | K22: 1 | L22: 1 | M22: 1 | N22: 1 | O22: 1 | P22: 1 | Q22: 0 | R22: 0 | S22: 1 | T22: 2008 | U22: 10 | V22: 0 | W22: =VLOOKUP(A22,'pride covariates'!A$2:B$33,2,FALSE) -> 1 | X22: 0 | Y22: =CONCATENATE("/* ",C22," */ ",G22,H22,I22,J22,K22,L22,M22,N22," 1"," ",P22," ",S22," ",R22," ",X22," ",V22," ",W22,";") -> /* ELI-219 */ 00111111 1 1 1 0 0 0 1; | Z22: =CONCATENATE(G22,H22,I22,J22,K22,L22,M22,N22) -> 00111111 | AA22: =CONCATENATE("/*",C22,"*/ ",G22,H22,I22,J22,K22,L22,M22,N22," 1",";") -> /*ELI-219*/ 00111111 1;
A23: Chowo | B23: Chowo F01 | C23: ELI-414 | D23: 1 | E23: 1 | F23: 1 | G23: 1 | H23: 1 | I23: 1 | J23: 1 | K23: 0 | L23: 1 | M23: 1 | N23: 1 | O23: 1 | P23: 1 | Q23: 0 | R23: 0 | S23: 1 | T23: 2011 | U23: 7 | V23: 3 | W23: =VLOOKUP(A23,'pride covariates'!A$2:B$33,2,FALSE) -> 1 | X23: 0 | Y23: =CONCATENATE("/* ",C23," */ ",G23,H23,I23,#REF!,K23,L23,M23,N23," 1"," ",P23," ",S23," ",R23," ",X23," ",V23," ",W23,";") -> #REF! | Z23: =CONCATENATE(G23,H23,I23,#REF!,K23,L23,M23,N23) -> #REF! | AA23: =CONCATENATE("/*",C23,"*/ ",G23,H23,I23,#REF!,K23,L23,M23,N23," 1",";") -> #REF!
A24: Chowo | B24: Chowo F05 | C24: ELI-493 | D24: 0 | E24: 1 | F24: 0 | G24: 1 | H24: 1 | I24: 1 | J24: 0 | K24: 0 | L24: 1 | M24: 1 | N24: 1 | O24: 0 | P24: 1 | Q24: 0 | R24: 0 | S24: 1 | T24: 2012 | U24: 6 | V24: 4 | W24: =VLOOKUP(A24,'pride covariates'!A$2:B$33,2,FALSE) -> 1 | X24: 0 | Y24: =CONCATENATE("/* ",C24," */ ",G24,H24,I24,J23,K24,L24,M24,N24," 1"," ",P24," ",S24," ",R24," ",X24," ",V24," ",W24,";") -> /* ELI-493 */ 11110111 1 1 1 0 0 4 1; | Z24: =CONCATENATE(G24,H24,I24,J23,K24,L24,M24,N24) -> 11110111 | AA24: =CONCATENATE("/*",C24,"*/ ",G24,H24,I24,J23,K24,L24,M24,N24," 1",";") -> /*ELI-493*/ 11110111 1;
A25: Chowo | B25: Chowo F06 | C25: ELI-494 | D25: 0 | E25: 1 | F25: 0 | G25: 1 | H25: 1 | I25: 1 | J25: 0 | K25: 0 | L25: 1 | M25: 1 | N25: 1 | O25: 0 | P25: 1 | Q25: 0 | R25: 0 | S25: 1 | T25: 2012 | U25: 6 | V25: 1 | W25: =VLOOKUP(A25,'pride covariates'!A$2:B$33,2,FALSE) -> 1 | X25: 0 | Y25: =CONCATENATE("/* ",C25," */ ",G25,H25,I25,J25,K25,L25,M25,N25," 1"," ",P25," ",S25," ",R25," ",X25," ",V25," ",W25,";") -> /* ELI-494 */ 11100111 1 1 1 0 0 1 1; | Z25: =CONCATENATE(G25,H25,I25,J25,K25,L25,M25,N25) -> 11100111 | AA25: =CONCATENATE("/*",C25,"*/ ",G25,H25,I25,J25,K25,L25,M25,N25," 1",";") -> /*ELI-494*/ 11100111 1;
A26: Chowo | B26: Chowo | C26: ELI-598 | D26: 0 | E26: 0 | F26: 0 | G26: 1 | H26: 0 | I26: 1 | J26: 0 | K26: 0 | L26: 1 | M26: 1 | N26: 1 | O26: 0 | P26: 1 | Q26: 0 | R26: 0 | S26: 1 | T26: 2013 | U26: 4 | V26: 0 | W26: =VLOOKUP(A26,'pride covariates'!A$2:B$33,2,FALSE) -> 1 | X26: 0 | Y26: =CONCATENATE("/* ",C26," */ ",G26,H26,I26,J26,K26,L26,M26,N26," 1"," ",P26," ",S26," ",R26," ",X26," ",V26," ",W26,";") -> /* ELI-598 */ 10100111 1 1 1 0 0 0 1; | Z26: =CONCATENATE(G26,H26,I26,J26,K26,L26,M26,N26) -> 10100111 | AA26: =CONCATENATE("/*",C26,"*/ ",G26,H26,I26,J26,K26,L26,M26,N26," 1",";") -> /*ELI-598*/ 10100111 1;
A27: Chowo | B27: Chowo | C27: ELI-599 | D27: 0 | E27: 0 | F27: 0 | G27: 1 | H27: 0 | I27: 1 | J27: 0 | K27: 0 | L27: 1 | M27: 1 | N27: 1 | O27: 0 | P27: 1 | Q27: 0 | R27: 0 | S27: 1 | T27: 2013 | U27: 4 | V27: 0 | W27: =VLOOKUP(A27,'pride covariates'!A$2:B$33,2,FALSE) -> 1 | X27: 0 | Y27: =CONCATENATE("/* ",C27," */ ",G27,H27,I27,J27,K27,L27,M27,N27," 1"," ",P27," ",S27," ",R27," ",X27," ",V27," ",W27,";") -> /* ELI-599 */ 10100111 1 1 1 0 0 0 1; | Z27: =CONCATENATE(G27,H27,I27,J27,K27,L27,M27,N27) -> 10100111 | AA27: =CONCATENATE("/*",C27,"*/ ",G27,H27,I27,J27,K27,L27,M27,N27," 1",";") -> /*ELI-599*/ 10100111 1;
A28: Chowo | B28: Chowo | C28: ELI-597 | D28: 0 | E28: 0 | F28: 0 | G28: 1 | H28: 0 | I28: 0 | J28: 0 | K28: 0 | L28: 0 | M28: 0 | N28: 0 | O28: 0 | P28: 0 | Q28: NA | R28: 1 | S28: 1 | T28: 2013 | U28: 4 | V28: 0 | W28: =VLOOKUP(A28,'pride covariates'!A$2:B$33,2,FALSE) -> 1 | X28: 0 | Y28: =CONCATENATE("/* ",C28," */ ",G28,H28,I28,J28,K28,L28,M28,N28," 1"," ",P28," ",S28," ",R28," ",X28," ",V28," ",W28,";") -> /* ELI-597 */ 10000000 1 0 1 1 0 0 1; | Z28: =CONCATENATE(G28,H28,I28,J28,K28,L28,M28,N28) -> 10000000 | AA28: =CONCATENATE("/*",C28,"*/ ",G28,H28,I28,J28,K28,L28,M28,N28," 1",";") -> /*ELI-597*/ 10000000 1;
A29: Chowo | B29: Chowo U01 | C29: ELI-523 | D29: 0 | E29: 1 | F29: 0 | G29: 1 | H29: 0 | I29: 1 | J29: 0 | K29: 0 | L29: 1 | M29: 0 | N29: 0 | O29: 0 | P29: 0 | Q29: NA | R29: 1 | S29: 1 | T29: 2012 | U29: 10 | V29: 0 | W29: =VLOOKUP(A29,'pride covariates'!A$2:B$33,2,FALSE) -> 1 | X29: 1 | Y29: =CONCATENATE("/* ",C29," */ ",G29,H29,I29,J29,K29,L29,M29,N29," 1"," ",P29," ",S29," ",R29," ",X29," ",V29," ",W29,";") -> /* ELI-523 */ 10100100 1 0 1 1 1 0 1; | Z29: =CONCATENATE(G29,H29,I29,J29,K29,L29,M29,N29) -> 10100100 | AA29: =CONCATENATE("/*",C29,"*/ ",G29,H29,I29,J29,K29,L29,M29,N29," 1",";") -> /*ELI-523*/ 10100100 1;
A30: Chowo | B30: Chowo U02 | C30: ELI-524 | D30: 0 | E30: 1 | F30: 0 | G30: 1 | H30: 0 | I30: 1 | J30: 0 | K30: 0 | L30: 1 | M30: 1 | N30: 1 | O30: 0 | P30: 1 | Q30: 0 | R30: 0 | S30: 1 | T30: 2012 | U30: 10 | V30: 0 | W30: =VLOOKUP(A30,'pride covariates'!A$2:B$33,2,FALSE) -> 1 | X30: 0 | Y30: =CONCATENATE("/* ",C30," */ ",G30,H30,I30,J30,K30,L30,M30,N30," 1"," ",P30," ",S30," ",R30," ",X30," ",V30," ",W30,";") -> /* ELI-524 */ 10100111 1 1 1 0 0 0 1; | Z30: =CONCATENATE(G30,H30,I30,J30,K30,L30,M30,N30) -> 10100111 | AA30: =CONCATENATE("/*",C30,"*/ ",G30,H30,I30,J30,K30,L30,M30,N30," 1",";") -> /*ELI-524*/ 10100111 1;
A31: Chowo | B31: Chowo U03 | C31: ELI-525 | D31: 0 | E31: 1 | F31: 0 | G31: 1 | H31: 0 | I31: 0 | J31: 0 | K31: 0 | L31: 0 | M31: 0 | N31: 0 | O31: 0 | P31: 0 | Q31: NA | R31: 1 | S31: 1 | T31: 2012 | U31: 10 | V31: 0 | W31: =VLOOKUP(A31,'pride covariates'!A$2:B$33,2,FALSE) -> 1 | X31: 0 | Y31: =CONCATENATE("/* ",C31," */ ",G31,H31,I31,J31,K31,L31,M31,N31," 1"," ",P31," ",S31," ",R31," ",X31," ",V31," ",W31,";") -> /* ELI-525 */ 10000000 1 0 1 1 0 0 1; | Z31: =CONCATENATE(G31,H31,I31,J31,K31,L31,M31,N31) -> 10000000 | AA31: =CONCATENATE("/*",C31,"*/ ",G31,H31,I31,J31,K31,L31,M31,N31," 1",";") -> /*ELI-525*/ 10000000 1;
A32: Chichele | B32: Chichele F02 | C32: ELI-236 | D32: 0 | E32: 0 | F32: 1 | G32: 1 | H32: 1 | I32: 1 | J32: 1 | K32: 0 | L32: 1 | M32: 0 | N32: 0 | O32: 1 | P32: 1 | Q32: 0 | R32: 0 | S32: 1 | T32: 2008 | U32: 9 | V32: 5 | W32: =VLOOKUP(A32,'pride covariates'!A$2:B$33,2,FALSE) -> 1 | X32: 0 | Y32: =CONCATENATE("/* ",C32," */ ",G32,H32,I32,J32,K32,L32,M32,N32," 1"," ",P32," ",S32," ",R32," ",X32," ",V32," ",W32,";") -> /* ELI-236 */ 11110100 1 1 1 0 0 5 1; | Z32: =CONCATENATE(G32,H32,I32,J32,K32,L32,M32,N32) -> 11110100 | AA32: =CONCATENATE("/*",C32,"*/ ",G32,H32,I32,J32,K32,L32,M32,N32," 1",";") -> /*ELI-236*/ 11110100 1;
A33: Chichele | B33: Chichele F03 | C33: ELI-235 | D33: 0 | E33: 1 | F33: 1 | G33: 1 | H33: 1 | I33: 1 | J33: 1 | K33: 0 | L33: 1 | M33: 1 | N33: 0 | O33: 1 | P33: 1 | Q33: 0 | R33: 0 | S33: 1 | T33: 2008 | U33: 9 | V33: 2 | W33: =VLOOKUP(A33,'pride covariates'!A$2:B$33,2,FALSE) -> 1 | X33: 0 | Y33: =CONCATENATE("/* ",C33," */ ",G33,H33,I33,J33,K33,L33,M33,N33," 1"," ",P33," ",S33," ",R33," ",X33," ",V33," ",W33,";") -> /* ELI-235 */ 11110110 1 1 1 0 0 2 1; | Z33: =CONCATENATE(G33,H33,I33,J33,K33,L33,M33,N33) -> 11110110 | AA33: =CONCATENATE("/*",C33,"*/ ",G33,H33,I33,J33,K33,L33,M33,N33," 1",";") -> /*ELI-235*/ 11110110 1;
A34: Chichele | B34: Chichele F04 | C34: ELI-554 | D34: 0 | E34: 0 | F34: 1 | G34: 1 | H34: 1 | I34: 1 | J34: 1 | K34: 0 | L34: 0 | M34: 0 | N34: 0 | O34: 0 | P34: 1 | Q34: 0 | R34: 0 | S34: 1 | T34: 2012 | U34: 11 | V34: 0 | W34: =VLOOKUP(A34,'pride covariates'!A$2:B$33,2,FALSE) -> 1 | X34: 0 | Y34: =CONCATENATE("/* ",C34," */ ",G34,H34,I34,J34,K34,L34,M34,N34," 1"," ",P34," ",S34," ",R34," ",X34," ",V34," ",W34,";") -> /* ELI-554 */ 11110000 1 1 1 0 0 0 1; | Z34: =CONCATENATE(G34,H34,I34,J34,K34,L34,M34,N34) -> 11110000 | AA34: =CONCATENATE("/*",C34,"*/ ",G34,H34,I34,J34,K34,L34,M34,N34," 1",";") -> /*ELI-554*/ 11110000 1;
A35: Chichele | B35: Chichele F05 | C35: ELI-555 | D35: 0 | E35: 0 | F35: 1 | G35: 1 | H35: 1 | I35: 1 | J35: 1 | K35: 0 | L35: 0 | M35: 0 | N35: 0 | O35: 0 | P35: 1 | Q35: 0 | R35: 0 | S35: 1 | T35: 2012 | U35: 11 | V35: 0 | W35: =VLOOKUP(A35,'pride covariates'!A$2:B$33,2,FALSE) -> 1 | X35: 0 | Y35: =CONCATENATE("/* ",C35," */ ",G35,H35,I35,J35,K35,L35,M35,N35," 1"," ",P35," ",S35," ",R35," ",X35," ",V35," ",W35,";") -> /* ELI-555 */ 11110000 1 1 1 0 0 0 1; | Z35: =CONCATENATE(G35,H35,I35,J35,K35,L35,M35,N35) -> 11110000 | AA35: =CONCATENATE("/*",C35,"*/ ",G35,H35,I35,J35,K35,L35,M35,N35," 1",";") -> /*ELI-555*/ 11110000 1;
A36: Chichele | B36: Chichele M03 | C36: ELI-556 | D36: 0 | E36: 0 | F36: 1 | G36: 1 | H36: 1 | I36: 1 | J36: 1 | K36: 0 | L36: 0 | M36: 0 | N36: 0 | O36: 0 | P36: 1 | Q36: 1 | R36: 0 | S36: 1 | T36: 2012 | U36: 11 | V36: 0 | W36: =VLOOKUP(A36,'pride covariates'!A$2:B$33,2,FALSE) -> 1 | X36: 1 | Y36: =CONCATENATE("/* ",C36," */ ",G36,H36,I36,J36,K36,L36,M36,N36," 1"," ",P36," ",S36," ",R36," ",X36," ",V36," ",W36,";") -> /* ELI-556 */ 11110000 1 1 1 0 1 0 1; | Z36: =CONCATENATE(G36,H36,I36,J36,K36,L36,M36,N36) -> 11110000 | AA36: =CONCATENATE("/*",C36,"*/ ",G36,H36,I36,J36,K36,L36,M36,N36," 1",";") -> /*ELI-556*/ 11110000 1;
A37: Nsefu | B37: Nsefu F01 | C37: ELI-173 | D37: 0 | E37: 0 | F37: 0 | G37: 0 | H37: 1 | I37: 1 | J37: 0 | K37: 0 | L37: 1 | M37: 1 | N37: 1 | O37: 0 | P37: 1 | Q37: 0 | R37: 0 | S37: 1 | T37: 2008 | U37: 8 | V37: 2 | W37: =VLOOKUP(A37,'pride covariates'!A$2:B$33,2,FALSE) -> 1 | X37: 0 | Y37: =CONCATENATE("/* ",C37," */ ",G37,H37,I37,J37,K37,L37,M37,N37," 1"," ",P37," ",S37," ",R37," ",X37," ",V37," ",W37,";") -> /* ELI-173 */ 01100111 1 1 1 0 0 2 1; | Z37: =CONCATENATE(G37,H37,I37,J37,K37,L37,M37,N37) -> 01100111 | AA37: =CONCATENATE("/*",C37,"*/ ",G37,H37,I37,J37,K37,L37,M37,N37," 1",";") -> /*ELI-173*/ 01100111 1;
A38: Nsefu | B38: Nsefu F02 | C38: ELI-174 | D38: 0 | E38: 0 | F38: 0 | G38: 0 | H38: 1 | I38: 1 | J38: 1 | K38: 0 | L38: 1 | M38: 0 | N38: 1 | O38: 0 | P38: 1 | Q38: 0 | R38: 0 | S38: 1 | T38: 2008 | U38: 8 | V38: 6 | W38: =VLOOKUP(A38,'pride covariates'!A$2:B$33,2,FALSE) -> 1 | X38: 0 | Y38: =CONCATENATE("/* ",C38," */ ",G38,H38,I38,J38,K38,L38,M38,N38," 1"," ",P38," ",S38," ",R38," ",X38," ",V38," ",W38,";") -> /* ELI-174 */ 01110101 1 1 1 0 0 6 1; | Z38: =CONCATENATE(G38,H38,I38,J38,K38,L38,M38,N38) -> 01110101 | AA38: =CONCATENATE("/*",C38,"*/ ",G38,H38,I38,J38,K38,L38,M38,N38," 1",";") -> /*ELI-174*/ 01110101 1;
A39: Nsefu | B39: Nsefu F03 | C39: ELI-247 | D39: 0 | E39: 0 | F39: 0 | G39: 0 | H39: 1 | I39: 1 | J39: 0 | K39: 0 | L39: 1 | M39: 1 | N39: 1 | O39: 0 | P39: 1 | Q39: 0 | R39: 0 | S39: 1 | T39: 2009 | U39: 8 | V39: 3 | W39: =VLOOKUP(A39,'pride covariates'!A$2:B$33,2,FALSE) -> 1 | X39: 0 | Y39: =CONCATENATE("/* ",C39," */ ",G39,H39,I39,J39,K39,L39,M39,N39," 1"," ",P39," ",S39," ",R39," ",X39," ",V39," ",W39,";") -> /* ELI-247 */ 01100111 1 1 1 0 0 3 1; | Z39: =CONCATENATE(G39,H39,I39,J39,K39,L39,M39,N39) -> 01100111 | AA39: =CONCATENATE("/*",C39,"*/ ",G39,H39,I39,J39,K39,L39,M39,N39," 1",";") -> /*ELI-247*/ 01100111 1;
A40: Nsefu | B40: Nsefu F04 | C40: ELI-248 | D40: 0 | E40: 0 | F40: 0 | G40: 0 | H40: 1 | I40: 1 | J40: 1 | K40: 1 | L40: 1 | M40: 1 | N40: 1 | O40: 1 | P40: 1 | Q40: 0 | R40: 0 | S40: 1 | T40: 2009 | U40: 11 | V40: 3 | W40: =VLOOKUP(A40,'pride covariates'!A$2:B$33,2,FALSE) -> 1 | X40: 0 | Y40: =CONCATENATE("/* ",C40," */ ",G40,H40,I40,J40,K40,L40,M40,N40," 1"," ",P40," ",S40," ",R40," ",X40," ",V40," ",W40,";") -> /* ELI-248 */ 01111111 1 1 1 0 0 3 1; | Z40: =CONCATENATE(G40,H40,I40,J40,K40,L40,M40,N40) -> 01111111 | AA40: =CONCATENATE("/*",C40,"*/ ",G40,H40,I40,J40,K40,L40,M40,N40," 1",";") -> /*ELI-248*/ 01111111 1;
A41: Nsefu | B41: Nsefu F05 | C41: ELI-249 | D41: 0 | E41: 0 | F41: 0 | G41: 0 | H41: 0 | I41: 1 | J41: 0 | K41: 0 | L41: 0 | M41: 0 | N41: 0 | O41: 0 | P41: 1 | Q41: 0 | R41: 0 | S41: 1 | T41: 2009 | U41: 8 | V41: 6 | W41: =VLOOKUP(A41,'pride covariates'!A$2:B$33,2,FALSE) -> 1 | X41: 0 | Y41: =CONCATENATE("/* ",C41," */ ",G41,H41,I41,J41,K41,L41,M41,N41," 1"," ",P41," ",S41," ",R41," ",X41," ",V41," ",W41,";") -> /* ELI-249 */ 00100000 1 1 1 0 0 6 1; | Z41: =CONCATENATE(G41,H41,I41,J41,K41,L41,M41,N41) -> 00100000 | AA41: =CONCATENATE("/*",C41,"*/ ",G41,H41,I41,J41,K41,L41,M41,N41," 1",";") -> /*ELI-249*/ 00100000 1;
A42: Nsefu | B42: Nsefu F06 | C42: ELI-250 | D42: 0 | E42: 0 | F42: 0 | G42: 0 | H42: 1 | I42: 1 | J42: 0 | K42: 1 | L42: 1 | M42: 1 | N42: 1 | O42: 0 | P42: 1 | Q42: 0 | R42: 0 | S42: 1 | T42: 2009 | U42: 7 | V42: 6 | W42: =VLOOKUP(A42,'pride covariates'!A$2:B$33,2,FALSE) -> 1 | X42: 0 | Y42: =CONCATENATE("/* ",C42," */ ",G42,H42,I42,J42,K42,L42,M42,N42," 1"," ",P42," ",S42," ",R42," ",X42," ",V42," ",W42,";") -> /* ELI-250 */ 01101111 1 1 1 0 0 6 1; | Z42: =CONCATENATE(G42,H42,I42,J42,K42,L42,M42,N42) -> 01101111 | AA42: =CONCATENATE("/*",C42,"*/ ",G42,H42,I42,J42,K42,L42,M42,N42," 1",";") -> /*ELI-250*/ 01101111 1;
A43: Nsefu | B43: Nsefu F07 | C43: ELI-462 | D43: 0 | E43: 0 | F43: 0 | G43: 0 | H43: 1 | I43: 0 | J43: 0 | K43: 1 | L43: 0 | M43: 1 | N43: 1 | O43: 0 | P43: 1 | Q43: 0 | R43: 0 | S43: 1 | T43: 2011 | U43: 10 | V43: 7 | W43: =VLOOKUP(A43,'pride covariates'!A$2:B$33,2,FALSE) -> 1 | X43: 0 | Y43: =CONCATENATE("/* ",C43," */ ",G43,H43,I43,J43,K43,L43,M43,N43," 1"," ",P43," ",S43," ",R43," ",X43," ",V43," ",W43,";") -> /* ELI-462 */ 01001011 1 1 1 0 0 7 1; | Z43: =CONCATENATE(G43,H43,I43,J43,K43,L43,M43,N43) -> 01001011 | AA43: =CONCATENATE("/*",C43,"*/ ",G43,H43,I43,J43,K43,L43,M43,N43," 1",";") -> /*ELI-462*/ 01001011 1;
... A56: Nsefu | B56: Nsefu | C56: ELI-589 | D56: 0 | E56: 0 | F56: 0 | G56: 0 | H56: 1 | I56: 1 | J56: 1 | K56: 1 | L56: 1 | M56: 1 | N56: 1 | O56: 0 | P56: 1 | Q56: 0 | R56: 0 | S56: 1 | T56: 2013 | U56: 5 | V56: 0 | W56: =VLOOKUP(A56,'pride covariates'!A$2:B$33,2,FALSE) -> 1 | X56: 0 | Y56: =CONCATENATE("/* ",C56," */ ",G56,H56,I56,J56,K56,L56,M56,N56," 1"," ",P56," ",S56," ",R56," ",X56," ",V56," ",W56,";") -> /* ELI-589 */ 01111111 1 1 1 0 0 0 1; | Z56: =CONCATENATE(G56,H56,I56,J56,K56,L56,M56,N56) -> 01111111 | AA56: =CONCATENATE("/*",C56,"*/ ",G56,H56,I56,J56,K56,L56,M56,N56," 1",";") -> /*ELI-589*/ 01111111 1;
A57: Nsefu | B57: Nsefu | C57: ELI-600 | D57: 0 | E57: 0 | F57: 0 | G57: 0 | H57: 0 | I57: 0 | J57: 0 | K57: 0 | L57: 0 | M57: 1 | N57: 1 | O57: 0 | P57: 0 | Q57: NA | R57: 1 | S57: 1 | T57: 2013 | U57: 10 | V57: 0 | W57: =VLOOKUP(A57,'pride covariates'!A$2:B$33,2,FALSE) -> 1 | X57: 1 | Y57: =CONCATENATE("/* ",C57," */ ",G57,H57,I57,J57,K57,L57,M57,N57," 1"," ",P57," ",S57," ",R57," ",X57," ",V57," ",W57,";") -> /* ELI-600 */ 00000011 1 0 1 1 1 0 1; | Z57: =CONCATENATE(G57,H57,I57,J57,K57,L57,M57,N57) -> 00000011 | AA57: =CONCATENATE("/*",C57,"*/ ",G57,H57,I57,J57,K57,L57,M57,N57," 1",";") -> /*ELI-600*/ 00000011 1;
A58: Nsefu | B58: Nsefu | C58: ELI-601 | D58: 0 | E58: 0 | F58: 0 | G58: 0 | H58: 0 | I58: 0 | J58: 0 | K58: 0 | L58: 0 | M58: 1 | N58: 1 | O58: 0 | P58: 0 | Q58: NA | R58: 1 | S58: 1 | T58: 2013 | U58: 10 | V58: 0 | W58: =VLOOKUP(A58,'pride covariates'!A$2:B$33,2,FALSE) -> 1 | X58: 0 | Y58: =CONCATENATE("/* ",C58," */ ",G58,H58,I58,J58,K58,L58,M58,N58," 1"," ",P58," ",S58," ",R58," ",X58," ",V58," ",W58,";") -> /* ELI-601 */ 00000011 1 0 1 1 0 0 1; | Z58: =CONCATENATE(G58,H58,I58,J58,K58,L58,M58,N58) -> 00000011 | AA58: =CONCATENATE("/*",C58,"*/ ",G58,H58,I58,J58,K58,L58,M58,N58," 1",";") -> /*ELI-601*/ 00000011 1;
A59: Hot Springs | B59: Hot Springs F01 | C59: ELI-258 | D59: 1 | E59: 1 | F59: 1 | G59: 1 | H59: 0 | I59: 0 | J59: 1 | K59: 0 | L59: 1 | M59: 0 | N59: 1 | O59: 1 | P59: 1 | Q59: 0 | R59: 0 | S59: 1 | T59: 2009 | U59: 8 | V59: 2 | W59: =VLOOKUP(A59,'pride covariates'!A$2:B$33,2,FALSE) -> 1 | X59: 0 | Y59: =CONCATENATE("/* ",C59," */ ",G59,H59,I59,J59,K59,L59,M59,N59," 1"," ",P59," ",S59," ",R59," ",X59," ",V59," ",W59,";") -> /* ELI-258 */ 10010101 1 1 1 0 0 2 1; | Z59: =CONCATENATE(G59,H59,I59,J59,K59,L59,M59,N59) -> 10010101 | AA59: =CONCATENATE("/*",C59,"*/ ",G59,H59,I59,J59,K59,L59,M59,N59," 1",";") -> /*ELI-258*/ 10010101 1;
A60: Hot Springs | B60: Hot Springs Cub 1 | C60: ELI-608 | D60: 0 | E60: 0 | F60: 0 | G60: 0 | H60: 0 | I60: 0 | J60: 1 | K60: 0 | L60: 1 | M60: 0 | N60: 1 | O60: 0 | P60: 1 | Q60: 0 | R60: 1 | S60: 1 | T60: 2013 | U60: 7 | V60: 0 | W60: =VLOOKUP(A60,'pride covariates'!A$2:B$33,2,FALSE) -> 1 | X60: 0 | Y60: =CONCATENATE("/* ",C60," */ ",G60,H60,I60,J60,K60,L60,M60,N60," 1"," ",P60," ",S60," ",R60," ",X60," ",V60," ",W60,";") -> /* ELI-608 */ 00010101 1 1 1 1 0 0 1; | Z60: =CONCATENATE(G60,H60,I60,J60,K60,L60,M60,N60) -> 00010101 | AA60: =CONCATENATE("/*",C60,"*/ ",G60,H60,I60,J60,K60,L60,M60,N60," 1",";") -> /*ELI-608*/ 00010101 1;
A61: Hot Springs | B61: Hot Springs Cub 2 | C61: ELI-609 | D61: 0 | E61: 0 | F61: 0 | G61: 0 | H61: 0 | I61: 0 | J61: 1 | K61: 0 | L61: 1 | M61: 0 | N61: 1 | O61: 0 | P61: 1 | Q61: 1 | R61: 0 | S61: 1 | T61: 2013 | U61: 7 | V61: 0 | W61: =VLOOKUP(A61,'pride covariates'!A$2:B$33,2,FALSE) -> 1 | X61: 1 | Y61: =CONCATENATE("/* ",C61," */ ",G61,H61,I61,J61,K61,L61,M61,N61," 1"," ",P61," ",S61," ",R61," ",X61," ",V61," ",W61,";") -> /* ELI-609 */ 00010101 1 1 1 0 1 0 1; | Z61: =CONCATENATE(G61,H61,I61,J61,K61,L61,M61,N61) -> 00010101 | AA61: =CONCATENATE("/*",C61,"*/ ",G61,H61,I61,J61,K61,L61,M61,N61," 1",";") -> /*ELI-609*/ 00010101 1;
A62: Hot Springs | B62: Hot Springs Cub 3 | C62: ELI-611 | D62: 0 | E62: 0 | F62: 0 | G62: 0 | H62: 0 | I62: 0 | J62: 1 | K62: 0 | L62: 1 | M62: 0 | N62: 1 | O62: 0 | P62: 1 | Q62: 1 | R62: 0 | S62: 1 | T62: 2013 | U62: 7 | V62: 0 | W62: =VLOOKUP(A62,'pride covariates'!A$2:B$33,2,FALSE) -> 1 | X62: 1 | Y62: =CONCATENATE("/* ",C62," */ ",G62,H62,I62,J62,K62,L62,M62,N62," 1"," ",P62," ",S62," ",R62," ",X62," ",V62," ",W62,";") -> /* ELI-611 */ 00010101 1 1 1 0 1 0 1; | Z62: =CONCATENATE(G62,H62,I62,J62,K62,L62,M62,N62) -> 00010101 | AA62: =CONCATENATE("/*",C62,"*/ ",G62,H62,I62,J62,K62,L62,M62,N62," 1",";") -> /*ELI-611*/ 00010101 1;
A63: Hot Springs | B63: Hot Springs F02 | C63: ELI-256 | D63: 0 | E63: 0 | F63: 0 | G63: 0 | H63: 0 | I63: 0 | J63: 1 | K63: 0 | L63: 1 | M63: 0 | N63: 1 | O63: 0 | P63: 1 | Q63: 0 | R63: 0 | S63: 1 | T63: 2009 | U63: 8 | V63: 2 | W63: =VLOOKUP(A63,'pride covariates'!A$2:B$33,2,FALSE) -> 1 | X63: 0 | Y63: =CONCATENATE("/* ",C63," */ ",G63,H63,I63,J63,K63,L63,M63,N63," 1"," ",P63," ",S63," ",R63," ",X63," ",V63," ",W63,";") -> /* ELI-256 */ 00010101 1 1 1 0 0 2 1; | Z63: =CONCATENATE(G63,H63,I63,J63,K63,L63,M63,N63) -> 00010101 | AA63: =CONCATENATE("/*",C63,"*/ ",G63,H63,I63,J63,K63,L63,M63,N63," 1",";") -> /*ELI-256*/ 00010101 1;
A64: Hot Springs | B64: Hot Springs M01 | C64: ELI-379 | D64: 0 | E64: 1 | F64: 0 | G64: 0 | H64: 0 | I64: 0 | J64: 1 | K64: 0 | L64: 1 | M64: 0 | N64: 1 | O64: 0 | P64: 1 | Q64: 1 | R64: 0 | S64: 1 | T64: 2010 | U64: 6 | V64: 0 | W64: =VLOOKUP(A64,'pride covariates'!A$2:B$33,2,FALSE) -> 1 | X64: 1 | Y64: =CONCATENATE("/* ",C64," */ ",G64,H64,I64,J64,K64,L64,M64,N64," 1"," ",P64," ",S64," ",R64," ",X64," ",V64," ",W64,";") -> /* ELI-379 */ 00010101 1 1 1 0 1 0 1; | Z64: =CONCATENATE(G64,H64,I64,J64,K64,L64,M64,N64) -> 00010101 | AA64: =CONCATENATE("/*",C64,"*/ ",G64,H64,I64,J64,K64,L64,M64,N64," 1",";") -> /*ELI-379*/ 00010101 1;
A65: Chamilandu | B65: 2011 Cub U01 | C65: ELI-438 | D65: 0 | E65: 0 | F65: 0 | G65: 0 | H65: 0 | I65: 0 | J65: 1 | K65: 0 | L65: 0 | M65: 1 | N65: 0 | O65: 0 | P65: 0 | Q65: NA | R65: 0 | S65: 1 | T65: 2011 | U65: 9 | V65: 0 | W65: =VLOOKUP(A65,'pride covariates'!A$2:B$33,2,FALSE) -> 0 | X65: 1 | Y65: =CONCATENATE("/* ",C65," */ ",G65,H65,I65,J65,K65,L65,M65,N65," 1"," ",P65," ",S65," ",R65," ",X65," ",V65," ",W65,";") -> /* ELI-438 */ 00010010 1 0 1 0 1 0 0; | Z65: =CONCATENATE(G65,H65,I65,J65,K65,L65,M65,N65) -> 00010010 | AA65: =CONCATENATE("/*",C65,"*/ ",G65,H65,I65,J65,K65,L65,M65,N65," 1",";") -> /*ELI-438*/ 00010010 1;
A66: Chamilandu | B66: Chamilandu F06 | C66: ELI-398 | D66: 0 | E66: 0 | F66: 0 | G66: 0 | H66: 0 | I66: 0 | J66: 1 | K66: 0 | L66: 0 | M66: 0 | N66: 0 | O66: 0 | P66: 1 | Q66: 0 | R66: 0 | S66: 1 | T66: 2010 | U66: 7 | V66: 9 | W66: =VLOOKUP(A66,'pride covariates'!A$2:B$33,2,FALSE) -> 0 | X66: 0 | Y66: =CONCATENATE("/* ",C66," */ ",G66,H66,I66,J66,K66,L66,M66,N66," 1"," ",P66," ",S66," ",R66," ",X66," ",V66," ",W66,";") -> /* ELI-398 */ 00010000 1 1 1 0 0 9 0; | Z66: =CONCATENATE(G66,H66,I66,J66,K66,L66,M66,N66) -> 00010000 | AA66: =CONCATENATE("/*",C66,"*/ ",G66,H66,I66,J66,K66,L66,M66,N66," 1",";") -> /*ELI-398*/ 00010000 1;
A67: Chamilandu | B67: Chamilandu F07 | C67: ELI-444 | D67: 0 | E67: 0 | F67: 0 | G67: 0 | H67: 0 | I67: 0 | J67: 1 | K67: 0 | L67: 1 | M67: 0 | N67: 0 | O67: 0 | P67: 1 | Q67: 0 | R67: 0 | S67: 1 | T67: 2010 | U67: 8 | V67: 2 | W67: =VLOOKUP(A67,'pride covariates'!A$2:B$33,2,FALSE) -> 0 | X67: 0 | Y67: =CONCATENATE("/* ",C67," */ ",G67,H67,I67,J67,K67,L67,M67,N67," 1"," ",P67," ",S67," ",R67," ",X67," ",V67," ",W67,";") -> /* ELI-444 */ 00010100 1 1 1 0 0 2 0; | Z67: =CONCATENATE(G67,H67,I67,J67,K67,L67,M67,N67) -> 00010100 | AA67: =CONCATENATE("/*",C67,"*/ ",G67,H67,I67,J67,K67,L67,M67,N67," 1",";") -> /*ELI-444*/ 00010100 1;
A68: Chamilandu | B68: Chamilandu F10 | C68: ELI-440 | D68: 0 | E68: 0 | F68: 0 | G68: 0 | H68: 0 | I68: 0 | J68: 1 | K68: 0 | L68: 0 | M68: 1 | N68: 0 | O68: 0 | P68: 1 | Q68: 0 | R68: 0 | S68: 1 | T68: 2011 | U68: 9 | V68: 0 | W68: =VLOOKUP(A68,'pride covariates'!A$2:B$33,2,FALSE) -> 0 | X68: 0 | Y68: =CONCATENATE("/* ",C68," */ ",G68,H68,I68,J68,K68,L68,M68,N68," 1"," ",P68," ",S68," ",R68," ",X68," ",V68," ",W68,";") -> /* ELI-440 */ 00010010 1 1 1 0 0 0 0; | Z68: =CONCATENATE(G68,H68,I68,J68,K68,L68,M68,N68) -> 00010010 | AA68: =CONCATENATE("/*",C68,"*/ ",G68,H68,I68,J68,K68,L68,M68,N68," 1",";") -> /*ELI-440*/ 00010010 1;
A69: Chamilandu | B69: Chamilandu F01 | C69: ELI-192F | D69: 0 | E69: 0 | F69: 0 | G69: 0 | H69: 0 | I69: 0 | J69: 0 | K69: 0 | L69: 1 | M69: 0 | N69: 0 | O69: 0 | P69: 1 | Q69: 0 | R69: 0 | S69: 0 | T69: 2010 | U69: 8 | V69: 6 | W69: 1 | X69: 0
A70: Chamilandu | B70: Chamilandu F03 | C70: ELI-194F | D70: 0 | E70: 0 | F70: 0 | G70: 0 | H70: 0 | I70: 0 | J70: 0 | K70: 0 | L70: 1 | M70: 0 | N70: 0 | O70: 0 | P70: 1 | Q70: 0 | R70: 0 | S70: 0 | T70: 2012 | U70: 10 | V70: 9 | W70: 1 | X70: 0
A71: Chamilandu | B71: 2011 cub | C71: ELI-442F | D71: 0 | E71: 0 | F71: 0 | G71: 0 | H71: 0 | I71: 0 | J71: 0 | K71: 0 | L71: 1 | M71: 1 | N71: 0 | O71: 0 | P71: 1 | Q71: 0 | R71: 0 | S71: 0 | T71: 2011 | U71: 9 | V71: 0 | W71: 1 | X71: 0
A72: Chamilandu | B72: 2013 Cub 1 Female | C72: ELI-918F | D72: 0 | E72: 0 | F72: 0 | G72: 0 | H72: 0 | I72: 0 | J72: 0 | K72: 0 | L72: 1 | M72: 0 | N72: 0 | O72: 0 | P72: 1 | Q72: 0 | R72: 0 | S72: 0 | T72: 2013 | U72: 9 | V72: 0 | W72: 1 | X72: 0
A73: Chamilandu | B73: 2013 Cub 2 Female | C73: ELI-919F | D73: 0 | E73: 0 | F73: 0 | G73: 0 | H73: 0 | I73: 0 | J73: 0 | K73: 0 | L73: 1 | M73: 0 | N73: 0 | O73: 0 | P73: 1 | Q73: 0 | R73: 0 | S73: 0 | T73: 2013 | U73: 9 | V73: 0 | W73: 1 | X73: 0
A74: Chamilandu | B74: Old collar female | C74: ELI-228F | D74: 0 | E74: 0 | F74: 0 | G74: 0 | H74: 0 | I74: 0 | J74: 0 | K74: 0 | L74: 0 | M74: 1 | N74: 0 | O74: 0 | P74: 1 | Q74: 0 | R74: 0 | S74: 0 | T74: 2010 | U74: 8 | V74: 4 | W74: 1 | X74: 0
A75: Chamilandu | B75: 2011 Cub U02 | C75: ELI-441 | D75: 0 | E75: 0 | F75: 0 | G75: 0 | H75: 0 | I75: 0 | J75: 0 | K75: 0 | L75: 0 | M75: 1 | N75: 0 | O75: 0 | P75: 1 | Q75: 1 | R75: 0 | S75: 0 | T75: 2011 | U75: 9 | V75: 0 | W75: 1 | X75: 1
A76: Hollywood | B76: Hollywood M01 | C76: ELI-233 | D76: 0 | E76: 0 | F76: 0 | G76: 0 | H76: 1 | I76: 0 | J76: 0 | K76: 0 | L76: 0 | M76: 0 | N76: 0 | O76: 0 | P76: 1 | Q76: 1 | R76: 0 | S76: 1 | T76: 2009 | U76: 8 | V76: 0 | W76: =VLOOKUP(A76,'pride covariates'!A$2:B$33,2,FALSE) -> 0 | X76: 1 | Y76: =CONCATENATE("/* ",C76," */ ",G76,H76,I76,J76,K76,L76,M76,N76," 1"," ",P76," ",S76," ",R76," ",X76," ",V76," ",W76,";") -> /* ELI-233 */ 01000000 1 1 1 0 1 0 0; | Z76: =CONCATENATE(G76,H76,I76,J76,K76,L76,M76,N76) -> 01000000 | AA76: =CONCATENATE("/*",C76,"*/ ",G76,H76,I76,J76,K76,L76,M76,N76," 1",";") -> /*ELI-233*/ 01000000 1;
A77: Hollywood | B77: Hollywood F01 | C77: ELI-197 | D77: 0 | E77: 0 | F77: 0 | G77: 0 | H77: 1 | I77: 0 | J77: 0 | K77: 0 | L77: 1 | M77: 1 | N77: 0 | O77: 0 | P77: 1 | Q77: 0 | R77: 0 | S77: 1 | T77: 2009 | U77: 8 | V77: 2 | W77: =VLOOKUP(A77,'pride covariates'!A$2:B$33,2,FALSE) -> 0 | X77: 0 | Y77: =CONCATENATE("/* ",C77," */ ",G77,H77,I77,J77,K77,L77,M77,N77," 1"," ",P77," ",S77," ",R77," ",X77," ",V77," ",W77,";") -> /* ELI-197 */ 01000110 1 1 1 0 0 2 0; | Z77: =CONCATENATE(G77,H77,I77,J77,K77,L77,M77,N77) -> 01000110 | AA77: =CONCATENATE("/*",C77,"*/ ",G77,H77,I77,J77,K77,L77,M77,N77," 1",";") -> /*ELI-197*/ 01000110 1;
A78: Hollywood | B78: Hollywood F02 | C78: ELI-198 | D78: 0 | E78: 0 | F78: 0 | G78: 0 | H78: 0 | I78: 0 | J78: 0 | K78: 0 | L78: 1 | M78: 1 | N78: 0 | O78: 0 | P78: 1 | Q78: 0 | R78: 0 | S78: 1 | T78: 2009 | U78: 8 | V78: 5 | W78: =VLOOKUP(A78,'pride covariates'!A$2:B$33,2,FALSE) -> 0 | X78: 0 | Y78: =CONCATENATE("/* ",C78," */ ",G78,H78,I78,J78,K78,L78,M78,N78," 1"," ",P78," ",S78," ",R78," ",X78," ",V78," ",W78,";") -> /* ELI-198 */ 00000110 1 1 1 0 0 5 0; | Z78: =CONCATENATE(G78,H78,I78,J78,K78,L78,M78,N78) -> 00000110 | AA78: =CONCATENATE("/*",C78,"*/ ",G78,H78,I78,J78,K78,L78,M78,N78," 1",";") -> /*ELI-198*/ 00000110 1;
A79: Hollywood | B79: Hollywood F03 | C79: ELI-230 | D79: 0 | E79: 0 | F79: 0 | G79: 0 | H79: 0 | I79: 0 | J79: 0 | K79: 0 | L79: 1 | M79: 1 | N79: 0 | O79: 0 | P79: 1 | Q79: 0 | R79: 0 | S79: 1 | T79: 2009 | U79: 8 | V79: 4 | W79: =VLOOKUP(A79,'pride covariates'!A$2:B$33,2,FALSE) -> 0 | X79: 0 | Y79: =CONCATENATE("/* ",C79," */ ",G79,H79,I79,J79,K79,L79,M79,N79," 1"," ",P79," ",S79," ",R79," ",X79," ",V79," ",W79,";") -> /* ELI-230 */ 00000110 1 1 1 0 0 4 0; | Z79: =CONCATENATE(G79,H79,I79,J79,K79,L79,M79,N79) -> 00000110 | AA79: =CONCATENATE("/*",C79,"*/ ",G79,H79,I79,J79,K79,L79,M79,N79," 1",";") -> /*ELI-230*/ 00000110 1;
A80: Hollywood | B80: Hollywood F04 | C80: ELI-231 | D80: 0 | E80: 0 | F80: 0 | G80: 0 | H80: 0 | I80: 0 | J80: 1 | K80: 0 | L80: 1 | M80: 1 | N80: 0 | O80: 0 | P80: 1 | Q80: 0 | R80: 0 | S80: 1 | T80: 2009 | U80: 8 | V80: 0 | W80: =VLOOKUP(A80,'pride covariates'!A$2:B$33,2,FALSE) -> 0 | X80: 0 | Y80: =CONCATENATE("/* ",C80," */ ",G80,H80,I80,J80,K80,L80,M80,N80," 1"," ",P80," ",S80," ",R80," ",X80," ",V80," ",W80,";") -> /* ELI-231 */ 00010110 1 1 1 0 0 0 0; | Z80: =CONCATENATE(G80,H80,I80,J80,K80,L80,M80,N80) -> 00010110 | AA80: =CONCATENATE("/*",C80,"*/ ",G80,H80,I80,J80,K80,L80,M80,N80," 1",";") -> /*ELI-231*/ 00010110 1;
A81: Hollywood | B81: Hollywood F05 | C81: ELI-232 | D81: 0 | E81: 0 | F81: 0 | G81: 0 | H81: 1 | I81: 0 | J81: 0 | K81: 0 | L81: 0 | M81: 0 | N81: 0 | O81: 0 | P81: 1 | Q81: 0 | R81: 0 | S81: 1 | T81: 2009 | U81: 8 | V81: 0 | W81: =VLOOKUP(A81,'pride covariates'!A$2:B$33,2,FALSE) -> 0 | X81: 0 | Y81: =CONCATENATE("/* ",C81," */ ",G81,H81,I81,J81,K81,L81,M81,N81," 1"," ",P81," ",S81," ",R81," ",X81," ",V81," ",W81,";") -> /* ELI-232 */ 01000000 1 1 1 0 0 0 0; | Z81: =CONCATENATE(G81,H81,I81,J81,K81,L81,M81,N81) -> 01000000 | AA81: =CONCATENATE("/*",C81,"*/ ",G81,H81,I81,J81,K81,L81,M81,N81," 1",";") -> /*ELI-232*/ 01000000 1;
A82: Hollywood | B82: Hollywood F06 | C82: ELI-424 | D82: 0 | E82: 0 | F82: 0 | G82: 0 | H82: 1 | I82: 0 | J82: 0 | K82: 0 | L82: 0 | M82: 1 | N82: 0 | O82: 0 | P82: 1 | Q82: 0 | R82: 0 | S82: 1 | T82: 2012 | U82: 10 | V82: 3 | W82: =VLOOKUP(A82,'pride covariates'!A$2:B$33,2,FALSE) -> 0 | X82: 0 | Y82: =CONCATENATE("/* ",C82," */ ",G82,H82,I82,J82,K82,L82,M82,N82," 1"," ",P82," ",S82," ",R82," ",X82," ",V82," ",W82,";") -> /* ELI-424 */ 01000010 1 1 1 0 0 3 0; | Z82: =CONCATENATE(G82,H82,I82,J82,K82,L82,M82,N82) -> 01000010 | AA82: =CONCATENATE("/*",C82,"*/ ",G82,H82,I82,J82,K82,L82,M82,N82," 1",";") -> /*ELI-424*/ 01000010 1;
A83: Hollywood | B83: Hollywood F07 | C83: ELI-425 | D83: 0 | E83: 0 | F83: 0 | G83: 0 | H83: 0 | I83: 0 | J83: 1 | K83: 0 | L83: 1 | M83: 1 | N83: 0 | O83: 0 | P83: 1 | Q83: 0 | R83: 0 | S83: 1 | T83: 2011 | U83: 6 | V83: 2 | W83: =VLOOKUP(A83,'pride covariates'!A$2:B$33,2,FALSE) -> 0 | X83: 0 | Y83: =CONCATENATE("/* ",C83," */ ",G83,H83,I83,J83,K83,L83,M83,N83," 1"," ",P83," ",S83," ",R83," ",X83," ",V83," ",W83,";") -> /* ELI-425 */ 00010110 1 1 1 0 0 2 0; | Z83: =CONCATENATE(G83,H83,I83,J83,K83,L83,M83,N83) -> 00010110 | AA83: =CONCATENATE("/*",C83,"*/ ",G83,H83,I83,J83,K83,L83,M83,N83," 1",";") -> /*ELI-425*/ 00010110 1;
A84: Hollywood | B84: Hollywood 2013Cub1 | C84: ELI-612 | D84: 0 | E84: 0 | F84: 0 | G84: 0 | H84: 0 | I84: 0 | J84: 0 | K84: 0 | L84: 1 | M84: 1 | N84: 0 | O84: 0 | P84: 1 | Q84: 0 | R84: 1 | S84: 1 | T84: 2013 | U84: 9 | V84: 0 | W84: =VLOOKUP(A84,'pride covariates'!A$2:B$33,2,FALSE) -> 0 | X84: 0 | Y84: =CONCATENATE("/* ",C84," */ ",G84,H84,I84,J84,K84,L84,M84,N84," 1"," ",P84," ",S84," ",R84," ",X84," ",V84," ",W84,";") -> /* ELI-612 */ 00000110 1 1 1 1 0 0 0; | Z84: =CONCATENATE(G84,H84,I84,J84,K84,L84,M84,N84) -> 00000110 | AA84: =CONCATENATE("/*",C84,"*/ ",G84,H84,I84,J84,K84,L84,M84,N84," 1",";") -> /*ELI-612*/ 00000110 1;
A85: Hollywood | B85: Hollywood 2013Cub2 | C85: ELI-613 | D85: 0 | E85: 0 | F85: 0 | G85: 0 | H85: 0 | I85: 0 | J85: 0 | K85: 0 | L85: 1 | M85: 1 | N85: 0 | O85: 0 | P85: 1 | Q85: 0 | R85: 0 | S85: 1 | T85: 2013 | U85: 9 | V85: 0 | W85: =VLOOKUP(A85,'pride covariates'!A$2:B$33,2,FALSE) -> 0 | X85: 0 | Y85: =CONCATENATE("/* ",C85," */ ",G85,H85,I85,J85,K85,L85,M85,N85," 1"," ",P85," ",S85," ",R85," ",X85," ",V85," ",W85,";") -> /* ELI-613 */ 00000110 1 1 1 0 0 0 0; | Z85: =CONCATENATE(G85,H85,I85,J85,K85,L85,M85,N85) -> 00000110 | AA85: =CONCATENATE("/*",C85,"*/ ",G85,H85,I85,J85,K85,L85,M85,N85," 1",";") -> /*ELI-613*/ 00000110 1;
A86: Hollywood | B86: Hollywood 2013Cub3 | C86: ELI-615 | D86: 0 | E86: 0 | F86: 0 | G86: 0 | H86: 0 | I86: 0 | J86: 0 | K86: 0 | L86: 1 | M86: 1 | N86: 0 | O86: 0 | P86: 1 | Q86: 1 | R86: 0 | S86: 1 | T86: 2013 | U86: 9 | V86: 0 | W86: =VLOOKUP(A86,'pride covariates'!A$2:B$33,2,FALSE) -> 0 | X86: 1 | Y86: =CONCATENATE("/* ",C86," */ ",G86,H86,I86,J86,K86,L86,M86,N86," 1"," ",P86," ",S86," ",R86," ",X86," ",V86," ",W86,";") -> /* ELI-615 */ 00000110 1 1 1 0 1 0 0; | Z86: =CONCATENATE(G86,H86,I86,J86,K86,L86,M86,N86) -> 00000110 | AA86: =CONCATENATE("/*",C86,"*/ ",G86,H86,I86,J86,K86,L86,M86,N86," 1",";") -> /*ELI-615*/ 00000110 1;
A87: Hollywood | B87: Hollywood 2013Cub4 | C87: ELI-616 | D87: 0 | E87: 0 | F87: 0 | G87: 0 | H87: 0 | I87: 0 | J87: 0 | K87: 0 | L87: 1 | M87: 1 | N87: 0 | O87: 0 | P87: 1 | Q87: 0 | R87: 0 | S87: 1 | T87: 2013 | U87: 9 | V87: 0 | W87: =VLOOKUP(A87,'pride covariates'!A$2:B$33,2,FALSE) -> 0 | X87: 0 | Y87: =CONCATENATE("/* ",C87," */ ",G87,H87,I87,J87,K87,L87,M87,N87," 1"," ",P87," ",S87," ",R87," ",X87," ",V87," ",W87,";") -> /* ELI-616 */ 00000110 1 1 1 0 0 0 0; | Z87: =CONCATENATE(G87,H87,I87,J87,K87,L87,M87,N87) -> 00000110 | AA87: =CONCATENATE("/*",C87,"*/ ",G87,H87,I87,J87,K87,L87,M87,N87," 1",";") -> /*ELI-616*/ 00000110 1;
... A89: Hollywood | B89: Hollywood 2013Cub6 | C89: ELI-618 | D89: 0 | E89: 0 | F89: 0 | G89: 0 | H89: 0 | I89: 0 | J89: 0 | K89: 0 | L89: 1 | M89: 1 | N89: 0 | O89: 0 | P89: 1 | Q89: 0 | R89: 0 | S89: 1 | T89: 2013 | U89: 9 | V89: 0 | W89: =VLOOKUP(A89,'pride covariates'!A$2:B$33,2,FALSE) -> 0 | X89: 0 | Y89: =CONCATENATE("/* ",C89," */ ",G89,H89,I89,J89,K89,L89,M89,N89," 1"," ",P89," ",S89," ",R89," ",X89," ",V89," ",W89,";") -> /* ELI-618 */ 00000110 1 1 1 0 0 0 0; | Z89: =CONCATENATE(G89,H89,I89,J89,K89,L89,M89,N89) -> 00000110 | AA89: =CONCATENATE("/*",C89,"*/ ",G89,H89,I89,J89,K89,L89,M89,N89," 1",";") -> /*ELI-618*/ 00000110 1;
A90: Hollywood | B90: Hollywood 2013Cub7 | C90: ELI-619 | D90: 0 | E90: 0 | F90: 0 | G90: 0 | H90: 0 | I90: 0 | J90: 0 | K90: 0 | L90: 0 | M90: 1 | N90: 0 | O90: 0 | P90: 0 | Q90: NA | R90: 1 | S90: 1 | T90: 2013 | U90: 10 | V90: 0 | W90: =VLOOKUP(A90,'pride covariates'!A$2:B$33,2,FALSE) -> 0 | X90: 0 | Y90: =CONCATENATE("/* ",C90," */ ",G90,H90,I90,J90,K90,L90,M90,N90," 1"," ",P90," ",S90," ",R90," ",X90," ",V90," ",W90,";") -> /* ELI-619 */ 00000010 1 0 1 1 0 0 0; | Z90: =CONCATENATE(G90,H90,I90,J90,K90,L90,M90,N90) -> 00000010 | AA90: =CONCATENATE("/*",C90,"*/ ",G90,H90,I90,J90,K90,L90,M90,N90," 1",";") -> /*ELI-619*/ 00000010 1;
A91: Hollywood | B91: Hollywood 2013Cub8 | C91: ELI-HW2 | D91: 0 | E91: 0 | F91: 0 | G91: 0 | H91: 0 | I91: 0 | J91: 0 | K91: 0 | L91: 0 | M91: 1 | N91: 0 | O91: 0 | P91: 0 | Q91: NA | R91: 1 | S91: 1 | T91: 2013 | U91: 10 | V91: 0 | W91: =VLOOKUP(A91,'pride covariates'!A$2:B$33,2,FALSE) -> 0 | X91: 1 | Y91: =CONCATENATE("/* ",C91," */ ",G91,H91,I91,J91,K91,L91,M91,N91," 1"," ",P91," ",S91," ",R91," ",X91," ",V91," ",W91,";") -> /* ELI-HW2 */ 00000010 1 0 1 1 1 0 0; | Z91: =CONCATENATE(G91,H91,I91,J91,K91,L91,M91,N91) -> 00000010 | AA91: =CONCATENATE("/*",C91,"*/ ",G91,H91,I91,J91,K91,L91,M91,N91," 1",";") -> /*ELI-HW2*/ 00000010 1;
A92: Luwi | B92: Luwi F03 | C92: ELI-154 | D92: 1 | E92: 1 | F92: 1 | G92: 1 | H92: 1 | I92: 0 | J92: 0 | K92: 0 | L92: 0 | M92: 0 | N92: 1 | O92: 0 | P92: 1 | Q92: 0 | R92: 0 | S92: 1 | T92: 2008 | U92: 7 | V92: 4 | W92: =VLOOKUP(A92,'pride covariates'!A$2:B$33,2,FALSE) -> 1 | X92: 0 | Y92: =CONCATENATE("/* ",C92," */ ",G92,H92,I92,J92,K92,L92,M92,N92," 1"," ",P92," ",S92," ",R92," ",X92," ",V92," ",W92,";") -> /* ELI-154 */ 11000001 1 1 1 0 0 4 1; | Z92: =CONCATENATE(G92,H92,I92,J92,K92,L92,M92,N92) -> 11000001 | AA92: =CONCATENATE("/*",C92,"*/ ",G92,H92,I92,J92,K92,L92,M92,N92," 1",";") -> /*ELI-154*/ 11000001 1;
A93: Luwi | B93: Luwi F04 | C93: ELI-155 | D93: 0 | E93: 0 | F93: 0 | G93: 0 | H93: 1 | I93: 0 | J93: 0 | K93: 1 | L93: 0 | M93: 1 | N93: 1 | O93: 0 | P93: 1 | Q93: 0 | R93: 0 | S93: 1 | T93: 2008 | U93: 5 | V93: 2 | W93: =VLOOKUP(A93,'pride covariates'!A$2:B$33,2,FALSE) -> 1 | X93: 0 | Y93: =CONCATENATE("/* ",C93," */ ",G93,H93,I93,J93,K93,L93,M93,N93," 1"," ",P93," ",S93," ",R93," ",X93," ",V93," ",W93,";") -> /* ELI-155 */ 01001011 1 1 1 0 0 2 1; | Z93: =CONCATENATE(G93,H93,I93,J93,K93,L93,M93,N93) -> 01001011 | AA93: =CONCATENATE("/*",C93,"*/ ",G93,H93,I93,J93,K93,L93,M93,N93," 1",";") -> /*ELI-155*/ 01001011 1;
A94: Luwi | B94: Luwi F10 | C94: ELI-369 | D94: 0 | E94: 0 | F94: 0 | G94: 0 | H94: 1 | I94: 0 | J94: 0 | K94: 0 | L94: 0 | M94: 1 | N94: 1 | O94: 0 | P94: 1 | Q94: 0 | R94: 0 | S94: 1 | T94: 2010 | U94: 5 | V94: 0 | W94: =VLOOKUP(A94,'pride covariates'!A$2:B$33,2,FALSE) -> 1 | X94: 0 | Y94: =CONCATENATE("/* ",C94," */ ",G94,H94,I94,J94,K94,L94,M94,N94," 1"," ",P94," ",S94," ",R94," ",X94," ",V94," ",W94,";") -> /* ELI-369 */ 01000011 1 1 1 0 0 0 1; | Z94: =CONCATENATE(G94,H94,I94,J94,K94,L94,M94,N94) -> 01000011 | AA94: =CONCATENATE("/*",C94,"*/ ",G94,H94,I94,J94,K94,L94,M94,N94," 1",";") -> /*ELI-369*/ 01000011 1;
A95: Luwi | B95: Luwi M05 | C95: ELI-370 | D95: 0 | E95: 0 | F95: 0 | G95: 0 | H95: 1 | I95: 0 | J95: 0 | K95: 0 | L95: 0 | M95: 1 | N95: 1 | O95: 0 | P95: 1 | Q95: 1 | R95: 0 | S95: 1 | T95: 2010 | U95: 5 | V95: 0 | W95: =VLOOKUP(A95,'pride covariates'!A$2:B$33,2,FALSE) -> 1 | X95: 1 | Y95: =CONCATENATE("/* ",C95," */ ",G95,H95,I95,J95,K95,L95,M95,N95," 1"," ",P95," ",S95," ",R95," ",X95," ",V95," ",W95,";") -> /* ELI-370 */ 01000011 1 1 1 0 1 0 1; | Z95: =CONCATENATE(G95,H95,I95,J95,K95,L95,M95,N95) -> 01000011 | AA95: =CONCATENATE("/*",C95,"*/ ",G95,H95,I95,J95,K95,L95,M95,N95," 1",";") -> /*ELI-370*/ 01000011 1;
A96: Luwi | B96: Manky Ear | C96: ELI-159 | D96: 0 | E96: 0 | F96: 0 | G96: 0 | H96: 1 | I96: 0 | J96: 0 | K96: 0 | L96: 0 | M96: 1 | N96: 1 | O96: 1 | P96: 1 | Q96: 0 | R96: 0 | S96: 1 | T96: 2008 | U96: 6 | V96: 0 | W96: =VLOOKUP(A96,'pride covariates'!A$2:B$33,2,FALSE) -> 1 | X96: 0 | Y96: =CONCATENATE("/* ",C96," */ ",G96,H96,I96,J96,K96,L96,M96,N96," 1"," ",P96," ",S96," ",R96," ",X96," ",V96," ",W96,";") -> /* ELI-159 */ 01000011 1 1 1 0 0 0 1; | Z96: =CONCATENATE(G96,H96,I96,J96,K96,L96,M96,N96) -> 01000011 | AA96: =CONCATENATE("/*",C96,"*/ ",G96,H96,I96,J96,K96,L96,M96,N96," 1",";") -> /*ELI-159*/ 01000011 1;
A97: Mwamba I | B97: Mwamba I F01 | C97: ELI-124 | D97: 0 | E97: 0 | F97: 0 | G97: 0 | H97: 0 | I97: 0 | J97: 0 | K97: 1 | L97: 0 | M97: 0 | N97: 1 | O97: 1 | P97: 1 | Q97: 0 | R97: 0 | S97: 1 | T97: 2008 | U97: 9 | V97: 6 | W97: =VLOOKUP(A97,'pride covariates'!A$2:B$33,2,FALSE) -> 1 | X97: 0 | Y97: =CONCATENATE("/* ",C97," */ ",G97,H97,I97,J97,K97,L97,M97,N97," 1"," ",P97," ",S97," ",R97," ",X97," ",V97," ",W97,";") -> /* ELI-124 */ 00001001 1 1 1 0 0 6 1; | Z97: =CONCATENATE(G97,H97,I97,J97,K97,L97,M97,N97) -> 00001001 | AA97: =CONCATENATE("/*",C97,"*/ ",G97,H97,I97,J97,K97,L97,M97,N97," 1",";") -> /*ELI-124*/ 00001001 1;
A98: Mwamba I | B98: Mwamba I F02 | C98: ELI-125 | D98: 0 | E98: 0 | F98: 0 | G98: 0 | H98: 0 | I98: 0 | J98: 0 | K98: 1 | L98: 0 | M98: 0 | N98: 1 | O98: 1 | P98: 1 | Q98: 0 | R98: 0 | S98: 1 | T98: 2008 | U98: 9 | V98: 7 | W98: =VLOOKUP(A98,'pride covariates'!A$2:B$33,2,FALSE) -> 1 | X98: 0 | Y98: =CONCATENATE("/* ",C98," */ ",G98,H98,I98,J98,K98,L98,M98,N98," 1"," ",P98," ",S98," ",R98," ",X98," ",V98," ",W98,";") -> /* ELI-125 */ 00001001 1 1 1 0 0 7 1; | Z98: =CONCATENATE(G98,H98,I98,J98,K98,L98,M98,N98) -> 00001001 | AA98: =CONCATENATE("/*",C98,"*/ ",G98,H98,I98,J98,K98,L98,M98,N98," 1",";") -> /*ELI-125*/ 00001001 1;
A99: Mwamba I | B99: Mwamba I F04 | C99: ELI-126 | D99: 0 | E99: 0 | F99: 0 | G99: 0 | H99: 0 | I99: 0 | J99: 0 | K99: 1 | L99: 0 | M99: 0 | N99: 1 | O99: 1 | P99: 1 | Q99: 0 | R99: 0 | S99: 1 | T99: 2008 | U99: 9 | V99: 3 | W99: =VLOOKUP(A99,'pride covariates'!A$2:B$33,2,FALSE) -> 1 | X99: 0 | Y99: =CONCATENATE("/* ",C99," */ ",G99,H99,I99,J99,K99,L99,M99,N99," 1"," ",P99," ",S99," ",R99," ",X99," ",V99," ",W99,";") -> /* ELI-126 */ 00001001 1 1 1 0 0 3 1; | Z99: =CONCATENATE(G99,H99,I99,J99,K99,L99,M99,N99) -> 00001001 | AA99: =CONCATENATE("/*",C99,"*/ ",G99,H99,I99,J99,K99,L99,M99,N99," 1",";") -> /*ELI-126*/ 00001001 1;
A100: Mwamba I | B100: Mwamba I F05 | C100: ELI-127 | D100: 0 | E100: 0 | F100: 0 | G100: 0 | H100: 0 | I100: 0 | J100: 0 | K100: 1 | L100: 0 | M100: 0 | N100: 1 | O100: 1 | P100: 1 | Q100: 0 | R100: 0 | S100: 1 | T100: 2008 | U100: 9 | V100: 2 | W100: =VLOOKUP(A100,'pride covariates'!A$2:B$33,2,FALSE) -> 1 | X100: 0 | Y100: =CONCATENATE("/* ",C100," */ ",G100,H100,I100,J100,K100,L100,M100,N100," 1"," ",P100," ",S100," ",R100," ",X100," ",V100," ",W100,";") -> /* ELI-127 */ 00001001 1 1 1 0 0 2 1; | Z100: =CONCATENATE(G100,H100,I100,J100,K100,L100,M100,N100) -> 00001001 | AA100: =CONCATENATE("/*",C100,"*/ ",G100,H100,I100,J100,K100,L100,M100,N100," 1",";") -> /*ELI-127*/ 00001001 1;
A101: Mwamba I | B101: Mwamba I | C101: ELI-657 | D101: 0 | E101: 0 | F101: 0 | G101: 0 | H101: 0 | I101: 0 | J101: 0 | K101: 1 | L101: 1 | M101: 0 | N101: 1 | O101: 1 | P101: 1 | Q101: 1 | R101: 0 | S101: 1 | T101: 2013 | U101: 8 | V101: 0 | W101: =VLOOKUP(A101,'pride covariates'!A$2:B$33,2,FALSE) -> 1 | X101: 1 | Y101: =CONCATENATE("/* ",C101," */ ",G101,H101,I101,J101,K101,L101,M101,N101," 1"," ",P101," ",S101," ",R101," ",X101," ",V101," ",W101,";") -> /* ELI-657 */ 00001101 1 1 1 0 1 0 1; | Z101: =CONCATENATE(G101,H101,I101,J101,K101,L101,M101,N101) -> 00001101 | AA101: =CONCATENATE("/*",C101,"*/ ",G101,H101,I101,J101,K101,L101,M101,N101," 1",";") -> /*ELI-657*/ 00001101 1;
A102: Mwamba I | B102: Mwamba I | C102: ELI-658 | D102: 0 | E102: 0 | F102: 0 | G102: 0 | H102: 0 | I102: 0 | J102: 0 | K102: 0 | L102: 0 | M102: 0 | N102: 1 | O102: 1 | P102: 1 | Q102: 0 | R102: 0 | S102: 1 | T102: 2013 | U102: 11 | V102: 1 | W102: =VLOOKUP(A102,'pride covariates'!A$2:B$33,2,FALSE) -> 1 | X102: 0 | Y102: =CONCATENATE("/* ",C102," */ ",G102,H102,I102,J102,K102,L102,M102,N102," 1"," ",P102," ",S102," ",R102," ",X102," ",V102," ",W102,";") -> /* ELI-658 */ 00000001 1 1 1 0 0 1 1; | Z102: =CONCATENATE(G102,H102,I102,J102,K102,L102,M102,N102) -> 00000001 | AA102: =CONCATENATE("/*",C102,"*/ ",G102,H102,I102,J102,K102,L102,M102,N102," 1",";") -> /*ELI-658*/ 00000001 1;
A103: Mwamba I | B103: Mwamba I | C103: ELI-659 | D103: 0 | E103: 0 | F103: 0 | G103: 0 | H103: 0 | I103: 0 | J103: 0 | K103: 1 | L103: 0 | M103: 0 | N103: 1 | O103: 1 | P103: 1 | Q103: 0 | R103: 0 | S103: 1 | T103: 2013 | U103: 8 | V103: 0 | W103: =VLOOKUP(A103,'pride covariates'!A$2:B$33,2,FALSE) -> 1 | X103: 0 | Y103: =CONCATENATE("/* ",C103," */ ",G103,H103,I103,J103,K103,L103,M103,N103," 1"," ",P103," ",S103," ",R103," ",X103," ",V103," ",W103,";") -> /* ELI-659 */ 00001001 1 1 1 0 0 0 1; | Z103: =CONCATENATE(G103,H103,I103,J103,K103,L103,M103,N103) -> 00001001 | AA103: =CONCATENATE("/*",C103,"*/ ",G103,H103,I103,J103,K103,L103,M103,N103," 1",";") -> /*ELI-659*/ 00001001 1;
... A117: Mwamba II | B117: Mwamba II Cub 01 | C117: ELI-647 | D117: 0 | E117: 0 | F117: 0 | G117: 0 | H117: 0 | I117: 0 | J117: 0 | K117: 1 | L117: 1 | M117: 0 | N117: 0 | O117: 0 | P117: 1 | Q117: 0 | R117: 0 | S117: 1 | T117: 2013 | U117: 8 | V117: 0 | W117: =VLOOKUP(A117,'pride covariates'!A$2:B$33,2,FALSE) -> 0 | X117: 0 | Y117: =CONCATENATE("/* ",C117," */ ",G117,H117,I117,J117,K117,L117,M117,N117," 1"," ",P117," ",S117," ",R117," ",X117," ",V117," ",W117,";") -> /* ELI-647 */ 00001100 1 1 1 0 0 0 0; | Z117: =CONCATENATE(G117,H117,I117,J117,K117,L117,M117,N117) -> 00001100 | AA117: =CONCATENATE("/*",C117,"*/ ",G117,H117,I117,J117,K117,L117,M117,N117," 1",";") -> /*ELI-647*/ 00001100 1;
A118: Mwamba II | B118: Mwamba II Cub 02 | C118: ELI-648 | D118: 0 | E118: 0 | F118: 0 | G118: 0 | H118: 0 | I118: 0 | J118: 0 | K118: 1 | L118: 0 | M118: 0 | N118: 0 | O118: 0 | P118: 0 | Q118: NA | R118: 1 | S118: 1 | T118: 2013 | U118: 8 | V118: 0 | W118: =VLOOKUP(A118,'pride covariates'!A$2:B$33,2,FALSE) -> 0 | X118: 0 | Y118: =CONCATENATE("/* ",C118," */ ",G118,H118,I118,J118,K118,L118,M118,N118," 1"," ",P118," ",S118," ",R118," ",X118," ",V118," ",W118,";") -> /* ELI-648 */ 00001000 1 0 1 1 0 0 0; | Z118: =CONCATENATE(G118,H118,I118,J118,K118,L118,M118,N118) -> 00001000 | AA118: =CONCATENATE("/*",C118,"*/ ",G118,H118,I118,J118,K118,L118,M118,N118," 1",";") -> /*ELI-648*/ 00001000 1;
A119: Mwamba II | B119: Mwamba II Cub 03 | C119: ELI-649 | D119: 0 | E119: 0 | F119: 0 | G119: 0 | H119: 0 | I119: 0 | J119: 0 | K119: 1 | L119: 0 | M119: 0 | N119: 0 | O119: 0 | P119: 0 | Q119: NA | R119: 1 | S119: 1 | T119: 2013 | U119: 8 | V119: 0 | W119: =VLOOKUP(A119,'pride covariates'!A$2:B$33,2,FALSE) -> 0 | X119: 1 | Y119: =CONCATENATE("/* ",C119," */ ",G119,H119,I119,J119,K119,L119,M119,N119," 1"," ",P119," ",S119," ",R119," ",X119," ",V119," ",W119,";") -> /* ELI-649 */ 00001000 1 0 1 1 1 0 0; | Z119: =CONCATENATE(G119,H119,I119,J119,K119,L119,M119,N119) -> 00001000 | AA119: =CONCATENATE("/*",C119,"*/ ",G119,H119,I119,J119,K119,L119,M119,N119," 1",";") -> /*ELI-649*/ 00001000 1;
A120: Mwamba II | B120: Mwamba II Cub 04 | C120: ELI-650 | D120: 0 | E120: 0 | F120: 0 | G120: 0 | H120: 0 | I120: 0 | J120: 0 | K120: 1 | L120: 0 | M120: 0 | N120: 0 | O120: 0 | P120: 0 | Q120: NA | R120: 1 | S120: 1 | T120: 2013 | U120: 8 | V120: 0 | W120: =VLOOKUP(A120,'pride covariates'!A$2:B$33,2,FALSE) -> 0 | X120: 0 | Y120: =CONCATENATE("/* ",C120," */ ",G120,H120,I120,J120,K120,L120,M120,N120," 1"," ",P120," ",S120," ",R120," ",X120," ",V120," ",W120,";") -> /* ELI-650 */ 00001000 1 0 1 1 0 0 0; | Z120: =CONCATENATE(G120,H120,I120,J120,K120,L120,M120,N120) -> 00001000 | AA120: =CONCATENATE("/*",C120,"*/ ",G120,H120,I120,J120,K120,L120,M120,N120," 1",";") -> /*ELI-650*/ 00001000 1;
A121: Mwamba II | B121: Mwamba II Cub 05 | C121: ELI-651 | D121: 0 | E121: 0 | F121: 0 | G121: 0 | H121: 0 | I121: 0 | J121: 0 | K121: 1 | L121: 0 | M121: 0 | N121: 0 | O121: 0 | P121: 0 | Q121: NA | R121: 1 | S121: 1 | T121: 2013 | U121: 8 | V121: 0 | W121: =VLOOKUP(A121,'pride covariates'!A$2:B$33,2,FALSE) -> 0 | X121: 1 | Y121: =CONCATENATE("/* ",C121," */ ",G121,H121,I121,J121,K121,L121,M121,N121," 1"," ",P121," ",S121," ",R121," ",X121," ",V121," ",W121,";") -> /* ELI-651 */ 00001000 1 0 1 1 1 0 0; | Z121: =CONCATENATE(G121,H121,I121,J121,K121,L121,M121,N121) -> 00001000 | AA121: =CONCATENATE("/*",C121,"*/ ",G121,H121,I121,J121,K121,L121,M121,N121," 1",";") -> /*ELI-651*/ 00001000 1;
A122: Mwamba II | B122: Mwamba II Cub 06 | C122: ELI-652 | D122: 0 | E122: 0 | F122: 0 | G122: 0 | H122: 0 | I122: 0 | J122: 0 | K122: 1 | L122: 0 | M122: 0 | N122: 0 | O122: 0 | P122: 0 | Q122: NA | R122: 1 | S122: 1 | T122: 2013 | U122: 8 | V122: 0 | W122: =VLOOKUP(A122,'pride covariates'!A$2:B$33,2,FALSE) -> 0 | X122: 0 | Y122: =CONCATENATE("/* ",C122," */ ",G122,H122,I122,J122,K122,L122,M122,N122," 1"," ",P122," ",S122," ",R122," ",X122," ",V122," ",W122,";") -> /* ELI-652 */ 00001000 1 0 1 1 0 0 0; | Z122: =CONCATENATE(G122,H122,I122,J122,K122,L122,M122,N122) -> 00001000 | AA122: =CONCATENATE("/*",C122,"*/ ",G122,H122,I122,J122,K122,L122,M122,N122," 1",";") -> /*ELI-652*/ 00001000 1;
A123: Mwamba II | B123: Mwamba II Cub 07 | C123: ELI-653 | D123: 0 | E123: 0 | F123: 0 | G123: 0 | H123: 0 | I123: 0 | J123: 0 | K123: 1 | L123: 0 | M123: 0 | N123: 0 | O123: 0 | P123: 0 | Q123: NA | R123: 1 | S123: 1 | T123: 2013 | U123: 8 | V123: 0 | W123: =VLOOKUP(A123,'pride covariates'!A$2:B$33,2,FALSE) -> 0 | X123: 1 | Y123: =CONCATENATE("/* ",C123," */ ",G123,H123,I123,J123,K123,L123,M123,N123," 1"," ",P123," ",S123," ",R123," ",X123," ",V123," ",W123,";") -> /* ELI-653 */ 00001000 1 0 1 1 1 0 0; | Z123: =CONCATENATE(G123,H123,I123,J123,K123,L123,M123,N123) -> 00001000 | AA123: =CONCATENATE("/*",C123,"*/ ",G123,H123,I123,J123,K123,L123,M123,N123," 1",";") -> /*ELI-653*/ 00001000 1;
A124: Nsolo | B124: Nsolo F06 | C124: ELI-215 | D124: 0 | E124: 0 | F124: 0 | G124: 1 | H124: 1 | I124: 0 | J124: 1 | K124: 0 | L124: 0 | M124: 0 | N124: 0 | O124: 0 | P124: 1 | Q124: 0 | R124: 0 | S124: 1 | T124: 2008 | U124: 10 | V124: 0 | W124: =VLOOKUP(A124,'pride covariates'!A$2:B$33,2,FALSE) -> 1 | X124: 0 | Y124: =CONCATENATE("/* ",C124," */ ",G124,H124,I124,J124,K124,L124,M124,N124," 1"," ",P124," ",S124," ",R124," ",X124," ",V124," ",W124,";") -> /* ELI-215 */ 11010000 1 1 1 0 0 0 1; | Z124: =CONCATENATE(G124,H124,I124,J124,K124,L124,M124,N124) -> 11010000 | AA124: =CONCATENATE("/*",C124,"*/ ",G124,H124,I124,J124,K124,L124,M124,N124," 1",";") -> /*ELI-215*/ 11010000 1;
A125: Nsolo | B125: Nsolo Pride F02 | C125: ELI-209 | D125: 1 | E125: 1 | F125: 1 | G125: 1 | H125: 1 | I125: 0 | J125: 0 | K125: 0 | L125: 0 | M125: 0 | N125: 0 | O125: 0 | P125: 1 | Q125: 0 | R125: 0 | S125: 1 | T125: 2008 | U125: 10 | V125: 4 | W125: =VLOOKUP(A125,'pride covariates'!A$2:B$33,2,FALSE) -> 1 | X125: 0 | Y125: =CONCATENATE("/* ",C125," */ ",G125,H125,I125,J125,K125,L125,M125,N125," 1"," ",P125," ",S125," ",R125," ",X125," ",V125," ",W125,";") -> /* ELI-209 */ 11000000 1 1 1 0 0 4 1; | Z125: =CONCATENATE(G125,H125,I125,J125,K125,L125,M125,N125) -> 11000000 | AA125: =CONCATENATE("/*",C125,"*/ ",G125,H125,I125,J125,K125,L125,M125,N125," 1",";") -> /*ELI-209*/ 11000000 1;
A126: Nsolo | B126: Nsolo Pride F03 | C126: ELI-210 | D126: 0 | E126: 0 | F126: 0 | G126: 1 | H126: 1 | I126: 0 | J126: 1 | K126: 0 | L126: 0 | M126: 0 | N126: 0 | O126: 0 | P126: 1 | Q126: 0 | R126: 0 | S126: 1 | T126: 2008 | U126: 10 | V126: 6 | W126: =VLOOKUP(A126,'pride covariates'!A$2:B$33,2,FALSE) -> 1 | X126: 0 | Y126: =CONCATENATE("/* ",C126," */ ",G126,H126,I126,J126,K126,L126,M126,N126," 1"," ",P126," ",S126," ",R126," ",X126," ",V126," ",W126,";") -> /* ELI-210 */ 11010000 1 1 1 0 0 6 1; | Z126: =CONCATENATE(G126,H126,I126,J126,K126,L126,M126,N126) -> 11010000 | AA126: =CONCATENATE("/*",C126,"*/ ",G126,H126,I126,J126,K126,L126,M126,N126," 1",";") -> /*ELI-210*/ 11010000 1;
...

Sheet input_format
A1: =CONCATENATE("/*",LEFT(allpride!C2,7),"*/ ",allpride!G2,allpride!H2,allpride!I2,allpride!J2,allpride!K2,allpride!L2,allpride!M2,allpride!N2," 1;") -> /*ELI-583*/ 00011111 1;
A2: =CONCATENATE("/*",LEFT(allpride!C3,7),"*/ ",allpride!G3,allpride!H3,allpride!I3,allpride!J3,allpride!K3,allpride!L3,allpride!M3,allpride!N3," 1;") -> /*ELI-584*/ 00011111 1;
A3: =CONCATENATE("/*",LEFT(allpride!C4,7),"*/ ",allpride!G4,allpride!H4,allpride!I4,allpride!J4,allpride!K4,allpride!L4,allpride!M4,allpride!N4," 1;") -> /*ELI-585*/ 00011111 1;
A4: =CONCATENATE("/*",LEFT(allpride!C5,7),"*/ ",allpride!G5,allpride!H5,allpride!I5,allpride!J5,allpride!K5,allpride!L5,allpride!M5,allpride!N5," 1;") -> /*ELI-586*/ 00011111 1;
A5: =CONCATENATE("/*",LEFT(allpride!C6,7),"*/ ",allpride!G6,allpride!H6,allpride!I6,allpride!J6,allpride!K6,allpride!L6,allpride!M6,allpride!N6," 1;") -> /*ELI-587*/ 00011111 1;
A6: =CONCATENATE("/*",LEFT(allpride!C7,7),"*/ ",allpride!G7,allpride!H7,allpride!I7,allpride!J7,allpride!K7,allpride!L7,allpride!M7,allpride!N7," 1;") -> /*ELI-590*/ 10011111 1;
A7: =CONCATENATE("/*",LEFT(allpride!C8,7),"*/ ",allpride!G8,allpride!H8,allpride!I8,allpride!J8,allpride!K8,allpride!L8,allpride!M8,allpride!N8," 1;") -> /*ELI-591*/ 10010000 1;
A8: =CONCATENATE("/*",LEFT(allpride!C9,7),"*/ ",allpride!G9,allpride!H9,allpride!I9,allpride!J9,allpride!K9,allpride!L9,allpride!M9,allpride!N9," 1;") -> /*ELI-592*/ 10011111 1;
A9: =CONCATENATE("/*",LEFT(allpride!C10,7),"*/ ",allpride!G10,allpride!H10,allpride!I10,allpride!J10,allpride!K10,allpride!L10,allpride!M10,allpride!N10," 1;") -> /*ELI-593*/ 00011111 1;
A10: =CONCATENATE("/*",LEFT(allpride!C11,7),"*/ ",allpride!G11,allpride!H11,allpride!I11,allpride!J11,allpride!K11,allpride!L11,allpride!M11,allpride!N11," 1;") -> /*ELI-594*/ 00011110 1;
A11: =CONCATENATE("/*",LEFT(allpride!C12,7),"*/ ",allpride!G12,allpride!H12,allpride!I12,allpride!J12,allpride!K12,allpride!L12,allpride!M12,allpride!N12," 1;") -> /*ELI-595*/ 00010010 1;
A12: =CONCATENATE("/*",LEFT(allpride!C13,7),"*/ ",allpride!G13,allpride!H13,allpride!I13,allpride!J13,allpride!K13,allpride!L13,allpride!M13,allpride!N13," 1;") -> /*ELI-596*/ 00010000 1;
... A148: =CONCATENATE("/*",LEFT(allpride!C149,7),"*/ ",allpride!G149,allpride!H149,allpride!I149,allpride!J149,allpride!K149,allpride!L149,allpride!M149,allpride!N149," 1;") -> /*ELI-972*/ 00000110 1;

Sheet 2013_slnp_lion_ch
A1: /*ELI-583*/ 00011111 1;
A2: /*ELI-584*/ 00011111 1;
A3: /*ELI-585*/ 00011111 1;
A4: /*ELI-586*/ 00011111 1;
A5: /*ELI-587*/ 00011111 1;
A6: /*ELI-590*/ 10011111 1;
A7: /*ELI-591*/ 10010000 1;
A8: /*ELI-592*/ 10011111 1;
A9: /*ELI-593*/ 00011111 1;
A10: /*ELI-594*/ 00011110 1;
A11: /*ELI-595*/ 00010010 1;
A12: /*ELI-596*/ 00010000 1;
... A148: /*ELI-972*/ 00000110 1;

Sheet 2013_slnp_lion_3monRD
A1: =CONCATENATE("/*",allpride!C2,"*/ ",allpride!F2,allpride!G2,allpride!H2,allpride!L2,allpride!M2,allpride!N2," 1;") -> /*ELI-583*/ 000111 1;
A2: =CONCATENATE("/*",allpride!C3,"*/ ",allpride!F3,allpride!G3,allpride!H3,allpride!L3,allpride!M3,allpride!N3," 1;") -> /*ELI-584*/ 000111 1;
A3: =CONCATENATE("/*",allpride!C4,"*/ ",allpride!F4,allpride!G4,allpride!H4,allpride!L4,allpride!M4,allpride!N4," 1;") -> /*ELI-585*/ 000111 1;
A4: =CONCATENATE("/*",allpride!C5,"*/ ",allpride!F5,allpride!G5,allpride!H5,allpride!L5,allpride!M5,allpride!N5," 1;") -> /*ELI-586*/ 000111 1;
A5: =CONCATENATE("/*",allpride!C6,"*/ ",allpride!F6,allpride!G6,allpride!H6,allpride!L6,allpride!M6,allpride!N6," 1;") -> /*ELI-587*/ 000111 1;
A6: =CONCATENATE("/*",allpride!C7,"*/ ",allpride!F7,allpride!G7,allpride!H7,allpride!L7,allpride!M7,allpride!N7," 1;") -> /*ELI-590*/ 010111 1;
A7: =CONCATENATE("/*",allpride!C8,"*/ ",allpride!F8,allpride!G8,allpride!H8,allpride!L8,allpride!M8,allpride!N8," 1;") -> /*ELI-591*/ 010000 1;
A8: =CONCATENATE("/*",allpride!C9,"*/ ",allpride!F9,allpride!G9,allpride!H9,allpride!L9,allpride!M9,allpride!N9," 1;") -> /*ELI-592*/ 010111 1;
A9: =CONCATENATE("/*",allpride!C10,"*/ ",allpride!F10,allpride!G10,allpride!H10,allpride!L10,allpride!M10,allpride!N10," 1;") -> /*ELI-593*/ 000111 1;
A10: =CONCATENATE("/*",allpride!C11,"*/ ",allpride!F11,allpride!G11,allpride!H11,allpride!L11,allpride!M11,allpride!N11," 1;") -> /*ELI-594*/ 000110 1;
A11: =CONCATENATE("/*",allpride!C12,"*/ ",allpride!F12,allpride!G12,allpride!H12,allpride!L12,allpride!M12,allpride!N12," 1;") -> /*ELI-595*/ 000010 1;
A12: =CONCATENATE("/*",allpride!C13,"*/ ",allpride!F13,allpride!G13,allpride!H13,allpride!L13,allpride!M13,allpride!N13," 1;") -> /*ELI-596*/ 000000 1;
... A148: =CONCATENATE("/*",allpride!C149,"*/ ",allpride!F149,allpride!G149,allpride!H149,allpride!L149,allpride!M149,allpride!N149," 1;") -> /*ELI-972*/ 000110 1;
