Workbook

Sheet BCC
C1: Jan | D1: Feb | E1: Mar | F1: Apr | G1: May | H1: Jun | I1: Jul | J1: Aug | K1: Sept | L1: Oct | M1: Nov | N1: Dec
A2: Group | B2: ID
A3: Big F09 | B3: ELI-581 | C3: 0 | D3: 0 | E3: 0 | F3: 0 | G3: 0 | H3: 0 | I3: 0 | J3: 0 | K3: 0 | L3: 0 | M3: 0 | N3: 0
A4: Big Pride 2013 Cub 1 | B4: ELI-583 | C4: 0 | D4: 0 | E4: 0 | F4: 1 | G4: 0 | H4: 1 | I4: 0 | J4: 1 | K4: 0 | L4: 0 | M4: 0 | N4: 0
A5: Big Pride 2013 Cub 2 | B5: ELI-584 | C5: 0 | D5: 0 | E5: 0 | F5: 1 | G5: 1 | H5: 1 | I5: 1 | J5: 1 | K5: 1 | L5: 1 | M5: 1 | N5: 0
A6: Big Pride 2013 Cub 3 | B6: ELI-585 | C6: 0 | D6: 0 | E6: 0 | F6: 1 | G6: 1 | H6: 1 | I6: 1 | J6: 1 | K6: 1 | L6: 1 | M6: 1 | N6: 0
A7: Big Pride 2013 Cub 4 | B7: ELI-586 | C7: 0 | D7: 0 | E7: 0 | F7: 1 | G7: 1 | H7: 1 | I7: 1 | J7: 1 | K7: 1 | L7: 1 | M7: 1 | N7: 0
A8: Big Pride 2013 Cub 5 | B8: ELI-587 | C8: 0 | D8: 0 | E8: 0 | F8: 1 | G8: 1 | H8: 1 | I8: 1 | J8: 1 | K8: 1 | L8: 1 | M8: 1 | N8: 0
A9: Big Pride 2013 Cub 6 | B9: ELI-590 | C9: 0 | D9: 0 | E9: 0 | F9: 1 | G9: 1 | H9: 1 | I9: 1 | J9: 1 | K9: 1 | L9: 1 | M9: 1 | N9: 0
A10: Big Pride 2013 Cub 7 | B10: ELI-591 | C10: 0 | D10: 0 | E10: 0 | F10: 0 | G10: 0 | H10: 0 | I10: 0 | J10: 0 | K10: 0 | L10: 0 | M10: 0 | N10: 0
A11: Big Pride 2013 Cub 8 | B11: ELI-592 | C11: 0 | D11: 0 | E11: 0 | F11: 1 | G11: 1 | H11: 1 | I11: 1 | J11: 1 | K11: 1 | L11: 1 | M11: 1 | N11: 0
A12: Big Pride 2013 Cub 9 | B12: ELI-593 | C12: 0 | D12: 0 | E12: 0 | F12: 1 | G12: 1 | H12: 1 | I12: 1 | J12: 1 | K12: 1 | L12: 1 | M12: 1 | N12: 0
A13: Big Pride 2013 Cub 10 | B13: ELI-594 | C13: 0 | D13: 0 | E13: 0 | F13: 1 | G13: 1 | H13: 1 | I13: 1 | J13: 1 | K13: 1 | L13: 1 | M13: 1 | N13: 0
A14: Big Pride 2013 Cub 11 | B14: ELI-595 | C14: 0 | D14: 0 | E14: 0 | F14: 1 | G14: 1 | H14: 1 | I14: 1 | J14: 1 | K14: 1 | L14: 1 | M14: 1 | N14: 0
... A31: 2014 Cub 5 | B31: ELI-769 | C31: 0 | D31: 0 | E31: 0 | F31: 1 | G31: 0 | H31: 0 | I31: 0 | J31: 0 | K31: 1 | L31: 1 | M31: 1 | N31: 0
C34: Jan | D34: Feb | E34: Mar | F34: Apr | G34: May | H34: Jun | I34: Jul | J34: Aug | K34: Sept | L34: Oct | M34: Nov | N34: Dec
A35: Group | B35: ID
A36: Chowo F01 | B36: ELI-414 | C36: 0 | D36: 0 | E36: 1 | F36: 0 | G36: 1 | H36: 0 | I36: 1 | J36: 1 | K36: 1 | L36: 1 | M36: 1 | N36: 0
A37: Chowo F02 | B37: ELI-415 | C37: 0 | D37: 0 | E37: 0 | F37: 0 | G37: 0 | H37: 0 | I37: 0 | J37: 0 | K37: 0 | L37: 0 | M37: 0 | N37: 0
A38: Chowo F03 | B38: ELI-436 | C38: 0 | D38: 0 | E38: 0 | F38: 0 | G38: 0 | H38: 0 | I38: 0 | J38: 0 | K38: 0 | L38: 0 | M38: 0 | N38: 0
A39: Chowo F04 | B39: ELI-413 | C39: 0 | D39: 0 | E39: 0 | F39: 0 | G39: 0 | H39: 0 | I39: 0 | J39: 0 | K39: 0 | L39: 0 | M39: 0 | N39: 0
A40: Chowo F05 | B40: ELI-493 | C40: 0 | D40: 0 | E40: 1 | F40: 0 | G40: 0 | H40: 0 | I40: 1 | J40: 1 | K40: 1 | L40: 1 | M40: 1 | N40: 0
A41: Chowo F06 | B41: ELI-494 | C41: 0 | D41: 0 | E41: 1 | F41: 0 | G41: 1 | H41: 0 | I41: 0 | J41: 1 | K41: 1 | L41: 1 | M41: 1 | N41: 0
A42: Chowo U01 | B42: ELI-523 | C42: 0 | D42: 0 | E42: 0 | F42: 0 | G42: 0 | H42: 0 | I42: 0 | J42: 0 | K42: 0 | L42: 0 | M42: 0 | N42: 0
A43: Chowo U02 | B43: ELI-524 | C43: 0 | D43: 0 | E43: 1 | F43: 0 | G43: 1 | H43: 0 | I43: 1 | J43: 1 | K43: 1 | L43: 1 | M43: 1 | N43: 0
A44: Chowo U03 | B44: ELI-525 | C44: 0 | D44: 0 | E44: 0 | F44: 0 | G44: 0 | H44: 0 | I44: 0 | J44: 0 | K44: 0 | L44: 0 | M44: 0 | N44: 0
B45: ELI-598 | C45: 0 | D45: 0 | E45: 1 | F45: 0 | G45: 1 | H45: 0 | I45: 1 | J45: 1 | K45: 1 | L45: 1 | M45: 1 | N45: 0
B46: ELI-599 | C46: 0 | D46: 0 | E46: 1 | F46: 0 | G46: 1 | H46: 0 | I46: 1 | J46: 1 | K46: 1 | L46: 1 | M46: 1 | N46: 0
C49: Jan | D49: Feb | E49: Mar | F49: Apr | G49: May | H49: Jun | I49: Jul | J49: Aug | K49: Sept | L49: Oct | M49: Nov | N49: Dec
A50: Group | B50: ID
A51: Chichele F02 | B51: ELI-236 | C51: 0 | D51: 0 | E51: 1 | F51: 1 | G51: 1 | H51: 1 | I51: 1 | J51: 1 | K51: 1 | L51: 0 | M51: 1 | N51: 0
A52: Chichele F03 | B52: ELI-235 | C52: 0 | D52: 0 | E52: 1 | F52: 1 | G52: 1 | H52: 1 | I52: 1 | J52: 1 | K52: 1 | L52: 0 | M52: 1 | N52: 0
A53: Chichele F04 | B53: ELI-554 | C53: 0 | D53: 0 | E53: 0 | F53: 0 | G53: 0 | H53: 0 | I53: 0 | J53: 0 | K53: 0 | L53: 0 | M53: 0 | N53: 0
A54: Chichele F05 | B54: ELI-555 | C54: 0 | D54: 0 | E54: 0 | F54: 0 | G54: 0 | H54: 0 | I54: 0 | J54: 0 | K54: 0 | L54: 0 | M54: 0 | N54: 0
A55: Chichele M02 | B55: ELI-238 | C55: 0 | D55: 0 | E55: 0 | F55: 0 | G55: 0 | H55: 0 | I55: 0 | J55: 0 | K55: 0 | L55: 0 | M55: 0 | N55: 0
A56: Chichele M03 | B56: ELI-556 | C56: 0 | D56: 0 | E56: 0 | F56: 0 | G56: 0 | H56: 0 | I56: 0 | J56: 0 | K56: 0 | L56: 0 | M56: 0 | N56: 0
B57: ELI-604 | C57: 0 | D57: 0 | E57: 1 | F57: 1 | G57: 1 | H57: 1 | I57: 1 | J57: 1 | K57: 1 | L57: 0 | M57: 1 | N57: 0
B58: ELI-606 | C58: 0 | D58: 0 | E58: 1 | F58: 1 | G58: 1 | H58: 1 | I58: 1 | J58: 1 | K58: 1 | L58: 0 | M58: 1 | N58: 0
B59: ELI-607 | C59: 0 | D59: 0 | E59: 1 | F59: 1 | G59: 1 | H59: 1 | I59: 1 | J59: 1 | K59: 1 | L59: 0 | M59: 1 | N59: 0
C63: Jan | D63: Feb | E63: Mar | F63: Apr | G63: May | H63: Jun | I63: Jul | J63: Aug | K63: Sept | L63: Oct | M63: Nov | N63: Dec
A64: Group | B64: ID
A65: Chinzombo F01 | B65: ELI-143 | C65: 0 | D65: 0 | E65: 0 | F65: 0 | G65: 0 | H65: 0 | I65: 0 | J65: 1 | K65: 1 | L65: 0 | M65: 1 | N65: 1
A66: Chinzombo F02 | B66: ELI-496 | C66: 0 | D66: 0 | E66: 0 | F66: 0 | G66: 0 | H66: 0 | I66: 0 | J66: 1 | K66: 1 | L66: 0 | M66: 1 | N66: 1
A67: Chinzombo F03 | B67: ELI-703 | C67: 0 | D67: 0 | E67: 0 | F67: 0 | G67: 0 | H67: 0 | I67: 0 | J67: 1 | K67: 1 | L67: 0 | M67: 1 | N67: 1

Sheet NHK
C1: Jan | D1: Feb | E1: Mar | F1: Apr | G1: May | H1: Jun | I1: Jul | J1: Aug | K1: Sept | L1: Oct | M1: Nov | N1: Dec
A2: Group | B2: ID
A3: Nsefu F01 | B3: ELI-173 | C3: 0 | D3: 0 | E3: 0 | F3: 0 | G3: 0 | H3: 0 | I3: 1 | J3: 0 | K3: 1 | L3: 0 | M3: 1 | N3: 0
A4: Nsefu F02 | B4: ELI-174 | C4: 0 | D4: 0 | E4: 0 | F4: 0 | G4: 1 | H4: 0 | I4: 0 | J4: 0 | K4: 1 | L4: 0 | M4: 1 | N4: 0
A5: Nsefu F03 | B5: ELI-247 | C5: 0 | D5: 0 | E5: 0 | F5: 0 | G5: 1 | H5: 1 | I5: 1 | J5: 0 | K5: 1 | L5: 0 | M5: 1 | N5: 0
A6: Nsefu F04 | B6: ELI-248 | C6: 0 | D6: 0 | E6: 0 | F6: 0 | G6: 1 | H6: 1 | I6: 1 | J6: 1 | K6: 1 | L6: 1 | M6: 1 | N6: 0
A7: Nsefu F05 | B7: ELI-249 | C7: 0 | D7: 0 | E7: 0 | F7: 0 | G7: 0 | H7: 0 | I7: 0 | J7: 0 | K7: 0 | L7: 0 | M7: 0 | N7: 0
A8: Nsefu F06 | B8: ELI-250 | C8: 0 | D8: 0 | E8: 0 | F8: 0 | G8: 1 | H8: 0 | I8: 0 | J8: 1 | K8: 1 | L8: 0 | M8: 1 | N8: 0
A9: Nsefu F07 | B9: ELI-462 | C9: 0 | D9: 0 | E9: 0 | F9: 0 | G9: 1 | H9: 0 | I9: 1 | J9: 0 | K9: 0 | L9: 0 | M9: 1 | N9: 0
A10: Nsefu F11 | B10: ELI-378 | C10: 0 | D10: 0 | E10: 0 | F10: 0 | G10: 1 | H10: 1 | I10: 1 | J10: 1 | K10: 1 | L10: 1 | M10: 0 | N10: 0
A11: Nsefu F12 | B11: ELI-463 | C11: 0 | D11: 0 | E11: 0 | F11: 0 | G11: 0 | H11: 0 | I11: 1 | J11: 0 | K11: 0 | L11: 1 | M11: 1 | N11: 0
A12: Nsefu F13 | B12: ELI-515 | C12: 0 | D12: 0 | E12: 0 | F12: 0 | G12: 0 | H12: 0 | I12: 0 | J12: 0 | K12: 0 | L12: 0 | M12: 0 | N12: 0
A13: Nsefu M02 | B13: ELI-373 | C13: 0 | D13: 0 | E13: 0 | F13: 0 | G13: 0 | H13: 0 | I13: 0 | J13: 0 | K13: 1 | L13: 0 | M13: 0 | N13: 0
A14: Nsefu M03 | B14: ELI-375 | C14: 0 | D14: 0 | E14: 0 | F14: 0 | G14: 0 | H14: 0 | I14: 0 | J14: 0 | K14: 1 | L14: 0 | M14: 0 | N14: 0
... A16: Nsefu M05 | B16: ELI-376 | C16: 0 | D16: 0 | E16: 0 | F16: 0 | G16: 0 | H16: 0 | I16: 1 | J16: 0 | K16: 1 | L16: 0 | M16: 0 | N16: 0
B17: ELI-389 | C17: 0 | D17: 0 | E17: 0 | F17: 0 | G17: 0 | H17: 0 | I17: 0 | J17: 0 | K17: 0 | L17: 0 | M17: 1 | N17: 0
B18: ELI-462 | C18: 0 | D18: 0 | E18: 0 | F18: 0 | G18: 0 | H18: 0 | I18: 0 | J18: 0 | K18: 0 | L18: 0 | M18: 1 | N18: 0
A19: Nsefu M06 | B19: ELI-464 | C19: 0 | D19: 0 | E19: 0 | F19: 1 | G19: 0 | H19: 1 | I19: 1 | J19: 1 | K19: 1 | L19: 0 | M19: 1 | N19: 1
A20: Nsefu M07 | B20: ELI-553 | C20: 0 | D20: 0 | E20: 0 | F20: 0 | G20: 0 | H20: 1 | I20: 1 | J20: 0 | K20: 1 | L20: 0 | M20: 1 | N20: 0
A21: Nsefu F09 | B21: ELI-254 | C21: 0 | D21: 0 | E21: 0 | F21: 0 | G21: 0 | H21: 0 | I21: 0 | J21: 0 | K21: 0 | L21: 0 | M21: 0 | N21: 0
B22: ELI-589 | C22: 0 | D22: 0 | E22: 0 | F22: 1 | G22: 0 | H22: 1 | I22: 1 | J22: 0 | K22: 1 | L22: 0 | M22: 1 | N22: 0
B23: ELI-628 | C23: 0 | D23: 0 | E23: 0 | F23: 0 | G23: 0 | H23: 0 | I23: 1 | J23: 1 | K23: 1 | L23: 0 | M23: 0 | N23: 0
B24: ELI-629 | C24: 0 | D24: 0 | E24: 0 | F24: 0 | G24: 0 | H24: 0 | I24: 1 | J24: 1 | K24: 1 | L24: 0 | M24: 0 | N24: 0
B25: ELI-713 | C25: 0 | D25: 0 | E25: 0 | F25: 0 | G25: 0 | H25: 0 | I25: 1 | J25: 1 | K25: 1 | L25: 0 | M25: 1 | N25: 0
B26: ELI-714 | C26: 0 | D26: 0 | E26: 0 | F26: 0 | G26: 0 | H26: 0 | I26: 1 | J26: 1 | K26: 1 | L26: 0 | M26: 1 | N26: 0
B27: ELI-715 | C27: 0 | D27: 0 | E27: 0 | F27: 0 | G27: 0 | H27: 0 | I27: 1 | J27: 0 | K27: 1 | L27: 0 | M27: 1 | N27: 0
B28: ELI-716 | C28: 0 | D28: 0 | E28: 0 | F28: 0 | G28: 0 | H28: 0 | I28: 1 | J28: 1 | K28: 1 | L28: 0 | M28: 1 | N28: 0
B29: ELI-717 | C29: 0 | D29: 0 | E29: 0 | F29: 0 | G29: 0 | H29: 0 | I29: 1 | J29: 0 | K29: 1 | L29: 0 | M29: 1 | N29: 0
B30: ELI-718 | C30: 0 | D30: 0 | E30: 0 | F30: 0 | G30: 0 | H30: 0 | I30: 1 | J30: 0 | K30: 1 | L30: 0 | M30: 1 | N30: 0
B31: ELI-719 | C31: 0 | D31: 0 | E31: 0 | F31: 0 | G31: 0 | H31: 0 | I31: 1 | J31: 0 | K31: 1 | L31: 0 | M31: 1 | N31: 0
C36: Jan | D36: Feb | E36: Mar | F36: Apr | G36: May | H36: Jun | I36: Jul | J36: Aug | K36: Sept | L36: Oct | M36: Nov | N36: Dec
A37: Group | B37: ID
A38: Hot Springs F01 | B38: ELI-258 | C38: 0 | D38: 0 | E38: 0 | F38: 0 | G38: 0 | H38: 0 | I38: 0 | J38: 0 | K38: 0 | L38: 1 | M38: 1 | N38: 0
A39: Hot Springs F02 | B39: ELI-256 | C39: 0 | D39: 0 | E39: 0 | F39: 0 | G39: 0 | H39: 0 | I39: 0 | J39: 0 | K39: 0 | L39: 1 | M39: 1 | N39: 0
A40: Hot Springs F03 | B40: ELI-466 | C40: 0 | D40: 0 | E40: 0 | F40: 0 | G40: 0 | H40: 0 | I40: 0 | J40: 0 | K40: 0 | L40: 0 | M40: 0 | N40: 0
A41: Hot Springs M01 | B41: ELI-379 | C41: 0 | D41: 0 | E41: 0 | F41: 0 | G41: 0 | H41: 0 | I41: 0 | J41: 0 | K41: 0 | L41: 0 | M41: 0 | N41: 0
A42: Hot Springs | B42: ELI-510 | C42: 0 | D42: 0 | E42: 0 | F42: 1 | G42: 1 | H42: 1 | I42: 0 | J42: 1 | K42: 1 | L42: 1 | M42: 1 | N42: 0
B43: ELI-511 | C43: 0 | D43: 0 | E43: 0 | F43: 1 | G43: 1 | H43: 1 | I43: 0 | J43: 1 | K43: 1 | L43: 1 | M43: 1 | N43: 0
B44: ELI-394 | C44: 0 | D44: 0 | E44: 0 | F44: 1 | G44: 0 | H44: 1 | I44: 1 | J44: 0 | K44: 1 | L44: 1 | M44: 1 | N44: 1
B45: ELI-514 | C45: 0 | D45: 0 | E45: 0 | F45: 1 | G45: 1 | H45: 1 | I45: 1 | J45: 1 | K45: 1 | L45: 1 | M45: 1 | N45: 0
B46: ELI-515 | C46: 0 | D46: 0 | E46: 0 | F46: 0 | G46: 0 | H46: 1 | I46: 1 | J46: 0 | K46: 0 | L46: 0 | M46: 0 | N46: 0
B47: ELI-516 | C47: 0 | D47: 0 | E47: 0 | F47: 0 | G47: 0 | H47: 1 | I47: 1 | J47: 0 | K47: 1 | L47: 1 | M47: 1 | N47: 1
B48: ELI-517 | C48: 0 | D48: 0 | E48: 0 | F48: 0 | G48: 0 | H48: 1 | I48: 1 | J48: 0 | K48: 1 | L48: 0 | M48: 0 | N48: 0
B49: ELI-369 | C49: 0 | D49: 0 | E49: 0 | F49: 1 | G49: 0 | H49: 0 | I49: 0 | J49: 0 | K49: 0 | L49: 0 | M49: 0 | N49: 0
B50: ELI-506 | C50: 0 | D50: 0 | E50: 0 | F50: 0 | G50: 1 | H50: 1 | I50: 1 | J50: 0 | K50: 0 | L50: 0 | M50: 0 | N50: 0
B51: ELI-486 | C51: 0 | D51: 0 | E51: 0 | F51: 0 | G51: 0 | H51: 0 | I51: 0 | J51: 0 | K51: 0 | L51: 1 | M51: 0 | N51: 0
B52: ELI-73 | C52: 0 | D52: 0 | E52: 0 | F52: 0 | G52: 1 | H52: 1 | I52: 1 | J52: 0 | K52: 1 | L52: 1 | M52: 1 | N52: 1
B53: ELI-75 | C53: 0 | D53: 0 | E53: 0 | F53: 0 | G53: 1 | H53: 1 | I53: 1 | J53: 0 | K53: 1 | L53: 1 | M53: 1 | N53: 1
B54: ELI-780 | C54: 0 | D54: 0 | E54: 0 | F54: 0 | G54: 0 | H54: 0 | I54: 0 | J54: 1 | K54: 1 | L54: 1 | M54: 1 | N54: 0
... B61: ELI-637 | C61: 0 | D61: 0 | E61: 0 | F61: 0 | G61: 1 | H61: 0 | I61: 0 | J61: 0 | K61: 0 | L61: 0 | M61: 0 | N61: 0
C64: Jan | D64: Feb | E64: Mar | F64: Apr | G64: May | H64: Jun | I64: Jul | J64: Aug | K64: Sept | L64: Oct | M64: Nov | N64: Dec
A65: Group | B65: ID | C65: 0 | D65: 0 | E65: 0 | F65: 0 | G65: 0 | H65: 0 | I65: 0 | J65: 0 | K65: 0 | L65: 0 | M65: 0 | N65: 0
B66: ELI-203 | C66: 0 | D66: 0 | E66: 0 | F66: 0 | G66: 0 | H66: 0 | I66: 0 | J66: 0 | K66: 0 | L66: 0 | M66: 0 | N66: 0
A67: Kapamba F01 | B67: ELI-204 | C67: 0 | D67: 0 | E67: 0 | F67: 0 | G67: 0 | H67: 0 | I67: 0 | J67: 0 | K67: 0 | L67: 0 | M67: 0 | N67: 0
A68: Kapamba F02 | B68: ELI-532 | C68: 0 | D68: 0 | E68: 0 | F68: 0 | G68: 0 | H68: 0 | I68: 0 | J68: 0 | K68: 0 | L68: 0 | M68: 0 | N68: 0
A69: Kapamba F09 | B69: ELI-534 | C69: 0 | D69: 0 | E69: 0 | F69: 0 | G69: 0 | H69: 0 | I69: 0 | J69: 0 | K69: 0 | L69: 0 | M69: 0 | N69: 0
A70: Kapamba M03 | B70: ELI-533 | C70: 0 | D70: 0 | E70: 0 | F70: 0 | G70: 0 | H70: 0 | I70: 0 | J70: 0 | K70: 0 | L70: 0 | M70: 0 | N70: 0
A71: Kapamba M04 | B71: ELI-535 | C71: 0 | D71: 0 | E71: 0 | F71: 0 | G71: 0 | H71: 0 | I71: 0 | J71: 0 | K71: 0 | L71: 0 | M71: 0 | N71: 0
A72: Kapamba M05 | B72: ELI-536 | C72: 0 | D72: 0 | E72: 0 | F72: 0 | G72: 0 | H72: 0 | I72: 0 | J72: 0 | K72: 0 | L72: 0 | M72: 0 | N72: 0
A73: Kapamba M06 | B73: ELI-481 | C73: 0 | D73: 0 | E73: 0 | F73: 0 | G73: 0 | H73: 1 | I73: 0 | J73: 0 | K73: 0 | L73: 0 | M73: 0 | N73: 0
B74: ELI-480 | C74: 0 | D74: 0 | E74: 0 | F74: 0 | G74: 1 | H74: 1 | I74: 0 | J74: 0 | K74: 0 | L74: 1 | M74: 0 | N74: 0
A75: New Kapamba F03 | C75: 0 | D75: 0 | E75: 0 | F75: 0 | G75: 0 | H75: 0 | I75: 0 | J75: 0 | K75: 0 | L75: 0 | M75: 0 | N75: 0
A76: Kapamba | B76: ELI-481 | C76: 0 | D76: 0 | E76: 0 | F76: 0 | G76: 0 | H76: 0 | I76: 0 | J76: 0 | K76: 0 | L76: 1 | M76: 0 | N76: 0
B77: ELI-482 | C77: 0 | D77: 0 | E77: 0 | F77: 0 | G77: 0 | H77: 0 | I77: 0 | J77: 0 | K77: 0 | L77: 1 | M77: 0 | N77: 0
B78: ELI-470 | C78: 0 | D78: 0 | E78: 0 | F78: 0 | G78: 0 | H78: 0 | I78: 0 | J78: 0 | K78: 0 | L78: 1 | M78: 0 | N78: 0
B79: ELI-240 | C79: 0 | D79: 0 | E79: 0 | F79: 0 | G79: 1 | H79: 0 | I79: 0 | J79: 0 | K79: 0 | L79: 0 | M79: 0 | N79: 0

Sheet CH
C1: Jan | D1: Feb | E1: Mar | F1: Apr | G1: May | H1: Jun | I1: Jul | J1: Aug | K1: Sept | L1: Oct | M1: Nov | N1: Dec
A2: Group | B2: ID
A3: 2011 Cub U01 | B3: ELI-438
A4: 2011 Cub U02 | B4: ELI-441
A5: 2011 Cub U03 | B5: ELI-442
A6: 2011 Cub U04 | B6: ELI-443
A7: Chamilandu F01 | B7: ELI-192
A8: Chamilandu F02 | B8: ELI-193
A9: Chamilandu F03 | B9: ELI-194
A10: Chamilandu F05 | B10: ELI-228
A11: Chamilandu F06 | B11: ELI-398
A12: Chamilandu F07 | B12: ELI-405
A13: Chamilandu F08 | B13: ELI-444
... A18: Chamilandu Male Cub 01 | B18: ELI-196
C22: Jan | D22: Feb | E22: Mar | F22: April | G22: May | H22: Jun | I22: Jul | J22: Aug | K22: Sept | L22: Oct | M22: Nov | N22: Dec
A23: Group | B23: ID
A24: Hollywood M01 | B24: ELI-233
A25: Hollywood Cub 01 '10 | B25: ELI-400
A26: Hollywood Cub 02 '10 | B26: ELI-401
A27: Hollywood F01 | B27: ELI-197 | J27: 1
A28: Hollywood F02 | B28: ELI-198 | J28: 1
A29: Hollywood F03 | B29: ELI-230 | J29: 1
A30: Hollywood F04 | B30: ELI-231 | J30: 1
A31: Hollywood F05 | B31: ELI-232 | J31: 0
A32: Hollywood F06 | B32: ELI-424 | J32: 1
B33: ELI-425 | J33: 1
B34: ELI-612 | J34: 1
B35: ELI-613 | J35: 1
B36: ELI-615 | J36: 1
B37: ELI-616 | J37: 1
B38: ELI-617 | J38: 1
B39: ELI-618 | J39: 1
B40: ELI-735 | J40: 1
B41: ELI-736 | J41: 1
B42: ELI-737 | J42: 1
B43: ELI-738
B44: ELI-739

Sheet LM
C1: Jan | D1: Feb | E1: Mar | F1: Apr | G1: May | H1: Jun | I1: Jul | J1: Aug | K1: Sept | L1: Oct | M1: Nov | N1: Dec
A2: Group | B2: ID
A3: Luwi F01 | B3: ELI-152
A4: Luwi F03 | B4: ELI-154 | G4: 1 | H4: 1 | I4: 1 | J4: 1 | L4: 1
A5: Luwi F04 | B5: ELI-155 | F5: 1 | G5: 1 | H5: 1 | I5: 1 | J5: 1 | K5: 1 | L5: 1
A6: Luwi F08 | B6: ELI-160
A7: Luwi F09 | B7: ELI-241
A8: Luwi F10 | B8: ELI-369 | G8: 0 | H8: 1 | I8: 1 | J8: 1 | K8: 1
A9: Luwi M05 | B9: ELI-370
A10: Manky Ear | B10: ELI-159 | G10: 1 | H10: 1 | I10: 1 | J10: 1 | K10: 1 | L10: 1 | M10: 1
A11: Luwi M01 | B11: ELI-158
A12: Luwi M02 | B12: ELI-161
A13: Ginger | B13: ELI-162
A14: Luwi M04 | B14: ELI-163
B15: ELI-720 | G15: 1 | H15: 1 | I15: 1 | J15: 0
C19: Jan | D19: Feb | E19: Mar | F19: Apr | G19: May | H19: Jun | I19: Jul | J19: Aug | K19: Sept | L19: Oct | M19: Nov | N19: Dec
A20: Group | B20: ID
A21: Mwamba I F01 | B21: ELI-124 | G21: 1 | H21: 1 | I21: 1 | J21: 1
A22: Mwamba I F02 | B22: ELI-125 | G22: 1 | H22: 1 | I22: 1 | J22: 1 | L22: 1
A23: Mwamba I F03 | B23: ELI-246 | I23: 0
A24: Mwamba I F04 | B24: ELI-126 | G24: 1 | H24: 1 | I24: 1 | J24: 1 | L24: 1 | M24: 1 | N24: 1
A25: Mwamba I F05 | B25: ELI-127 | I25: 1 | J25: 1 | L25: 1 | M25: 1 | N25: 1
A26: Mwamba I M03 | B26: ELI-130 | H26: 1
A27: Mwamba II F01 | B27: ELI-134
A28: Mwamba II F02 | B28: ELI-135
A29: Mwamba II F03 | B29: ELI-136
A30: Mwamba II F05 | B30: ELI-138 | I30: 1 | J30: 1 | L30: 1 | N30: 1
A31: Mwamba II F06 | B31: ELI-139
A32: New Mwamba M01 | B32: ELI-430
B33: ELI-469 | I33: 1 | J33: 1 | L33: 1 | N33: 1
B34: ELI-697 | J34: 1 | L34: 1
B35: ELI-657 | G35: 1 | I35: 1 | J35: 1 | L35: 1 | M35: 1 | N35: 1
B36: ELI-658 | G36: 1 | J36: 1 | L36: 1 | M36: 1 | N36: 1
B37: ELI-659 | G37: 1 | I37: 1 | J37: 1 | L37: 1 | M37: 1 | N37: 1
B38: ELI-660 | G38: 1 | H38: 1 | I38: 1 | J38: 1 | L38: 1 | M38: 1 | N38: 1
B39: ELI-661 | I39: 1 | J39: 1 | L39: 1 | M39: 1 | N39: 1
B40: ELI-662 | H40: 1 | I40: 1 | J40: 1 | L40: 1 | M40: 1 | N40: 1
B41: ELI-663 | G41: 1 | H41: 1 | I41: 1 | J41: 1 | L41: 1 | M41: 1
B42: ELI-664 | G42: 1 | H42: 1 | I42: 1 | J42: 1 | L42: 1 | M42: 1
B43: ELI-665 | G43: 1 | H43: 1 | I43: 1 | J43: 1 | L43: 1 | M43: 1
B44: ELI-666 | G44: 1 | I44: 1 | J44: 1 | L44: 1 | M44: 1 | N44: 1
B45: ELI-697 | H45: 1 | I45: 1 | L45: 1
B46: ELI-721 | I46: 1 | J46: 1 | L46: 1
B47: ELI-722 | I47: 1 | J47: 0

Sheet NS
C1: Jan | D1: Feb | E1: Mar | F1: Apr | G1: May | H1: Jun | I1: Jul | J1: Aug | K1: Sept | L1: Oct | M1: Nov | N1: Dec
A2: Group | B2: ID
A3: Nsolo F06 | B3: ELI-215
A4: Nsolo F07 | B4: ELI-454
A5: Nsolo F08 | B5: ELI-455
A6: Nsolo F09 | B6: ELI-458
A7: Nsolo F10 | B7: ELI-459
A8: Nsolo M04 | B8: ELI-461
A9: Nsolo M05 | B9: ELI-456
A10: Nsolo M06 | B10: ELI-457
A11: Nsolo M07 | B11: ELI-460
A12: Nsolo Pride F02 | B12: ELI-209
A13: Nsolo Pride F03 | B13: ELI-210
A14: Nsolo Pride F05 | B14: ELI-212
B15: ELI-61 | K15: 1 | L15: 1 | M15: 1
B16: ELI-667 | L16: 1 | M16: 1
B17: ELI-668 | K17: 1 | L17: 1 | M17: 1
B18: ELI-669 | K18: 1 | L18: 1 | M18: 1
B19: ELI-670 | K19: 1 | L19: 1 | M19: 1
B20: ELI-700 | H20: 1
B21: ELI-701 | H21: 1
B22: ELI-784 | K22: 1 | L22: 1 | M22: 1
B23: ELI-785 | K23: 1 | L23: 1 | M23: 1
B24: ELI-779 | H24: 1
C27: Jan | D27: Feb | E27: Mar | F27: Apr | G27: May | H27: Jun | I27: Jul | J27: Aug | K27: Sept | L27: Oct | M27: Nov | N27: Dec
A28: Group | B28: ID
A29: Saltpan 2011 Cub U01 | B29: ELI-468 | K29: 1 | L29: 1
A30: Saltpan F01 | B30: ELI-182
A31: Saltpan F03 | B31: ELI-261 | L31: 1
A32: Saltpan F04 | B32: ELI-185
A33: Saltpan F06 | B33: ELI-257 | K33: 1 | L33: 1
A34: Saltpan F07 | B34: ELI-183 | K34: 1 | L34: 1
A35: Saltpan F08 | B35: ELI-189 | K35: 1
A36: Saltpan F09 | B36: ELI-465 | L36: 1
A37: Saltpan F10 | B37: ELI-467 | K37: 1 | L37: 1
A38: Saltpan M02 | B38: ELI-259
A39: Saltpan M04 | B39: ELI-187
B40: ELI-770 | L40: 1
B41: ELI-771 | L41: 1
B42: ELI-772 | L42: 1
B43: ELI-773 | L43: 1
B44: ELI-774 | L44: 1
A45: Listed inNchinden/Nyamaluna? | B45: ELI-775 | K45: 1
A46: " | B46: ELI-776 | K46: 1
A47: " | B47: ELI-777 | K47: 1
A48: " | B48: ELI-778 | K48: 1
A49: " | B49: ELI-786 | K49: 1

Sheet Coa
C1: Jan | D1: Feb | E1: Mar | F1: Apr | G1: May | H1: Jun | I1: Jul | J1: Aug | K1: Sept | L1: Oct | M1: Nov | N1: Dec
A2: Group | B2: ID
A3: Saltpan Coa M02 | B3: ELI-179
A4: Big Pride M04 | B4: ELI-167
A5: Big Pride M05 | B5: ELI-168 | L5: 1
A6: Big Pride M06 | B6: ELI-169
A7: Tafika F01 | B7: ELI-475
A8: Tafika M01 | B8: ELI-476
A9: Tafika M02 | B9: ELI-477
A10: Tafika M03 | B10: ELI-478
A11: Tsetse Coa M01 | B11: ELI-564 | H11: 1 | M11: 1
A12: Tsetse Coa M02 | B12: ELI-565 | H12: 1 | K12: 1 | L12: 1 | M12: 1
A13: Nsolo I Coa M02 | B13: ELI-207
A14: Nsolo II Coa M01 | B14: ELI-213 | E14: 1 | F14: 1 | G14: 1 | H14: 1 | J14: 1 | L14: 1
A15: Nsolo II Coa M02 | B15: ELI-214 | E15: 1 | F15: 0 | G15: 1 | H15: 1 | J15: 1 | L15: 1 | M15: 1
A16: Nsolo II Coa M03 | B16: ELI-216 | E16: 1 | F16: 1 | G16: 1 | H16: 1 | J16: 1 | K16: 1 | L16: 1
A17: Puku Ridge M01 | B17: ELI-445
A18: Puku Ridge M02 | B18: ELI-267
A19: Malama Coa M01 | B19: ELI-563
A20: Mwamba Coa M01 | B20: ELI-420 | H20: 1 | J20: 1
A21: Mwamba Coa M02 | B21: ELI-421 | H21: 1 | L21: 1
A22: Mwamba Coa M03 | B22: ELI-422 | H22: 1 | J22: 1 | K22: 1
A23: Scarface | B23: ELI-202
A24: Kakonje M02 | B24: ELI-407
A25: Lion Plain M01 | B25: ELI-175 | I25: 1
A26: Luamfwa F01 | B26: ELI-562
A27: Luamfwa M01 | B27: ELI-402
A28: Limpy | B28: ELI-474 | E28: 1
A29: Shaka | B29: ELI-234
A30: Mwamba II F05 | B30: ELI-138
A31: Mwamba II F06 | B31: ELI-139
A32: Zikomo M1 | B32: ELI-130 | H32: 1
A33: Zikomo M2 | B33: ELI-699 | H33: 1
A34: Tafika 2 M1 | B34: ELI-628 | I34: 1 | J34: 1 | K34: 1 | L34: 1 | M34: 1
A35: Tafika 2 M2 | B35: ELI-629 | I35: 1 | J35: 1 | K35: 1 | L35: 1 | M35: 1
A36: New Luwi COA | B36: New Luwi | C36: ELI-779

Sheet allprides
A1: lionid | B1: pride | C1: altname | D1: jan | E1: feb | F1: mar | G1: apr | H1: may | I1: jun | J1: jul | K1: aug | L1: sep | M1: oct | N1: nov | O1: dec | P1: sexknown | Q1: sexmale | R1: knowndead | S1: dobknown | T1: yearatfirst | U1: monthatfirst | V1: ageatfirst | W1: collaredgroup | X1: collaredgroup(0 if unknown) | Y1: sexmale(altenrate m and f if not known)
A2: ELI-583 | B2: Big Pride | C2: Big Pride 2013 Cub 1 | D2: 0 | E2: 0 | F2: 0 | G2: 1 | H2: 1 | I2: 1 | J2: 0 | K2: 0 | L2: 0 | M2: 0 | N2: 0 | O2: 0 | P2: =VLOOKUP(A2,[1]allpride!$C$2:$V$215,14,FALSE) -> 1 | Q2: =VLOOKUP(A2,[1]allpride!$C$2:$V$215,15,FALSE) -> 1 | R2: 1 | S2: =VLOOKUP(A2,[1]allpride!$C$2:$V$215,17,FALSE) -> 1 | T2: =VLOOKUP(A2,[1]allpride!$C$2:$V$215,18,FALSE) -> 2013 | U2: =VLOOKUP(A2,[1]allpride!$C$2:$V$215,19,FALSE) -> 7 | V2: =VLOOKUP(A2,[1]allpride!$C$2:$V$215,20,FALSE) -> 0 | W2: =VLOOKUP(B2,'[2]pride covariates'!$A$2:$B$33,2,FALSE) -> 1 | X2: 1 | Y2: 1 | Z2: =CONCATENATE("/* ",A2," */ ",G2,H2,I2,J2,K2,L2,M2,N2," 1"," ",P2," ",S2," ",R2," ",Y2," ",V2," ",X2,";") -> /* ELI-583 */ 11100000 1 1 1 1 1 0 1; | AA2: =CONCATENATE(G2,H2,I2,J2,K2,L2,M2,N2) -> 11100000 | AB2: =CONCATENATE("/*",A2,"*/ ",G2,H2,I2,J2,K2,L2,M2,N2," 1;") -> /*ELI-583*/ 11100000 1;
A3: ELI-584 | B3: Big Pride | C3: Big Pride 2013 Cub 2 | D3: 0 | E3: 0 | F3: 0 | G3: 1 | H3: 1 | I3: 1 | J3: 1 | K3: 1 | L3: 1 | M3: 1 | N3: 1 | O3: 0 | P3: =VLOOKUP(A3,[1]allpride!$C$2:$V$215,14,FALSE) -> 1 | Q3: =VLOOKUP(A3,[1]allpride!$C$2:$V$215,15,FALSE) -> 0 | R3: =VLOOKUP(A3,[1]allpride!$C$2:$V$215,16,FALSE) -> 0 | S3: =VLOOKUP(A3,[1]allpride!$C$2:$V$215,17,FALSE) -> 1 | T3: =VLOOKUP(A3,[1]allpride!$C$2:$V$215,18,FALSE) -> 2013 | U3: =VLOOKUP(A3,[1]allpride!$C$2:$V$215,19,FALSE) -> 7 | V3: =VLOOKUP(A3,[1]allpride!$C$2:$V$215,20,FALSE) -> 0 | W3: =VLOOKUP(B3,'[2]pride covariates'!$A$2:$B$33,2,FALSE) -> 1 | X3: 1 | Y3: 0 | Z3: =CONCATENATE("/* ",A3," */ ",G3,H3,I3,J3,K3,L3,M3,N3," 1"," ",P3," ",S3," ",R3," ",Y3," ",V3," ",X3,";") -> /* ELI-584 */ 11111111 1 1 1 0 0 0 1; | AA3: =CONCATENATE(G3,H3,I3,J3,K3,L3,M3,N3) -> 11111111 | AB3: =CONCATENATE("/*",A3,"*/ ",G3,H3,I3,J3,K3,L3,M3,N3," 1;") -> /*ELI-584*/ 11111111 1;
A4: ELI-585 | B4: Big Pride | C4: Big Pride 2013 Cub 3 | D4: 0 | E4: 0 | F4: 0 | G4: 1 | H4: 1 | I4: 1 | J4: 1 | K4: 1 | L4: 1 | M4: 1 | N4: 1 | O4: 0 | P4: =VLOOKUP(A4,[1]allpride!$C$2:$V$215,14,FALSE) -> 1 | Q4: =VLOOKUP(A4,[1]allpride!$C$2:$V$215,15,FALSE) -> 0 | R4: =VLOOKUP(A4,[1]allpride!$C$2:$V$215,16,FALSE) -> 0 | S4: =VLOOKUP(A4,[1]allpride!$C$2:$V$215,17,FALSE) -> 1 | T4: =VLOOKUP(A4,[1]allpride!$C$2:$V$215,18,FALSE) -> 2013 | U4: =VLOOKUP(A4,[1]allpride!$C$2:$V$215,19,FALSE) -> 7 | V4: =VLOOKUP(A4,[1]allpride!$C$2:$V$215,20,FALSE) -> 0 | W4: =VLOOKUP(B4,'[2]pride covariates'!$A$2:$B$33,2,FALSE) -> 1 | X4: 1 | Y4: 0 | Z4: =CONCATENATE("/* ",A4," */ ",G4,H4,I4,J4,K4,L4,M4,N4," 1"," ",P4," ",S4," ",R4," ",Y4," ",V4," ",X4,";") -> /* ELI-585 */ 11111111 1 1 1 0 0 0 1; | AA4: =CONCATENATE(G4,H4,I4,J4,K4,L4,M4,N4) -> 11111111 | AB4: =CONCATENATE("/*",A4,"*/ ",G4,H4,I4,J4,K4,L4,M4,N4," 1;") -> /*ELI-585*/ 11111111 1;
A5: ELI-586 | B5: Big Pride | C5: Big Pride 2013 Cub 4 | D5: 0 | E5: 0 | F5: 0 | G5: 1 | H5: 1 | I5: 1 | J5: 1 | K5: 1 | L5: 1 | M5: 1 | N5: 1 | O5: 0 | P5: =VLOOKUP(A5,[1]allpride!$C$2:$V$215,14,FALSE) -> 1 | Q5: =VLOOKUP(A5,[1]allpride!$C$2:$V$215,15,FALSE) -> 1 | R5: =VLOOKUP(A5,[1]allpride!$C$2:$V$215,16,FALSE) -> 0 | S5: =VLOOKUP(A5,[1]allpride!$C$2:$V$215,17,FALSE) -> 1 | T5: =VLOOKUP(A5,[1]allpride!$C$2:$V$215,18,FALSE) -> 2013 | U5: =VLOOKUP(A5,[1]allpride!$C$2:$V$215,19,FALSE) -> 7 | V5: =VLOOKUP(A5,[1]allpride!$C$2:$V$215,20,FALSE) -> 0 | W5: =VLOOKUP(B5,'[2]pride covariates'!$A$2:$B$33,2,FALSE) -> 1 | X5: 1 | Y5: 1 | Z5: =CONCATENATE("/* ",A5," */ ",G5,H5,I5,J5,K5,L5,M5,N5," 1"," ",P5," ",S5," ",R5," ",Y5," ",V5," ",X5,";") -> /* ELI-586 */ 11111111 1 1 1 0 1 0 1; | AA5: =CONCATENATE(G5,H5,I5,J5,K5,L5,M5,N5) -> 11111111 | AB5: =CONCATENATE("/*",A5,"*/ ",G5,H5,I5,J5,K5,L5,M5,N5," 1;") -> /*ELI-586*/ 11111111 1;
A6: ELI-587 | B6: Big Pride | C6: Big Pride 2013 Cub 5 | D6: 0 | E6: 0 | F6: 0 | G6: 1 | H6: 1 | I6: 1 | J6: 1 | K6: 1 | L6: 1 | M6: 1 | N6: 1 | O6: 0 | P6: =VLOOKUP(A6,[1]allpride!$C$2:$V$215,14,FALSE) -> 1 | Q6: =VLOOKUP(A6,[1]allpride!$C$2:$V$215,15,FALSE) -> 0 | R6: =VLOOKUP(A6,[1]allpride!$C$2:$V$215,16,FALSE) -> 0 | S6: =VLOOKUP(A6,[1]allpride!$C$2:$V$215,17,FALSE) -> 1 | T6: =VLOOKUP(A6,[1]allpride!$C$2:$V$215,18,FALSE) -> 2013 | U6: =VLOOKUP(A6,[1]allpride!$C$2:$V$215,19,FALSE) -> 7 | V6: =VLOOKUP(A6,[1]allpride!$C$2:$V$215,20,FALSE) -> 0 | W6: =VLOOKUP(B6,'[2]pride covariates'!$A$2:$B$33,2,FALSE) -> 1 | X6: 1 | Y6: 0 | Z6: =CONCATENATE("/* ",A6," */ ",G6,H6,I6,J6,K6,L6,M6,N6," 1"," ",P6," ",S6," ",R6," ",Y6," ",V6," ",X6,";") -> /* ELI-587 */ 11111111 1 1 1 0 0 0 1; | AA6: =CONCATENATE(G6,H6,I6,J6,K6,L6,M6,N6) -> 11111111 | AB6: =CONCATENATE("/*",A6,"*/ ",G6,H6,I6,J6,K6,L6,M6,N6," 1;") -> /*ELI-587*/ 11111111 1;
A7: ELI-590 | B7: Big Pride | C7: Big Pride 2013 Cub 6 | D7: 0 | E7: 0 | F7: 0 | G7: 1 | H7: 1 | I7: 1 | J7: 1 | K7: 1 | L7: 1 | M7: 1 | N7: 1 | O7: 0 | P7: =VLOOKUP(A7,[1]allpride!$C$2:$V$215,14,FALSE) -> 1 | Q7: =VLOOKUP(A7,[1]allpride!$C$2:$V$215,15,FALSE) -> 0 | R7: =VLOOKUP(A7,[1]allpride!$C$2:$V$215,16,FALSE) -> 0 | S7: =VLOOKUP(A7,[1]allpride!$C$2:$V$215,17,FALSE) -> 1 | T7: =VLOOKUP(A7,[1]allpride!$C$2:$V$215,18,FALSE) -> 2013 | U7: =VLOOKUP(A7,[1]allpride!$C$2:$V$215,19,FALSE) -> 4 | V7: =VLOOKUP(A7,[1]allpride!$C$2:$V$215,20,FALSE) -> 0 | W7: =VLOOKUP(B7,'[2]pride covariates'!$A$2:$B$33,2,FALSE) -> 1 | X7: 1 | Y7: 0 | Z7: =CONCATENATE("/* ",A7," */ ",G7,H7,I7,J7,K7,L7,M7,N7," 1"," ",P7," ",S7," ",R7," ",Y7," ",V7," ",X7,";") -> /* ELI-590 */ 11111111 1 1 1 0 0 0 1; | AA7: =CONCATENATE(G7,H7,I7,J7,K7,L7,M7,N7) -> 11111111 | AB7: =CONCATENATE("/*",A7,"*/ ",G7,H7,I7,J7,K7,L7,M7,N7," 1;") -> /*ELI-590*/ 11111111 1;
A8: ELI-592 | B8: Big Pride | C8: Big Pride 2013 Cub 8 | D8: 0 | E8: 0 | F8: 0 | G8: 1 | H8: 1 | I8: 1 | J8: 1 | K8: 1 | L8: 1 | M8: 1 | N8: 1 | O8: 0 | P8: =VLOOKUP(A8,[1]allpride!$C$2:$V$215,14,FALSE) -> 1 | Q8: =VLOOKUP(A8,[1]allpride!$C$2:$V$215,15,FALSE) -> 0 | R8: =VLOOKUP(A8,[1]allpride!$C$2:$V$215,16,FALSE) -> 0 | S8: =VLOOKUP(A8,[1]allpride!$C$2:$V$215,17,FALSE) -> 1 | T8: =VLOOKUP(A8,[1]allpride!$C$2:$V$215,18,FALSE) -> 2013 | U8: =VLOOKUP(A8,[1]allpride!$C$2:$V$215,19,FALSE) -> 4 | V8: =VLOOKUP(A8,[1]allpride!$C$2:$V$215,20,FALSE) -> 0 | W8: =VLOOKUP(B8,'[2]pride covariates'!$A$2:$B$33,2,FALSE) -> 1 | X8: 1 | Y8: 0 | Z8: =CONCATENATE("/* ",A8," */ ",G8,H8,I8,J8,K8,L8,M8,N8," 1"," ",P8," ",S8," ",R8," ",Y8," ",V8," ",X8,";") -> /* ELI-592 */ 11111111 1 1 1 0 0 0 1; | AA8: =CONCATENATE(G8,H8,I8,J8,K8,L8,M8,N8) -> 11111111 | AB8: =CONCATENATE("/*",A8,"*/ ",G8,H8,I8,J8,K8,L8,M8,N8," 1;") -> /*ELI-592*/ 11111111 1;
A9: ELI-593 | B9: Big Pride | C9: Big Pride 2013 Cub 9 | D9: 0 | E9: 0 | F9: 0 | G9: 1 | H9: 1 | I9: 1 | J9: 1 | K9: 1 | L9: 1 | M9: 1 | N9: 1 | O9: 0 | P9: =VLOOKUP(A9,[1]allpride!$C$2:$V$215,14,FALSE) -> 1 | Q9: =VLOOKUP(A9,[1]allpride!$C$2:$V$215,15,FALSE) -> 1 | R9: =VLOOKUP(A9,[1]allpride!$C$2:$V$215,16,FALSE) -> 0 | S9: =VLOOKUP(A9,[1]allpride!$C$2:$V$215,17,FALSE) -> 1 | T9: =VLOOKUP(A9,[1]allpride!$C$2:$V$215,18,FALSE) -> 2013 | U9: =VLOOKUP(A9,[1]allpride!$C$2:$V$215,19,FALSE) -> 7 | V9: =VLOOKUP(A9,[1]allpride!$C$2:$V$215,20,FALSE) -> 0 | W9: =VLOOKUP(B9,'[2]pride covariates'!$A$2:$B$33,2,FALSE) -> 1 | X9: 1 | Y9: 1 | Z9: =CONCATENATE("/* ",A9," */ ",G9,H9,I9,J9,K9,L9,M9,N9," 1"," ",P9," ",S9," ",R9," ",Y9," ",V9," ",X9,";") -> /* ELI-593 */ 11111111 1 1 1 0 1 0 1; | AA9: =CONCATENATE(G9,H9,I9,J9,K9,L9,M9,N9) -> 11111111 | AB9: =CONCATENATE("/*",A9,"*/ ",G9,H9,I9,J9,K9,L9,M9,N9," 1;") -> /*ELI-593*/ 11111111 1;
A10: ELI-594 | B10: Big Pride | C10: Big Pride 2013 Cub 10 | D10: 0 | E10: 0 | F10: 0 | G10: 1 | H10: 1 | I10: 1 | J10: 1 | K10: 1 | L10: 1 | M10: 1 | N10: 1 | O10: 0 | P10: =VLOOKUP(A10,[1]allpride!$C$2:$V$215,14,FALSE) -> 1 | Q10: =VLOOKUP(A10,[1]allpride!$C$2:$V$215,15,FALSE) -> 0 | R10: =VLOOKUP(A10,[1]allpride!$C$2:$V$215,16,FALSE) -> 0 | S10: =VLOOKUP(A10,[1]allpride!$C$2:$V$215,17,FALSE) -> 1 | T10: =VLOOKUP(A10,[1]allpride!$C$2:$V$215,18,FALSE) -> 2013 | U10: =VLOOKUP(A10,[1]allpride!$C$2:$V$215,19,FALSE) -> 7 | V10: =VLOOKUP(A10,[1]allpride!$C$2:$V$215,20,FALSE) -> 0 | W10: =VLOOKUP(B10,'[2]pride covariates'!$A$2:$B$33,2,FALSE) -> 1 | X10: 1 | Y10: 0 | Z10: =CONCATENATE("/* ",A10," */ ",G10,H10,I10,J10,K10,L10,M10,N10," 1"," ",P10," ",S10," ",R10," ",Y10," ",V10," ",X10,";") -> /* ELI-594 */ 11111111 1 1 1 0 0 0 1; | AA10: =CONCATENATE(G10,H10,I10,J10,K10,L10,M10,N10) -> 11111111 | AB10: =CONCATENATE("/*",A10,"*/ ",G10,H10,I10,J10,K10,L10,M10,N10," 1;") -> /*ELI-594*/ 11111111 1;
A11: ELI-595 | B11: Big Pride | C11: Big Pride 2013 Cub 11 | D11: 0 | E11: 0 | F11: 0 | G11: 1 | H11: 1 | I11: 1 | J11: 1 | K11: 1 | L11: 1 | M11: 1 | N11: 1 | O11: 1 | P11: =VLOOKUP(A11,[1]allpride!$C$2:$V$215,14,FALSE) -> 1 | Q11: =VLOOKUP(A11,[1]allpride!$C$2:$V$215,15,FALSE) -> 1 | R11: 1 | S11: =VLOOKUP(A11,[1]allpride!$C$2:$V$215,17,FALSE) -> 1 | T11: =VLOOKUP(A11,[1]allpride!$C$2:$V$215,18,FALSE) -> 2013 | U11: =VLOOKUP(A11,[1]allpride!$C$2:$V$215,19,FALSE) -> 7 | V11: =VLOOKUP(A11,[1]allpride!$C$2:$V$215,20,FALSE) -> 0 | W11: =VLOOKUP(B11,'[2]pride covariates'!$A$2:$B$33,2,FALSE) -> 1 | X11: 1 | Y11: 1 | Z11: =CONCATENATE("/* ",A11," */ ",G11,H11,I11,J11,K11,L11,M11,N11," 1"," ",P11," ",S11," ",R11," ",Y11," ",V11," ",X11,";") -> /* ELI-595 */ 11111111 1 1 1 1 1 0 1; | AA11: =CONCATENATE(G11,H11,I11,J11,K11,L11,M11,N11) -> 11111111 | AB11: =CONCATENATE("/*",A11,"*/ ",G11,H11,I11,J11,K11,L11,M11,N11," 1;") -> /*ELI-595*/ 11111111 1;
A12: ELI-243 | B12: Big Pride | C12: Big Pride F01 | D12: 1 | E12: 1 | F12: 1 | G12: 1 | H12: 1 | I12: 1 | J12: 1 | K12: 1 | L12: 1 | M12: 1 | N12: 1 | O12: 0 | P12: =VLOOKUP(A12,[1]allpride!$C$2:$V$215,14,FALSE) -> 1 | Q12: =VLOOKUP(A12,[1]allpride!$C$2:$V$215,15,FALSE) -> 0 | R12: =VLOOKUP(A12,[1]allpride!$C$2:$V$215,16,FALSE) -> 0 | S12: =VLOOKUP(A12,[1]allpride!$C$2:$V$215,17,FALSE) -> 1 | T12: =VLOOKUP(A12,[1]allpride!$C$2:$V$215,18,FALSE) -> 2008 | U12: =VLOOKUP(A12,[1]allpride!$C$2:$V$215,19,FALSE) -> 10 | V12: =VLOOKUP(A12,[1]allpride!$C$2:$V$215,20,FALSE) -> 3 | W12: =VLOOKUP(B12,'[2]pride covariates'!$A$2:$B$33,2,FALSE) -> 1 | X12: 1 | Y12: 0 | Z12: =CONCATENATE("/* ",A12," */ ",G12,H12,I12,J12,K12,L12,M12,N12," 1"," ",P12," ",S12," ",R12," ",Y12," ",V12," ",X12,";") -> /* ELI-243 */ 11111111 1 1 1 0 0 3 1; | AA12: =CONCATENATE(G12,H12,I12,J12,K12,L12,M12,N12) -> 11111111 | AB12: =CONCATENATE("/*",A12,"*/ ",G12,H12,I12,J12,K12,L12,M12,N12," 1;") -> /*ELI-243*/ 11111111 1;
A13: ELI-242 | B13: Big Pride | C13: Big Pride F02 | D13: 0 | E13: 1 | F13: 1 | G13: 1 | H13: 1 | I13: 1 | J13: 1 | K13: 1 | L13: 0 | M13: 1 | N13: 1 | O13: 0 | P13: =VLOOKUP(A13,[1]allpride!$C$2:$V$215,14,FALSE) -> 1 | Q13: =VLOOKUP(A13,[1]allpride!$C$2:$V$215,15,FALSE) -> 0 | R13: =VLOOKUP(A13,[1]allpride!$C$2:$V$215,16,FALSE) -> 0 | S13: =VLOOKUP(A13,[1]allpride!$C$2:$V$215,17,FALSE) -> 1 | T13: =VLOOKUP(A13,[1]allpride!$C$2:$V$215,18,FALSE) -> 2008 | U13: =VLOOKUP(A13,[1]allpride!$C$2:$V$215,19,FALSE) -> 10 | V13: =VLOOKUP(A13,[1]allpride!$C$2:$V$215,20,FALSE) -> 6 | W13: =VLOOKUP(B13,'[2]pride covariates'!$A$2:$B$33,2,FALSE) -> 1 | X13: 1 | Y13: 0 | Z13: =CONCATENATE("/* ",A13," */ ",G13,H13,I13,J13,K13,L13,M13,N13," 1"," ",P13," ",S13," ",R13," ",Y13," ",V13," ",X13,";") -> /* ELI-242 */ 11111011 1 1 1 0 0 6 1; | AA13: =CONCATENATE(G13,H13,I13,J13,K13,L13,M13,N13) -> 11111011 | AB13: =CONCATENATE("/*",A13,"*/ ",G13,H13,I13,J13,K13,L13,M13,N13," 1;") -> /*ELI-242*/ 11111011 1;
A14: ELI-224 | B14: Big Pride | C14: Big Pride F04 | D14: 0 | E14: 0 | F14: 0 | G14: 1 | H14: 1 | I14: 1 | J14: 1 | K14: 0 | L14: 1 | M14: 1 | N14: 1 | O14: 0 | P14: =VLOOKUP(A14,[1]allpride!$C$2:$V$215,14,FALSE) -> 1 | Q14: =VLOOKUP(A14,[1]allpride!$C$2:$V$215,15,FALSE) -> 0 | R14: =VLOOKUP(A14,[1]allpride!$C$2:$V$215,16,FALSE) -> 0 | S14: =VLOOKUP(A14,[1]allpride!$C$2:$V$215,17,FALSE) -> 1 | T14: =VLOOKUP(A14,[1]allpride!$C$2:$V$215,18,FALSE) -> 2009 | U14: =VLOOKUP(A14,[1]allpride!$C$2:$V$215,19,FALSE) -> 4 | V14: =VLOOKUP(A14,[1]allpride!$C$2:$V$215,20,FALSE) -> 4 | W14: =VLOOKUP(B14,'[2]pride covariates'!$A$2:$B$33,2,FALSE) -> 1 | X14: 1 | Y14: 0 | Z14: =CONCATENATE("/* ",A14," */ ",G14,H14,I14,J14,K14,L14,M14,N14," 1"," ",P14," ",S14," ",R14," ",Y14," ",V14," ",X14,";") -> /* ELI-224 */ 11110111 1 1 1 0 0 4 1; | AA14: =CONCATENATE(G14,H14,I14,J14,K14,L14,M14,N14) -> 11110111 | AB14: =CONCATENATE("/*",A14,"*/ ",G14,H14,I14,J14,K14,L14,M14,N14," 1;") -> /*ELI-224*/ 11110111 1;
A15: ELI-245 | B15: Big Pride | C15: Big Pride F05 | D15: 0 | E15: 0 | F15: 0 | G15: 1 | H15: 1 | I15: 1 | J15: 1 | K15: 0 | L15: 1 | M15: 1 | N15: 1 | O15: 0 | P15: =VLOOKUP(A15,[1]allpride!$C$2:$V$215,14,FALSE) -> 1 | Q15: =VLOOKUP(A15,[1]allpride!$C$2:$V$215,15,FALSE) -> 0 | R15: =VLOOKUP(A15,[1]allpride!$C$2:$V$215,16,FALSE) -> 0 | S15: =VLOOKUP(A15,[1]allpride!$C$2:$V$215,17,FALSE) -> 1 | T15: =VLOOKUP(A15,[1]allpride!$C$2:$V$215,18,FALSE) -> 2008 | U15: =VLOOKUP(A15,[1]allpride!$C$2:$V$215,19,FALSE) -> 10 | V15: =VLOOKUP(A15,[1]allpride!$C$2:$V$215,20,FALSE) -> 1 | W15: =VLOOKUP(B15,'[2]pride covariates'!$A$2:$B$33,2,FALSE) -> 1 | X15: 1 | Y15: 0 | Z15: =CONCATENATE("/* ",A15," */ ",G15,H15,I15,J15,K15,L15,M15,N15," 1"," ",P15," ",S15," ",R15," ",Y15," ",V15," ",X15,";") -> /* ELI-245 */ 11110111 1 1 1 0 0 1 1; | AA15: =CONCATENATE(G15,H15,I15,J15,K15,L15,M15,N15) -> 11110111 | AB15: =CONCATENATE("/*",A15,"*/ ",G15,H15,I15,J15,K15,L15,M15,N15," 1;") -> /*ELI-245*/ 11110111 1;
A16: ELI-223 | B16: Big Pride | C16: Big Pride F06 | D16: 0 | E16: 0 | F16: 0 | G16: 1 | H16: 1 | I16: 1 | J16: 1 | K16: 1 | L16: 1 | M16: 1 | N16: 1 | O16: 0 | P16: =VLOOKUP(A16,[1]allpride!$C$2:$V$215,14,FALSE) -> 1 | Q16: =VLOOKUP(A16,[1]allpride!$C$2:$V$215,15,FALSE) -> 0 | R16: =VLOOKUP(A16,[1]allpride!$C$2:$V$215,16,FALSE) -> 0 | S16: =VLOOKUP(A16,[1]allpride!$C$2:$V$215,17,FALSE) -> 1 | T16: =VLOOKUP(A16,[1]allpride!$C$2:$V$215,18,FALSE) -> 2008 | U16: =VLOOKUP(A16,[1]allpride!$C$2:$V$215,19,FALSE) -> 10 | V16: =VLOOKUP(A16,[1]allpride!$C$2:$V$215,20,FALSE) -> 1 | W16: =VLOOKUP(B16,'[2]pride covariates'!$A$2:$B$33,2,FALSE) -> 1 | X16: 1 | Y16: 0 | Z16: =CONCATENATE("/* ",A16," */ ",G16,H16,I16,J16,K16,L16,M16,N16," 1"," ",P16," ",S16," ",R16," ",Y16," ",V16," ",X16,";") -> /* ELI-223 */ 11111111 1 1 1 0 0 1 1; | AA16: =CONCATENATE(G16,H16,I16,J16,K16,L16,M16,N16) -> 11111111 | AB16: =CONCATENATE("/*",A16,"*/ ",G16,H16,I16,J16,K16,L16,M16,N16," 1;") -> /*ELI-223*/ 11111111 1;
A17: ELI-220 | B17: Big Pride | C17: Big Pride F07 | D17: 0 | E17: 0 | F17: 0 | G17: 1 | H17: 1 | I17: 1 | J17: 1 | K17: 1 | L17: 1 | M17: 1 | N17: 1 | O17: 0 | P17: =VLOOKUP(A17,[1]allpride!$C$2:$V$215,14,FALSE) -> 1 | Q17: =VLOOKUP(A17,[1]allpride!$C$2:$V$215,15,FALSE) -> 0 | R17: =VLOOKUP(A17,[1]allpride!$C$2:$V$215,16,FALSE) -> 0 | S17: =VLOOKUP(A17,[1]allpride!$C$2:$V$215,17,FALSE) -> 1 | T17: =VLOOKUP(A17,[1]allpride!$C$2:$V$215,18,FALSE) -> 2008 | U17: =VLOOKUP(A17,[1]allpride!$C$2:$V$215,19,FALSE) -> 10 | V17: =VLOOKUP(A17,[1]allpride!$C$2:$V$215,20,FALSE) -> 0 | W17: =VLOOKUP(B17,'[2]pride covariates'!$A$2:$B$33,2,FALSE) -> 1 | X17: 1 | Y17: 0 | Z17: =CONCATENATE("/* ",A17," */ ",G17,H17,I17,J17,K17,L17,M17,N17," 1"," ",P17," ",S17," ",R17," ",Y17," ",V17," ",X17,";") -> /* ELI-220 */ 11111111 1 1 1 0 0 0 1; | AA17: =CONCATENATE(G17,H17,I17,J17,K17,L17,M17,N17) -> 11111111 | AB17: =CONCATENATE("/*",A17,"*/ ",G17,H17,I17,J17,K17,L17,M17,N17," 1;") -> /*ELI-220*/ 11111111 1;
A18: ELI-218 | B18: Big Pride | C18: Big Pride F08 | D18: 0 | E18: 0 | F18: 0 | G18: 1 | H18: 1 | I18: 1 | J18: 1 | K18: 1 | L18: 1 | M18: 1 | N18: 1 | O18: 1 | P18: =VLOOKUP(A18,[1]allpride!$C$2:$V$215,14,FALSE) -> 1 | Q18: =VLOOKUP(A18,[1]allpride!$C$2:$V$215,15,FALSE) -> 0 | R18: =VLOOKUP(A18,[1]allpride!$C$2:$V$215,16,FALSE) -> 0 | S18: =VLOOKUP(A18,[1]allpride!$C$2:$V$215,17,FALSE) -> 1 | T18: =VLOOKUP(A18,[1]allpride!$C$2:$V$215,18,FALSE) -> 2009 | U18: =VLOOKUP(A18,[1]allpride!$C$2:$V$215,19,FALSE) -> 4 | V18: =VLOOKUP(A18,[1]allpride!$C$2:$V$215,20,FALSE) -> 1 | W18: =VLOOKUP(B18,'[2]pride covariates'!$A$2:$B$33,2,FALSE) -> 1 | X18: 1 | Y18: 0 | Z18: =CONCATENATE("/* ",A18," */ ",G18,H18,I18,J18,K18,L18,M18,N18," 1"," ",P18," ",S18," ",R18," ",Y18," ",V18," ",X18,";") -> /* ELI-218 */ 11111111 1 1 1 0 0 1 1; | AA18: =CONCATENATE(G18,H18,I18,J18,K18,L18,M18,N18) -> 11111111 | AB18: =CONCATENATE("/*",A18,"*/ ",G18,H18,I18,J18,K18,L18,M18,N18," 1;") -> /*ELI-218*/ 11111111 1;
A19: ELI-219 | B19: Big Pride | C19: Big Pride F10 | D19: 0 | E19: 0 | F19: 0 | G19: 1 | H19: 1 | I19: 1 | J19: 1 | K19: 1 | L19: 1 | M19: 1 | N19: 1 | O19: 0 | P19: =VLOOKUP(A19,[1]allpride!$C$2:$V$215,14,FALSE) -> 1 | Q19: =VLOOKUP(A19,[1]allpride!$C$2:$V$215,15,FALSE) -> 0 | R19: =VLOOKUP(A19,[1]allpride!$C$2:$V$215,16,FALSE) -> 0 | S19: =VLOOKUP(A19,[1]allpride!$C$2:$V$215,17,FALSE) -> 1 | T19: =VLOOKUP(A19,[1]allpride!$C$2:$V$215,18,FALSE) -> 2008 | U19: =VLOOKUP(A19,[1]allpride!$C$2:$V$215,19,FALSE) -> 10 | V19: =VLOOKUP(A19,[1]allpride!$C$2:$V$215,20,FALSE) -> 0 | W19: =VLOOKUP(B19,'[2]pride covariates'!$A$2:$B$33,2,FALSE) -> 1 | X19: 1 | Y19: 0 | Z19: =CONCATENATE("/* ",A19," */ ",G19,H19,I19,J19,K19,L19,M19,N19," 1"," ",P19," ",S19," ",R19," ",Y19," ",V19," ",X19,";") -> /* ELI-219 */ 11111111 1 1 1 0 0 0 1; | AA19: =CONCATENATE(G19,H19,I19,J19,K19,L19,M19,N19) -> 11111111 | AB19: =CONCATENATE("/*",A19,"*/ ",G19,H19,I19,J19,K19,L19,M19,N19," 1;") -> /*ELI-219*/ 11111111 1;
A20: ELI-765 | B20: Big Pride | C20: 2014 Cub 1 | D20: 0 | E20: 0 | F20: 0 | G20: 1 | H20: 0 | I20: 0 | J20: 1 | K20: 0 | L20: 1 | M20: 1 | N20: 1 | O20: 0 | P20: 1 | Q20: 1 | R20: 0 | S20: 1 | T20: 2014 | U20: 4 | V20: 0 | W20: =VLOOKUP(B20,'[2]pride covariates'!$A$2:$B$33,2,FALSE) -> 1 | X20: 1 | Y20: 1 | Z20: =CONCATENATE("/* ",A20," */ ",G20,H20,I20,J20,K20,L20,M20,N20," 1"," ",P20," ",S20," ",R20," ",Y20," ",V20," ",X20,";") -> /* ELI-765 */ 10010111 1 1 1 0 1 0 1; | AA20: =CONCATENATE(G20,H20,I20,J20,K20,L20,M20,N20) -> 10010111 | AB20: =CONCATENATE("/*",A20,"*/ ",G20,H20,I20,J20,K20,L20,M20,N20," 1;") -> /*ELI-765*/ 10010111 1;
A21: ELI-766 | B21: Big Pride | C21: 2014 Cub 2 | D21: 0 | E21: 0 | F21: 0 | G21: 1 | H21: 0 | I21: 0 | J21: 1 | K21: 0 | L21: 1 | M21: 1 | N21: 1 | O21: 0 | P21: 1 | Q21: 1 | R21: 0 | S21: 1 | T21: 2014 | U21: 4 | V21: 0 | W21: =VLOOKUP(B21,'[2]pride covariates'!$A$2:$B$33,2,FALSE) -> 1 | X21: 1 | Y21: 1 | Z21: =CONCATENATE("/* ",A21," */ ",G21,H21,I21,J21,K21,L21,M21,N21," 1"," ",P21," ",S21," ",R21," ",Y21," ",V21," ",X21,";") -> /* ELI-766 */ 10010111 1 1 1 0 1 0 1; | AA21: =CONCATENATE(G21,H21,I21,J21,K21,L21,M21,N21) -> 10010111 | AB21: =CONCATENATE("/*",A21,"*/ ",G21,H21,I21,J21,K21,L21,M21,N21," 1;") -> /*ELI-766*/ 10010111 1;
A22: ELI-767 | B22: Big Pride | C22: 2014 Cub 3 | D22: 0 | E22: 0 | F22: 0 | G22: 1 | H22: 0 | I22: 0 | J22: 1 | K22: 0 | L22: 1 | M22: 1 | N22: 1 | O22: 0 | P22: 1 | Q22: 1 | R22: 1 | S22: 1 | T22: 2014 | U22: 4 | V22: 0 | W22: =VLOOKUP(B22,'[2]pride covariates'!$A$2:$B$33,2,FALSE) -> 1 | X22: 1 | Y22: 1 | Z22: =CONCATENATE("/* ",A22," */ ",G22,H22,I22,J22,K22,L22,M22,N22," 1"," ",P22," ",S22," ",R22," ",Y22," ",V22," ",X22,";") -> /* ELI-767 */ 10010111 1 1 1 1 1 0 1; | AA22: =CONCATENATE(G22,H22,I22,J22,K22,L22,M22,N22) -> 10010111 | AB22: =CONCATENATE("/*",A22,"*/ ",G22,H22,I22,J22,K22,L22,M22,N22," 1;") -> /*ELI-767*/ 10010111 1;
A23: ELI-768 | B23: Big Pride | C23: 2014 Cub 4 | D23: 0 | E23: 0 | F23: 0 | G23: 1 | H23: 0 | I23: 0 | J23: 1 | K23: 0 | L23: 1 | M23: 1 | N23: 1 | O23: 0 | P23: 1 | Q23: 1 | R23: 0 | S23: 1 | T23: 2014 | U23: 4 | V23: 0 | W23: =VLOOKUP(B23,'[2]pride covariates'!$A$2:$B$33,2,FALSE) -> 1 | X23: 1 | Y23: 1 | Z23: =CONCATENATE("/* ",A23," */ ",G23,H23,I23,J23,K23,L23,M23,N23," 1"," ",P23," ",S23," ",R23," ",Y23," ",V23," ",X23,";") -> /* ELI-768 */ 10010111 1 1 1 0 1 0 1; | AA23: =CONCATENATE(G23,H23,I23,J23,K23,L23,M23,N23) -> 10010111 | AB23: =CONCATENATE("/*",A23,"*/ ",G23,H23,I23,J23,K23,L23,M23,N23," 1;") -> /*ELI-768*/ 10010111 1;
A24: ELI-769 | B24: Big Pride | C24: 2014 Cub 5 | D24: 0 | E24: 0 | F24: 0 | G24: 1 | H24: 0 | I24: 0 | J24: 1 | K24: 0 | L24: 1 | M24: 1 | N24: 1 | O24: 0 | P24: 1 | Q24: 1 | R24: 0 | S24: 1 | T24: 2014 | U24: 4 | V24: 0 | W24: =VLOOKUP(B24,'[2]pride covariates'!$A$2:$B$33,2,FALSE) -> 1 | X24: 1 | Y24: 1 | Z24: =CONCATENATE("/* ",A24," */ ",G24,H24,I24,J24,K24,L24,M24,N24," 1"," ",P24," ",S24," ",R24," ",Y24," ",V24," ",X24,";") -> /* ELI-769 */ 10010111 1 1 1 0 1 0 1; | AA24: =CONCATENATE(G24,H24,I24,J24,K24,L24,M24,N24) -> 10010111 | AB24: =CONCATENATE("/*",A24,"*/ ",G24,H24,I24,J24,K24,L24,M24,N24," 1;") -> /*ELI-769*/ 10010111 1;
A25: ELI-414 | B25: Chowo | C25: Chowo F01 | D25: 1 | E25: 0 | F25: 1 | G25: 0 | H25: 1 | I25: 1 | J25: 1 | K25: 1 | L25: 1 | M25: 1 | N25: 1 | O25: 0 | P25: =VLOOKUP(A25,[1]allpride!$C$2:$V$215,14,FALSE) -> 1 | Q25: =VLOOKUP(A25,[1]allpride!$C$2:$V$215,15,FALSE) -> 0 | R25: =VLOOKUP(A25,[1]allpride!$C$2:$V$215,16,FALSE) -> 0 | S25: =VLOOKUP(A25,[1]allpride!$C$2:$V$215,17,FALSE) -> 1 | T25: =VLOOKUP(A25,[1]allpride!$C$2:$V$215,18,FALSE) -> 2011 | U25: =VLOOKUP(A25,[1]allpride!$C$2:$V$215,19,FALSE) -> 7 | V25: =VLOOKUP(A25,[1]allpride!$C$2:$V$215,20,FALSE) -> 3 | W25: =VLOOKUP(B25,'[2]pride covariates'!$A$2:$B$33,2,FALSE) -> 1 | X25: 1 | Y25: 0 | Z25: =CONCATENATE("/* ",A25," */ ",G25,H25,I25,J25,K25,L25,M25,N25," 1"," ",P25," ",S25," ",R25," ",Y25," ",V25," ",X25,";") -> /* ELI-414 */ 01111111 1 1 1 0 0 3 1; | AA25: =CONCATENATE(G25,H25,I25,J25,K25,L25,M25,N25) -> 01111111 | AB25: =CONCATENATE("/*",A25,"*/ ",G25,H25,I25,J25,K25,L25,M25,N25," 1;") -> /*ELI-414*/ 01111111 1;
A26: ELI-493 | B26: Chowo | C26: Chowo F05 | D26: 0 | E26: 0 | F26: 1 | G26: 0 | H26: 0 | I26: 0 | J26: 1 | K26: 1 | L26: 1 | M26: 1 | N26: 1 | O26: 0 | P26: =VLOOKUP(A26,[1]allpride!$C$2:$V$215,14,FALSE) -> 1 | Q26: =VLOOKUP(A26,[1]allpride!$C$2:$V$215,15,FALSE) -> 0 | R26: =VLOOKUP(A26,[1]allpride!$C$2:$V$215,16,FALSE) -> 0 | S26: =VLOOKUP(A26,[1]allpride!$C$2:$V$215,17,FALSE) -> 1 | T26: =VLOOKUP(A26,[1]allpride!$C$2:$V$215,18,FALSE) -> 2012 | U26: =VLOOKUP(A26,[1]allpride!$C$2:$V$215,19,FALSE) -> 6 | V26: =VLOOKUP(A26,[1]allpride!$C$2:$V$215,20,FALSE) -> 4 | W26: =VLOOKUP(B26,'[2]pride covariates'!$A$2:$B$33,2,FALSE) -> 1 | X26: 1 | Y26: 0 | Z26: =CONCATENATE("/* ",A26," */ ",G26,H26,I26,J26,K26,L26,M26,N26," 1"," ",P26," ",S26," ",R26," ",Y26," ",V26," ",X26,";") -> /* ELI-493 */ 00011111 1 1 1 0 0 4 1; | AA26: =CONCATENATE(G26,H26,I26,J26,K26,L26,M26,N26) -> 00011111 | AB26: =CONCATENATE("/*",A26,"*/ ",G26,H26,I26,J26,K26,L26,M26,N26," 1;") -> /*ELI-493*/ 00011111 1;
A27: ELI-494 | B27: Chowo | C27: Chowo F06 | D27: 0 | E27: 0 | F27: 1 | G27: 0 | H27: 1 | I27: 0 | J27: 1 | K27: 1 | L27: 1 | M27: 1 | N27: 1 | O27: 0 | P27: =VLOOKUP(A27,[1]allpride!$C$2:$V$215,14,FALSE) -> 1 | Q27: =VLOOKUP(A27,[1]allpride!$C$2:$V$215,15,FALSE) -> 0 | R27: =VLOOKUP(A27,[1]allpride!$C$2:$V$215,16,FALSE) -> 0 | S27: =VLOOKUP(A27,[1]allpride!$C$2:$V$215,17,FALSE) -> 1 | T27: =VLOOKUP(A27,[1]allpride!$C$2:$V$215,18,FALSE) -> 2012 | U27: =VLOOKUP(A27,[1]allpride!$C$2:$V$215,19,FALSE) -> 6 | V27: =VLOOKUP(A27,[1]allpride!$C$2:$V$215,20,FALSE) -> 1 | W27: =VLOOKUP(B27,'[2]pride covariates'!$A$2:$B$33,2,FALSE) -> 1 | X27: 1 | Y27: 0 | Z27: =CONCATENATE("/* ",A27," */ ",G27,H27,I27,J27,K27,L27,M27,N27," 1"," ",P27," ",S27," ",R27," ",Y27," ",V27," ",X27,";") -> /* ELI-494 */ 01011111 1 1 1 0 0 1 1; | AA27: =CONCATENATE(G27,H27,I27,J27,K27,L27,M27,N27) -> 01011111 | AB27: =CONCATENATE("/*",A27,"*/ ",G27,H27,I27,J27,K27,L27,M27,N27," 1;") -> /*ELI-494*/ 01011111 1;
A28: ELI-524 | B28: Chowo | C28: Chowo U02 | D28: 0 | E28: 0 | F28: 1 | G28: 0 | H28: 1 | I28: 0 | J28: 1 | K28: 1 | L28: 1 | M28: 1 | N28: 1 | O28: 0 | P28: =VLOOKUP(A28,[1]allpride!$C$2:$V$215,14,FALSE) -> 1 | Q28: =VLOOKUP(A28,[1]allpride!$C$2:$V$215,15,FALSE) -> 0 | R28: =VLOOKUP(A28,[1]allpride!$C$2:$V$215,16,FALSE) -> 0 | S28: =VLOOKUP(A28,[1]allpride!$C$2:$V$215,17,FALSE) -> 1 | T28: =VLOOKUP(A28,[1]allpride!$C$2:$V$215,18,FALSE) -> 2012 | U28: =VLOOKUP(A28,[1]allpride!$C$2:$V$215,19,FALSE) -> 10 | V28: =VLOOKUP(A28,[1]allpride!$C$2:$V$215,20,FALSE) -> 0 | W28: =VLOOKUP(B28,'[2]pride covariates'!$A$2:$B$33,2,FALSE) -> 1 | X28: 1 | Y28: 0 | Z28: =CONCATENATE("/* ",A28," */ ",G28,H28,I28,J28,K28,L28,M28,N28," 1"," ",P28," ",S28," ",R28," ",Y28," ",V28," ",X28,";") -> /* ELI-524 */ 01011111 1 1 1 0 0 0 1; | AA28: =CONCATENATE(G28,H28,I28,J28,K28,L28,M28,N28) -> 01011111 | AB28: =CONCATENATE("/*",A28,"*/ ",G28,H28,I28,J28,K28,L28,M28,N28," 1;") -> /*ELI-524*/ 01011111 1;
A29: ELI-598 | B29: Chowo | C29: Chowo U04 | D29: 0 | E29: 0 | F29: 1 | G29: 0 | H29: 1 | I29: 0 | J29: 1 | K29: 1 | L29: 1 | M29: 1 | N29: 1 | O29: 0 | P29: =VLOOKUP(A29,[1]allpride!$C$2:$V$215,14,FALSE) -> 1 | Q29: =VLOOKUP(A29,[1]allpride!$C$2:$V$215,15,FALSE) -> 0 | R29: =VLOOKUP(A29,[1]allpride!$C$2:$V$215,16,FALSE) -> 0 | S29: =VLOOKUP(A29,[1]allpride!$C$2:$V$215,17,FALSE) -> 1 | T29: =VLOOKUP(A29,[1]allpride!$C$2:$V$215,18,FALSE) -> 2013 | U29: =VLOOKUP(A29,[1]allpride!$C$2:$V$215,19,FALSE) -> 4 | V29: =VLOOKUP(A29,[1]allpride!$C$2:$V$215,20,FALSE) -> 0 | W29: =VLOOKUP(B29,'[2]pride covariates'!$A$2:$B$33,2,FALSE) -> 1 | X29: 1 | Y29: 0 | Z29: =CONCATENATE("/* ",A29," */ ",G29,H29,I29,J29,K29,L29,M29,N29," 1"," ",P29," ",S29," ",R29," ",Y29," ",V29," ",X29,";") -> /* ELI-598 */ 01011111 1 1 1 0 0 0 1; | AA29: =CONCATENATE(G29,H29,I29,J29,K29,L29,M29,N29) -> 01011111 | AB29: =CONCATENATE("/*",A29,"*/ ",G29,H29,I29,J29,K29,L29,M29,N29," 1;") -> /*ELI-598*/ 01011111 1;
A30: ELI-599 | B30: Chowo | C30: Chowo U05 | D30: 0 | E30: 0 | F30: 1 | G30: 0 | H30: 1 | I30: 0 | J30: 1 | K30: 1 | L30: 1 | M30: 1 | N30: 1 | O30: 0 | P30: =VLOOKUP(A30,[1]allpride!$C$2:$V$215,14,FALSE) -> 1 | Q30: =VLOOKUP(A30,[1]allpride!$C$2:$V$215,15,FALSE) -> 0 | R30: =VLOOKUP(A30,[1]allpride!$C$2:$V$215,16,FALSE) -> 0 | S30: =VLOOKUP(A30,[1]allpride!$C$2:$V$215,17,FALSE) -> 1 | T30: =VLOOKUP(A30,[1]allpride!$C$2:$V$215,18,FALSE) -> 2013 | U30: =VLOOKUP(A30,[1]allpride!$C$2:$V$215,19,FALSE) -> 4 | V30: =VLOOKUP(A30,[1]allpride!$C$2:$V$215,20,FALSE) -> 0 | W30: =VLOOKUP(B30,'[2]pride covariates'!$A$2:$B$33,2,FALSE) -> 1 | X30: 1 | Y30: 0 | Z30: =CONCATENATE("/* ",A30," */ ",G30,H30,I30,J30,K30,L30,M30,N30," 1"," ",P30," ",S30," ",R30," ",Y30," ",V30," ",X30,";") -> /* ELI-599 */ 01011111 1 1 1 0 0 0 1; | AA30: =CONCATENATE(G30,H30,I30,J30,K30,L30,M30,N30) -> 01011111 | AB30: =CONCATENATE("/*",A30,"*/ ",G30,H30,I30,J30,K30,L30,M30,N30," 1;") -> /*ELI-599*/ 01011111 1;
A31: ELI-236 | B31: Chichele | C31: Chichele F02 | D31: 0 | E31: 0 | F31: 1 | G31: 1 | H31: 1 | I31: 1 | J31: 1 | K31: 1 | L31: 1 | M31: 1 | N31: 1 | O31: 0 | P31: =VLOOKUP(A31,[1]allpride!$C$2:$V$215,14,FALSE) -> 1 | Q31: =VLOOKUP(A31,[1]allpride!$C$2:$V$215,15,FALSE) -> 0 | R31: =VLOOKUP(A31,[1]allpride!$C$2:$V$215,16,FALSE) -> 0 | S31: =VLOOKUP(A31,[1]allpride!$C$2:$V$215,17,FALSE) -> 1 | T31: =VLOOKUP(A31,[1]allpride!$C$2:$V$215,18,FALSE) -> 2008 | U31: =VLOOKUP(A31,[1]allpride!$C$2:$V$215,19,FALSE) -> 9 | V31: =VLOOKUP(A31,[1]allpride!$C$2:$V$215,20,FALSE) -> 5 | W31: =VLOOKUP(B31,'[2]pride covariates'!$A$2:$B$33,2,FALSE) -> 1 | X31: 1 | Y31: 0 | Z31: =CONCATENATE("/* ",A31," */ ",G31,H31,I31,J31,K31,L31,M31,N31," 1"," ",P31," ",S31," ",R31," ",Y31," ",V31," ",X31,";") -> /* ELI-236 */ 11111111 1 1 1 0 0 5 1; | AA31: =CONCATENATE(G31,H31,I31,J31,K31,L31,M31,N31) -> 11111111 | AB31: =CONCATENATE("/*",A31,"*/ ",G31,H31,I31,J31,K31,L31,M31,N31," 1;") -> /*ELI-236*/ 11111111 1;
A32: ELI-235 | B32: Chichele | C32: Chichele F03 | D32: 1 | E32: 1 | F32: 1 | G32: 1 | H32: 1 | I32: 1 | J32: 1 | K32: 1 | L32: 1 | M32: 1 | N32: 1 | O32: 0 | P32: =VLOOKUP(A32,[1]allpride!$C$2:$V$215,14,FALSE) -> 1 | Q32: =VLOOKUP(A32,[1]allpride!$C$2:$V$215,15,FALSE) -> 0 | R32: 0 | S32: =VLOOKUP(A32,[1]allpride!$C$2:$V$215,17,FALSE) -> 1 | T32: =VLOOKUP(A32,[1]allpride!$C$2:$V$215,18,FALSE) -> 2008 | U32: =VLOOKUP(A32,[1]allpride!$C$2:$V$215,19,FALSE) -> 9 | V32: =VLOOKUP(A32,[1]allpride!$C$2:$V$215,20,FALSE) -> 2 | W32: =VLOOKUP(B32,'[2]pride covariates'!$A$2:$B$33,2,FALSE) -> 1 | X32: 1 | Y32: 0 | Z32: =CONCATENATE("/* ",A32," */ ",G32,H32,I32,J32,K32,L32,M32,N32," 1"," ",P32," ",S32," ",R32," ",Y32," ",V32," ",X32,";") -> /* ELI-235 */ 11111111 1 1 1 0 0 2 1; | AA32: =CONCATENATE(G32,H32,I32,J32,K32,L32,M32,N32) -> 11111111 | AB32: =CONCATENATE("/*",A32,"*/ ",G32,H32,I32,J32,K32,L32,M32,N32," 1;") -> /*ELI-235*/ 11111111 1;
A33: ELI-604 | B33: Chichele | C33: Chichele Cub1 | D33: 0 | E33: 0 | F33: 1 | G33: 1 | H33: 1 | I33: 1 | J33: 1 | K33: 1 | L33: 1 | M33: 1 | N33: 1 | O33: 0 | P33: 1 | Q33: 1 | R33: 0 | S33: 1 | T33: 2014 | U33: 4 | V33: 0 | W33: =VLOOKUP(B33,'[2]pride covariates'!$A$2:$B$33,2,FALSE) -> 1 | X33: 1 | Y33: 1 | Z33: =CONCATENATE("/* ",A33," */ ",G33,H33,I33,J33,K33,L33,M33,N33," 1"," ",P33," ",S33," ",R33," ",Y33," ",V33," ",X33,";") -> /* ELI-604 */ 11111111 1 1 1 0 1 0 1; | AA33: =CONCATENATE(G33,H33,I33,J33,K33,L33,M33,N33) -> 11111111 | AB33: =CONCATENATE("/*",A33,"*/ ",G33,H33,I33,J33,K33,L33,M33,N33," 1;") -> /*ELI-604*/ 11111111 1;
A34: ELI-606 | B34: Chichele | C34: Chichele Cub2 | D34: 0 | E34: 0 | F34: 1 | G34: 1 | H34: 1 | I34: 1 | J34: 1 | K34: 1 | L34: 1 | M34: 1 | N34: 1 | O34: 0 | P34: 1 | Q34: 0 | R34: 1 | S34: 1 | T34: 2014 | U34: 4 | V34: 0 | W34: =VLOOKUP(B34,'[2]pride covariates'!$A$2:$B$33,2,FALSE) -> 1 | X34: 1 | Y34: 0 | Z34: =CONCATENATE("/* ",A34," */ ",G34,H34,I34,J34,K34,L34,M34,N34," 1"," ",P34," ",S34," ",R34," ",Y34," ",V34," ",X34,";") -> /* ELI-606 */ 11111111 1 1 1 1 0 0 1; | AA34: =CONCATENATE(G34,H34,I34,J34,K34,L34,M34,N34) -> 11111111 | AB34: =CONCATENATE("/*",A34,"*/ ",G34,H34,I34,J34,K34,L34,M34,N34," 1;") -> /*ELI-606*/ 11111111 1;
A35: ELI-607 | B35: Chichele | C35: Chichele Cub3 | D35: 0 | E35: 0 | F35: 1 | G35: 1 | H35: 1 | I35: 1 | J35: 1 | K35: 1 | L35: 1 | M35: 1 | N35: 1 | O35: 0 | P35: 1 | Q35: 0 | R35: 0 | S35: 1 | T35: 2014 | U35: 4 | V35: 0 | W35: =VLOOKUP(B35,'[2]pride covariates'!$A$2:$B$33,2,FALSE) -> 1 | X35: 1 | Y35: 0 | Z35: =CONCATENATE("/* ",A35," */ ",G35,H35,I35,J35,K35,L35,M35,N35," 1"," ",P35," ",S35," ",R35," ",Y35," ",V35," ",X35,";") -> /* ELI-607 */ 11111111 1 1 1 0 0 0 1; | AA35: =CONCATENATE(G35,H35,I35,J35,K35,L35,M35,N35) -> 11111111 | AB35: =CONCATENATE("/*",A35,"*/ ",G35,H35,I35,J35,K35,L35,M35,N35," 1;") -> /*ELI-607*/ 11111111 1;
A36: ELI-143 | B36: Chinzombo | C36: Chinzombo F01 | D36: 0 | E36: 0 | F36: 0 | G36: 0 | H36: 1 | I36: 1 | J36: 1 | K36: 1 | L36: 1 | M36: 1 | N36: 1 | O36: 1 | P36: =VLOOKUP(A36,[1]allpride!$C$2:$V$215,14,FALSE) -> 1 | Q36: =VLOOKUP(A36,[1]allpride!$C$2:$V$215,15,FALSE) -> 0 | R36: =VLOOKUP(A36,[1]allpride!$C$2:$V$215,16,FALSE) -> 0 | S36: =VLOOKUP(A36,[1]allpride!$C$2:$V$215,17,FALSE) -> 1 | T36: =VLOOKUP(A36,[1]allpride!$C$2:$V$215,18,FALSE) -> 2012 | U36: =VLOOKUP(A36,[1]allpride!$C$2:$V$215,19,FALSE) -> 4 | V36: =VLOOKUP(A36,[1]allpride!$C$2:$V$215,20,FALSE) -> 4 | W36: 1 | X36: 0 | Y36: 0 | Z36: =CONCATENATE("/* ",A36," */ ",G36,H36,I36,J36,K36,L36,M36,N36," 1"," ",P36," ",S36," ",R36," ",Y36," ",V36," ",X36,";") -> /* ELI-143 */ 01111111 1 1 1 0 0 4 0; | AA36: =CONCATENATE(G36,H36,I36,J36,K36,L36,M36,N36) -> 01111111 | AB36: =CONCATENATE("/*",A36,"*/ ",G36,H36,I36,J36,K36,L36,M36,N36," 1;") -> /*ELI-143*/ 01111111 1;
A37: ELI-496 | B37: Chinzombo | C37: Chinzombo F02 | D37: 0 | E37: 0 | F37: 0 | G37: 0 | H37: 1 | I37: 0 | J37: 1 | K37: 1 | L37: 1 | M37: 1 | N37: 1 | O37: 1 | P37: 1 | Q37: 0 | R37: 0 | S37: 1 | T37: 2014 | U37: 5 | V37: 2 | W37: 1 | X37: 0 | Y37: 0 | Z37: =CONCATENATE("/* ",A37," */ ",G37,H37,I37,J37,K37,L37,M37,N37," 1"," ",P37," ",S37," ",R37," ",Y37," ",V37," ",X37,";") -> /* ELI-496 */ 01011111 1 1 1 0 0 2 0; | AA37: =CONCATENATE(G37,H37,I37,J37,K37,L37,M37,N37) -> 01011111 | AB37: =CONCATENATE("/*",A37,"*/ ",G37,H37,I37,J37,K37,L37,M37,N37," 1;") -> /*ELI-496*/ 01011111 1;
A38: ELI-703 | B38: Chinzombo | C38: Chinzombo F03 | D38: 0 | E38: 0 | F38: 0 | G38: 0 | H38: 1 | I38: 0 | J38: 1 | K38: 1 | L38: 1 | M38: 1 | N38: 1 | O38: 1 | P38: 1 | Q38: 0 | R38: 0 | S38: 1 | T38: 2014 | U38: 5 | V38: 0 | W38: 1 | X38: 0 | Y38: 0 | Z38: =CONCATENATE("/* ",A38," */ ",G38,H38,I38,J38,K38,L38,M38,N38," 1"," ",P38," ",S38," ",R38," ",Y38," ",V38," ",X38,";") -> /* ELI-703 */ 01011111 1 1 1 0 0 0 0; | AA38: =CONCATENATE(G38,H38,I38,J38,K38,L38,M38,N38) -> 01011111 | AB38: =CONCATENATE("/*",A38,"*/ ",G38,H38,I38,J38,K38,L38,M38,N38," 1;") -> /*ELI-703*/ 01011111 1;
A39: ELI-173 | B39: Nsefu | C39: Nsefu F01 | D39: 0 | E39: 0 | F39: 0 | G39: 0 | H39: 0 | I39: 0 | J39: 1 | K39: 0 | L39: 1 | M39: 1 | N39: 1 | O39: 1 | P39: =VLOOKUP(A39,[1]allpride!$C$2:$V$215,14,FALSE) -> 1 | Q39: =VLOOKUP(A39,[1]allpride!$C$2:$V$215,15,FALSE) -> 0 | R39: =VLOOKUP(A39,[1]allpride!$C$2:$V$215,16,FALSE) -> 0 | S39: =VLOOKUP(A39,[1]allpride!$C$2:$V$215,17,FALSE) -> 1 | T39: =VLOOKUP(A39,[1]allpride!$C$2:$V$215,18,FALSE) -> 2008 | U39: =VLOOKUP(A39,[1]allpride!$C$2:$V$215,19,FALSE) -> 8 | V39: =VLOOKUP(A39,[1]allpride!$C$2:$V$215,20,FALSE) -> 2 | W39: =VLOOKUP(B39,'[2]pride covariates'!$A$2:$B$33,2,FALSE) -> 1 | X39: 1 | Y39: 0 | Z39: =CONCATENATE("/* ",A39," */ ",G39,H39,I39,J39,K39,L39,M39,N39," 1"," ",P39," ",S39," ",R39," ",Y39," ",V39," ",X39,";") -> /* ELI-173 */ 00010111 1 1 1 0 0 2 1; | AA39: =CONCATENATE(G39,H39,I39,J39,K39,L39,M39,N39) -> 00010111 | AB39: =CONCATENATE("/*",A39,"*/ ",G39,H39,I39,J39,K39,L39,M39,N39," 1;") -> /*ELI-173*/ 00010111 1;
A40: ELI-174 | B40: Nsefu | C40: Nsefu F02 | D40: 0 | E40: 0 | F40: 0 | G40: 0 | H40: 1 | I40: 0 | J40: 1 | K40: 0 | L40: 1 | M40: 0 | N40: 1 | O40: 0 | P40: =VLOOKUP(A40,[1]allpride!$C$2:$V$215,14,FALSE) -> 1 | Q40: =VLOOKUP(A40,[1]allpride!$C$2:$V$215,15,FALSE) -> 0 | R40: =VLOOKUP(A40,[1]allpride!$C$2:$V$215,16,FALSE) -> 0 | S40: =VLOOKUP(A40,[1]allpride!$C$2:$V$215,17,FALSE) -> 1 | T40: =VLOOKUP(A40,[1]allpride!$C$2:$V$215,18,FALSE) -> 2008 | U40: =VLOOKUP(A40,[1]allpride!$C$2:$V$215,19,FALSE) -> 8 | V40: =VLOOKUP(A40,[1]allpride!$C$2:$V$215,20,FALSE) -> 6 | W40: =VLOOKUP(B40,'[2]pride covariates'!$A$2:$B$33,2,FALSE) -> 1 | X40: 1 | Y40: 0 | Z40: =CONCATENATE("/* ",A40," */ ",G40,H40,I40,J40,K40,L40,M40,N40," 1"," ",P40," ",S40," ",R40," ",Y40," ",V40," ",X40,";") -> /* ELI-174 */ 01010101 1 1 1 0 0 6 1; | AA40: =CONCATENATE(G40,H40,I40,J40,K40,L40,M40,N40) -> 01010101 | AB40: =CONCATENATE("/*",A40,"*/ ",G40,H40,I40,J40,K40,L40,M40,N40," 1;") -> /*ELI-174*/ 01010101 1;
A41: ELI-247 | B41: Nsefu | C41: Nsefu F03 | D41: 0 | E41: 0 | F41: 0 | G41: 0 | H41: 1 | I41: 1 | J41: 1 | K41: 0 | L41: 1 | M41: 1 | N41: 1 | O41: 1 | P41: =VLOOKUP(A41,[1]allpride!$C$2:$V$215,14,FALSE) -> 1 | Q41: =VLOOKUP(A41,[1]allpride!$C$2:$V$215,15,FALSE) -> 0 | R41: =VLOOKUP(A41,[1]allpride!$C$2:$V$215,16,FALSE) -> 0 | S41: =VLOOKUP(A41,[1]allpride!$C$2:$V$215,17,FALSE) -> 1 | T41: =VLOOKUP(A41,[1]allpride!$C$2:$V$215,18,FALSE) -> 2009 | U41: =VLOOKUP(A41,[1]allpride!$C$2:$V$215,19,FALSE) -> 8 | V41: =VLOOKUP(A41,[1]allpride!$C$2:$V$215,20,FALSE) -> 3 | W41: =VLOOKUP(B41,'[2]pride covariates'!$A$2:$B$33,2,FALSE) -> 1 | X41: 1 | Y41: 0 | Z41: =CONCATENATE("/* ",A41," */ ",G41,H41,I41,J41,K41,L41,M41,N41," 1"," ",P41," ",S41," ",R41," ",Y41," ",V41," ",X41,";") -> /* ELI-247 */ 01110111 1 1 1 0 0 3 1; | AA41: =CONCATENATE(G41,H41,I41,J41,K41,L41,M41,N41) -> 01110111 | AB41: =CONCATENATE("/*",A41,"*/ ",G41,H41,I41,J41,K41,L41,M41,N41," 1;") -> /*ELI-247*/ 01110111 1;
A42: ELI-248 | B42: Nsefu | C42: Nsefu F04 | D42: 1 | E42: 0 | F42: 0 | G42: 1 | H42: 1 | I42: 1 | J42: 1 | K42: 1 | L42: 1 | M42: 1 | N42: 1 | O42: 1 | P42: =VLOOKUP(A42,[1]allpride!$C$2:$V$215,14,FALSE) -> 1 | Q42: =VLOOKUP(A42,[1]allpride!$C$2:$V$215,15,FALSE) -> 0 | R42: =VLOOKUP(A42,[1]allpride!$C$2:$V$215,16,FALSE) -> 0 | S42: =VLOOKUP(A42,[1]allpride!$C$2:$V$215,17,FALSE) -> 1 | T42: =VLOOKUP(A42,[1]allpride!$C$2:$V$215,18,FALSE) -> 2009 | U42: =VLOOKUP(A42,[1]allpride!$C$2:$V$215,19,FALSE) -> 11 | V42: =VLOOKUP(A42,[1]allpride!$C$2:$V$215,20,FALSE) -> 3 | W42: =VLOOKUP(B42,'[2]pride covariates'!$A$2:$B$33,2,FALSE) -> 1 | X42: 1 | Y42: 0 | Z42: =CONCATENATE("/* ",A42," */ ",G42,H42,I42,J42,K42,L42,M42,N42," 1"," ",P42," ",S42," ",R42," ",Y42," ",V42," ",X42,";") -> /* ELI-248 */ 11111111 1 1 1 0 0 3 1; | AA42: =CONCATENATE(G42,H42,I42,J42,K42,L42,M42,N42) -> 11111111 | AB42: =CONCATENATE("/*",A42,"*/ ",G42,H42,I42,J42,K42,L42,M42,N42," 1;") -> /*ELI-248*/ 11111111 1;
A43: ELI-249 | B43: Nsefu | C43: Nsefu F05 | D43: 0 | E43: 0 | F43: 0 | G43: 0 | H43: 0 | I43: 0 | J43: 0 | K43: 0 | L43: 0 | M43: 0 | N43: 0 | O43: 0 | P43: =VLOOKUP(A43,[1]allpride!$C$2:$V$215,14,FALSE) -> 1 | Q43: =VLOOKUP(A43,[1]allpride!$C$2:$V$215,15,FALSE) -> 0 | R43: =VLOOKUP(A43,[1]allpride!$C$2:$V$215,16,FALSE) -> 0 | S43: =VLOOKUP(A43,[1]allpride!$C$2:$V$215,17,FALSE) -> 1 | T43: =VLOOKUP(A43,[1]allpride!$C$2:$V$215,18,FALSE) -> 2009 | U43: =VLOOKUP(A43,[1]allpride!$C$2:$V$215,19,FALSE) -> 8 | V43: =VLOOKUP(A43,[1]allpride!$C$2:$V$215,20,FALSE) -> 6 | W43: =VLOOKUP(B43,'[2]pride covariates'!$A$2:$B$33,2,FALSE) -> 1 | X43: 1 | Y43: 0 | Z43: =CONCATENATE("/* ",A43," */ ",G43,H43,I43,J43,K43,L43,M43,N43," 1"," ",P43," ",S43," ",R43," ",Y43," ",V43," ",X43,";") -> /* ELI-249 */ 00000000 1 1 1 0 0 6 1; | AA43: =CONCATENATE(G43,H43,I43,J43,K43,L43,M43,N43) -> 00000000 | AB43: =CONCATENATE("/*",A43,"*/ ",G43,H43,I43,J43,K43,L43,M43,N43," 1;") -> /*ELI-249*/ 00000000 1;
A44: ELI-250 | B44: Nsefu | C44: Nsefu F06 | D44: 0 | E44: 0 | F44: 0 | G44: 0 | H44: 1 | I44: 0 | J44: 1 | K44: 1 | L44: 1 | M44: 1 | N44: 1 | O44: 1 | P44: =VLOOKUP(A44,[1]allpride!$C$2:$V$215,14,FALSE) -> 1 | Q44: =VLOOKUP(A44,[1]allpride!$C$2:$V$215,15,FALSE) -> 0 | R44: =VLOOKUP(A44,[1]allpride!$C$2:$V$215,16,FALSE) -> 0 | S44: =VLOOKUP(A44,[1]allpride!$C$2:$V$215,17,FALSE) -> 1 | T44: =VLOOKUP(A44,[1]allpride!$C$2:$V$215,18,FALSE) -> 2009 | U44: =VLOOKUP(A44,[1]allpride!$C$2:$V$215,19,FALSE) -> 7 | V44: =VLOOKUP(A44,[1]allpride!$C$2:$V$215,20,FALSE) -> 6 | W44: =VLOOKUP(B44,'[2]pride covariates'!$A$2:$B$33,2,FALSE) -> 1 | X44: 1 | Y44: 0 | Z44: =CONCATENATE("/* ",A44," */ ",G44,H44,I44,J44,K44,L44,M44,N44," 1"," ",P44," ",S44," ",R44," ",Y44," ",V44," ",X44,";") -> /* ELI-250 */ 01011111 1 1 1 0 0 6 1; | AA44: =CONCATENATE(G44,H44,I44,J44,K44,L44,M44,N44) -> 01011111 | AB44: =CONCATENATE("/*",A44,"*/ ",G44,H44,I44,J44,K44,L44,M44,N44," 1;") -> /*ELI-250*/ 01011111 1;
A45: ELI-462 | B45: Nsefu | C45: Nsefu F07 | D45: 0 | E45: 0 | F45: 0 | G45: 0 | H45: 1 | I45: 0 | J45: 1 | K45: 0 | L45: 0 | M45: 1 | N45: 1 | O45: 1 | P45: =VLOOKUP(A45,[1]allpride!$C$2:$V$215,14,FALSE) -> 1 | Q45: =VLOOKUP(A45,[1]allpride!$C$2:$V$215,15,FALSE) -> 0 | R45: =VLOOKUP(A45,[1]allpride!$C$2:$V$215,16,FALSE) -> 0 | S45: =VLOOKUP(A45,[1]allpride!$C$2:$V$215,17,FALSE) -> 1 | T45: =VLOOKUP(A45,[1]allpride!$C$2:$V$215,18,FALSE) -> 2011 | U45: =VLOOKUP(A45,[1]allpride!$C$2:$V$215,19,FALSE) -> 10 | V45: =VLOOKUP(A45,[1]allpride!$C$2:$V$215,20,FALSE) -> 7 | W45: =VLOOKUP(B45,'[2]pride covariates'!$A$2:$B$33,2,FALSE) -> 1 | X45: 1 | Y45: 0 | Z45: =CONCATENATE("/* ",A45," */ ",G45,H45,I45,J45,K45,L45,M45,N45," 1"," ",P45," ",S45," ",R45," ",Y45," ",V45," ",X45,";") -> /* ELI-462 */ 01010011 1 1 1 0 0 7 1; | AA45: =CONCATENATE(G45,H45,I45,J45,K45,L45,M45,N45) -> 01010011 | AB45: =CONCATENATE("/*",A45,"*/ ",G45,H45,I45,J45,K45,L45,M45,N45," 1;") -> /*ELI-462*/ 01010011 1;
A46: ELI-378 | B46: Nsefu | C46: Nsefu F11 | D46: 0 | E46: 0 | F46: 0 | G46: 0 | H46: 1 | I46: 1 | J46: 1 | K46: 1 | L46: 1 | M46: 1 | N46: 1 | O46: 0 | P46: =VLOOKUP(A46,[1]allpride!$C$2:$V$215,14,FALSE) -> 1 | Q46: =VLOOKUP(A46,[1]allpride!$C$2:$V$215,15,FALSE) -> 0 | R46: =VLOOKUP(A46,[1]allpride!$C$2:$V$215,16,FALSE) -> 0 | S46: =VLOOKUP(A46,[1]allpride!$C$2:$V$215,17,FALSE) -> 1 | T46: =VLOOKUP(A46,[1]allpride!$C$2:$V$215,18,FALSE) -> 2010 | U46: =VLOOKUP(A46,[1]allpride!$C$2:$V$215,19,FALSE) -> 10 | V46: =VLOOKUP(A46,[1]allpride!$C$2:$V$215,20,FALSE) -> 0 | W46: =VLOOKUP(B46,'[2]pride covariates'!$A$2:$B$33,2,FALSE) -> 1 | X46: 1 | Y46: 0 | Z46: =CONCATENATE("/* ",A46," */ ",G46,H46,I46,J46,K46,L46,M46,N46," 1"," ",P46," ",S46," ",R46," ",Y46," ",V46," ",X46,";") -> /* ELI-378 */ 01111111 1 1 1 0 0 0 1; | AA46: =CONCATENATE(G46,H46,I46,J46,K46,L46,M46,N46) -> 01111111 | AB46: =CONCATENATE("/*",A46,"*/ ",G46,H46,I46,J46,K46,L46,M46,N46," 1;") -> /*ELI-378*/ 01111111 1;
A47: ELI-463 | B47: Nsefu | C47: Nsefu F12 | D47: 0 | E47: 0 | F47: 0 | G47: 0 | H47: 0 | I47: 0 | J47: 1 | K47: 0 | L47: 0 | M47: 1 | N47: 1 | O47: 0 | P47: =VLOOKUP(A47,[1]allpride!$C$2:$V$215,14,FALSE) -> 1 | Q47: =VLOOKUP(A47,[1]allpride!$C$2:$V$215,15,FALSE) -> 0 | R47: =VLOOKUP(A47,[1]allpride!$C$2:$V$215,16,FALSE) -> 0 | S47: =VLOOKUP(A47,[1]allpride!$C$2:$V$215,17,FALSE) -> 1 | T47: =VLOOKUP(A47,[1]allpride!$C$2:$V$215,18,FALSE) -> 2012 | U47: =VLOOKUP(A47,[1]allpride!$C$2:$V$215,19,FALSE) -> 9 | V47: =VLOOKUP(A47,[1]allpride!$C$2:$V$215,20,FALSE) -> 0 | W47: =VLOOKUP(B47,'[2]pride covariates'!$A$2:$B$33,2,FALSE) -> 1 | X47: 1 | Y47: 0 | Z47: =CONCATENATE("/* ",A47," */ ",G47,H47,I47,J47,K47,L47,M47,N47," 1"," ",P47," ",S47," ",R47," ",Y47," ",V47," ",X47,";") -> /* ELI-463 */ 00010011 1 1 1 0 0 0 1; | AA47: =CONCATENATE(G47,H47,I47,J47,K47,L47,M47,N47) -> 00010011 | AB47: =CONCATENATE("/*",A47,"*/ ",G47,H47,I47,J47,K47,L47,M47,N47," 1;") -> /*ELI-463*/ 00010011 1;
A48: ELI-464 | B48: Nsefu | C48: Nsefu M06 | D48: 0 | E48: 0 | F48: 0 | G48: 1 | H48: 0 | I48: 1 | J48: 1 | K48: 1 | L48: 1 | M48: 0 | N48: 1 | O48: 1 | P48: =VLOOKUP(A48,[1]allpride!$C$2:$V$215,14,FALSE) -> 1 | Q48: =VLOOKUP(A48,[1]allpride!$C$2:$V$215,15,FALSE) -> 1 | R48: =VLOOKUP(A48,[1]allpride!$C$2:$V$215,16,FALSE) -> 0 | S48: =VLOOKUP(A48,[1]allpride!$C$2:$V$215,17,FALSE) -> 1 | T48: =VLOOKUP(A48,[1]allpride!$C$2:$V$215,18,FALSE) -> 2012 | U48: =VLOOKUP(A48,[1]allpride!$C$2:$V$215,19,FALSE) -> 9 | V48: =VLOOKUP(A48,[1]allpride!$C$2:$V$215,20,FALSE) -> 0 | W48: =VLOOKUP(B48,'[2]pride covariates'!$A$2:$B$33,2,FALSE) -> 1 | X48: 1 | Y48: 1 | Z48: =CONCATENATE("/* ",A48," */ ",G48,H48,I48,J48,K48,L48,M48,N48," 1"," ",P48," ",S48," ",R48," ",Y48," ",V48," ",X48,";") -> /* ELI-464 */ 10111101 1 1 1 0 1 0 1; | AA48: =CONCATENATE(G48,H48,I48,J48,K48,L48,M48,N48) -> 10111101 | AB48: =CONCATENATE("/*",A48,"*/ ",G48,H48,I48,J48,K48,L48,M48,N48," 1;") -> /*ELI-464*/ 10111101 1;
A49: ELI-553 | B49: Nsefu | C49: Nsefu M07 | D49: 0 | E49: 0 | F49: 0 | G49: 0 | H49: 0 | I49: 1 | J49: 1 | K49: 0 | L49: 1 | M49: 0 | N49: 1 | O49: 0 | P49: =VLOOKUP(A49,[1]allpride!$C$2:$V$215,14,FALSE) -> 1 | Q49: =VLOOKUP(A49,[1]allpride!$C$2:$V$215,15,FALSE) -> 1 | R49: =VLOOKUP(A49,[1]allpride!$C$2:$V$215,16,FALSE) -> 0 | S49: =VLOOKUP(A49,[1]allpride!$C$2:$V$215,17,FALSE) -> 1 | T49: =VLOOKUP(A49,[1]allpride!$C$2:$V$215,18,FALSE) -> 2012 | U49: =VLOOKUP(A49,[1]allpride!$C$2:$V$215,19,FALSE) -> 11 | V49: =VLOOKUP(A49,[1]allpride!$C$2:$V$215,20,FALSE) -> 0 | W49: =VLOOKUP(B49,'[2]pride covariates'!$A$2:$B$33,2,FALSE) -> 1 | X49: 1 | Y49: 1 | Z49: =CONCATENATE("/* ",A49," */ ",G49,H49,I49,J49,K49,L49,M49,N49," 1"," ",P49," ",S49," ",R49," ",Y49," ",V49," ",X49,";") -> /* ELI-553 */ 00110101 1 1 1 0 1 0 1; | AA49: =CONCATENATE(G49,H49,I49,J49,K49,L49,M49,N49) -> 00110101 | AB49: =CONCATENATE("/*",A49,"*/ ",G49,H49,I49,J49,K49,L49,M49,N49," 1;") -> /*ELI-553*/ 00110101 1;
A50: ELI-589 | B50: Nsefu | C50: Nsefu 2013 Cub | D50: 0 | E50: 0 | F50: 0 | G50: 1 | H50: 0 | I50: 1 | J50: 1 | K50: 0 | L50: 1 | M50: 0 | N50: 1 | O50: 1 | P50: =VLOOKUP(A50,[1]allpride!$C$2:$V$215,14,FALSE) -> 1 | Q50: =VLOOKUP(A50,[1]allpride!$C$2:$V$215,15,FALSE) -> 0 | R50: =VLOOKUP(A50,[1]allpride!$C$2:$V$215,16,FALSE) -> 0 | S50: =VLOOKUP(A50,[1]allpride!$C$2:$V$215,17,FALSE) -> 1 | T50: =VLOOKUP(A50,[1]allpride!$C$2:$V$215,18,FALSE) -> 2013 | U50: =VLOOKUP(A50,[1]allpride!$C$2:$V$215,19,FALSE) -> 5 | V50: =VLOOKUP(A50,[1]allpride!$C$2:$V$215,20,FALSE) -> 0 | W50: =VLOOKUP(B50,'[2]pride covariates'!$A$2:$B$33,2,FALSE) -> 1 | X50: 1 | Y50: 0 | Z50: =CONCATENATE("/* ",A50," */ ",G50,H50,I50,J50,K50,L50,M50,N50," 1"," ",P50," ",S50," ",R50," ",Y50," ",V50," ",X50,";") -> /* ELI-589 */ 10110101 1 1 1 0 0 0 1; | AA50: =CONCATENATE(G50,H50,I50,J50,K50,L50,M50,N50) -> 10110101 | AB50: =CONCATENATE("/*",A50,"*/ ",G50,H50,I50,J50,K50,L50,M50,N50," 1;") -> /*ELI-589*/ 10110101 1;
A51: ELI-713 | B51: Nsefu | C51: Nsefu 2014 Cub1 | D51: 0 | E51: 0 | F51: 0 | G51: 0 | H51: 0 | I51: 0 | J51: 1 | K51: 1 | L51: 1 | M51: 1 | N51: 1 | O51: 1 | P51: 1 | Q51: 1 | R51: 0 | S51: 1 | T51: 2014 | U51: 7 | V51: 0 | W51: =VLOOKUP(B51,'[2]pride covariates'!$A$2:$B$33,2,FALSE) -> 1 | X51: 1 | Y51: 1 | Z51: =CONCATENATE("/* ",A51," */ ",G51,H51,I51,J51,K51,L51,M51,N51," 1"," ",P51," ",S51," ",R51," ",Y51," ",V51," ",X51,";") -> /* ELI-713 */ 00011111 1 1 1 0 1 0 1; | AA51: =CONCATENATE(G51,H51,I51,J51,K51,L51,M51,N51) -> 00011111 | AB51: =CONCATENATE("/*",A51,"*/ ",G51,H51,I51,J51,K51,L51,M51,N51," 1;") -> /*ELI-713*/ 00011111 1;
A52: ELI-714 | B52: Nsefu | C52: Nsefu 2014 Cub2 | D52: 0 | E52: 0 | F52: 0 | G52: 0 | H52: 0 | I52: 0 | J52: 1 | K52: 1 | L52: 1 | M52: 1 | N52: 1 | O52: 1 | P52: 1 | Q52: 0 | R52: 0 | S52: 1 | T52: 2014 | U52: 7 | V52: 0 | W52: =VLOOKUP(B52,'[2]pride covariates'!$A$2:$B$33,2,FALSE) -> 1 | X52: 1 | Y52: 0 | Z52: =CONCATENATE("/* ",A52," */ ",G52,H52,I52,J52,K52,L52,M52,N52," 1"," ",P52," ",S52," ",R52," ",Y52," ",V52," ",X52,";") -> /* ELI-714 */ 00011111 1 1 1 0 0 0 1; | AA52: =CONCATENATE(G52,H52,I52,J52,K52,L52,M52,N52) -> 00011111 | AB52: =CONCATENATE("/*",A52,"*/ ",G52,H52,I52,J52,K52,L52,M52,N52," 1;") -> /*ELI-714*/ 00011111 1;
A53: ELI-715 | B53: Nsefu | C53: Nsefu 2014 Cub3 | D53: 0 | E53: 0 | F53: 0 | G53: 0 | H53: 0 | I53: 0 | J53: 1 | K53: 0 | L53: 1 | M53: 1 | N53: 1 | O53: 1 | P53: 1 | Q53: 1 | R53: 1 | S53: 1 | T53: 2014 | U53: 7 | V53: 0 | W53: =VLOOKUP(B53,'[2]pride covariates'!$A$2:$B$33,2,FALSE) -> 1 | X53: 1 | Y53: 1 | Z53: =CONCATENATE("/* ",A53," */ ",G53,H53,I53,J53,K53,L53,M53,N53," 1"," ",P53," ",S53," ",R53," ",Y53," ",V53," ",X53,";") -> /* ELI-715 */ 00010111 1 1 1 1 1 0 1; | AA53: =CONCATENATE(G53,H53,I53,J53,K53,L53,M53,N53) -> 00010111 | AB53: =CONCATENATE("/*",A53,"*/ ",G53,H53,I53,J53,K53,L53,M53,N53," 1;") -> /*ELI-715*/ 00010111 1;
A54: ELI-716 | B54: Nsefu | C54: Nsefu 2014 Cub4 | D54: 0 | E54: 0 | F54: 0 | G54: 0 | H54: 0 | I54: 0 | J54: 1 | K54: 1 | L54: 1 | M54: 1 | N54: 1 | O54: 1 | P54: 1 | Q54: 1 | R54: 0 | S54: 1 | T54: 2014 | U54: 7 | V54: 0 | W54: =VLOOKUP(B54,'[2]pride covariates'!$A$2:$B$33,2,FALSE) -> 1 | X54: 1 | Y54: 1 | Z54: =CONCATENATE("/* ",A54," */ ",G54,H54,I54,J54,K54,L54,M54,N54," 1"," ",P54," ",S54," ",R54," ",Y54," ",V54," ",X54,";") -> /* ELI-716 */ 00011111 1 1 1 0 1 0 1; | AA54: =CONCATENATE(G54,H54,I54,J54,K54,L54,M54,N54) -> 00011111 | AB54: =CONCATENATE("/*",A54,"*/ ",G54,H54,I54,J54,K54,L54,M54,N54," 1;") -> /*ELI-716*/ 00011111 1;
A55: ELI-717 | B55: Nsefu | C55: Nsefu 2014 Cub5 | D55: 0 | E55: 0 | F55: 0 | G55: 0 | H55: 0 | I55: 0 | J55: 1 | K55: 0 | L55: 1 | M55: 1 | N55: 1 | O55: 0 | P55: 1 | Q55: 1 | R55: 0 | S55: 1 | T55: 2014 | U55: 7 | V55: 0 | W55: =VLOOKUP(B55,'[2]pride covariates'!$A$2:$B$33,2,FALSE) -> 1 | X55: 1 | Y55: 1 | Z55: =CONCATENATE("/* ",A55," */ ",G55,H55,I55,J55,K55,L55,M55,N55," 1"," ",P55," ",S55," ",R55," ",Y55," ",V55," ",X55,";") -> /* ELI-717 */ 00010111 1 1 1 0 1 0 1; | AA55: =CONCATENATE(G55,H55,I55,J55,K55,L55,M55,N55) -> 00010111 | AB55: =CONCATENATE("/*",A55,"*/ ",G55,H55,I55,J55,K55,L55,M55,N55," 1;") -> /*ELI-717*/ 00010111 1;
A56: ELI-718 | B56: Nsefu | C56: Nsefu 2014 Cub6 | D56: 0 | E56: 0 | F56: 0 | G56: 0 | H56: 0 | I56: 0 | J56: 1 | K56: 0 | L56: 1 | M56: 1 | N56: 1 | O56: 0 | P56: 1 | Q56: 1 | R56: 0 | S56: 1 | T56: 2014 | U56: 7 | V56: 0 | W56: =VLOOKUP(B56,'[2]pride covariates'!$A$2:$B$33,2,FALSE) -> 1 | X56: 1 | Y56: 1 | Z56: =CONCATENATE("/* ",A56," */ ",G56,H56,I56,J56,K56,L56,M56,N56," 1"," ",P56," ",S56," ",R56," ",Y56," ",V56," ",X56,";") -> /* ELI-718 */ 00010111 1 1 1 0 1 0 1; | AA56: =CONCATENATE(G56,H56,I56,J56,K56,L56,M56,N56) -> 00010111 | AB56: =CONCATENATE("/*",A56,"*/ ",G56,H56,I56,J56,K56,L56,M56,N56," 1;") -> /*ELI-718*/ 00010111 1;
A57: ELI-719 | B57: Nsefu | C57: Nsefu 2014 Cub7 | D57: 0 | E57: 0 | F57: 0 | G57: 0 | H57: 0 | I57: 0 | J57: 0 | K57: 0 | L57: 1 | M57: 1 | N57: 1 | O57: 1 | P57: 1 | Q57: 1 | R57: 0 | S57: 1 | T57: 2014 | U57: 7 | V57: 0 | W57: =VLOOKUP(B57,'[2]pride covariates'!$A$2:$B$33,2,FALSE) -> 1 | X57: 1 | Y57: 1 | Z57: =CONCATENATE("/* ",A57," */ ",G57,H57,I57,J57,K57,L57,M57,N57," 1"," ",P57," ",S57," ",R57," ",Y57," ",V57," ",X57,";") -> /* ELI-719 */ 00000111 1 1 1 0 1 0 1; | AA57: =CONCATENATE(G57,H57,I57,J57,K57,L57,M57,N57) -> 00000111 | AB57: =CONCATENATE("/*",A57,"*/ ",G57,H57,I57,J57,K57,L57,M57,N57," 1;") -> /*ELI-719*/ 00000111 1;
A58: ELI-698 | B58: Nsefu | C58: Nsefu 2014 Cub8 | D58: 0 | E58: 0 | F58: 0 | G58: 0 | H58: 0 | I58: 0 | J58: 0 | K58: 0 | L58: 0 | M58: 1 | N58: 0 | O58: 0 | P58: 0 | Q58: NA | R58: 1 | S58: 1 | T58: 2014 | U58: 10 | V58: 0 | W58: =VLOOKUP(B58,'[2]pride covariates'!$A$2:$B$33,2,FALSE) -> 1 | X58: 1 | Y58: 0 | Z58: =CONCATENATE("/* ",A58," */ ",G58,H58,I58,J58,K58,L58,M58,N58," 1"," ",P58," ",S58," ",R58," ",Y58," ",V58," ",X58,";") -> /* ELI-698 */ 00000010 1 0 1 1 0 0 1; | AA58: =CONCATENATE(G58,H58,I58,J58,K58,L58,M58,N58) -> 00000010 | AB58: =CONCATENATE("/*",A58,"*/ ",G58,H58,I58,J58,K58,L58,M58,N58," 1;") -> /*ELI-698*/ 00000010 1;
A59: ELI-258 | B59: Hot Springs | C59: Hot Springs F01 | D59: 1 | E59: 1 | F59: 0 | G59: 1 | H59: 0 | I59: 0 | J59: 1 | K59: 1 | L59: 1 | M59: 1 | N59: 1 | O59: 0 | P59: =VLOOKUP(A59,[1]allpride!$C$2:$V$215,14,FALSE) -> 1 | Q59: =VLOOKUP(A59,[1]allpride!$C$2:$V$215,15,FALSE) -> 0 | R59: =VLOOKUP(A59,[1]allpride!$C$2:$V$215,16,FALSE) -> 0 | S59: =VLOOKUP(A59,[1]allpride!$C$2:$V$215,17,FALSE) -> 1 | T59: =VLOOKUP(A59,[1]allpride!$C$2:$V$215,18,FALSE) -> 2009 | U59: =VLOOKUP(A59,[1]allpride!$C$2:$V$215,19,FALSE) -> 8 | V59: =VLOOKUP(A59,[1]allpride!$C$2:$V$215,20,FALSE) -> 2 | W59: =VLOOKUP(B59,'[2]pride covariates'!$A$2:$B$33,2,FALSE) -> 1 | X59: 1 | Y59: 0 | Z59: =CONCATENATE("/* ",A59," */ ",G59,H59,I59,J59,K59,L59,M59,N59," 1"," ",P59," ",S59," ",R59," ",Y59," ",V59," ",X59,";") -> /* ELI-258 */ 10011111 1 1 1 0 0 2 1; | AA59: =CONCATENATE(G59,H59,I59,J59,K59,L59,M59,N59) -> 10011111 | AB59: =CONCATENATE("/*",A59,"*/ ",G59,H59,I59,J59,K59,L59,M59,N59," 1;") -> /*ELI-258*/ 10011111 1;
A60: ELI-256 | B60: Hot Springs | C60: Hot Springs F02 | D60: 0 | E60: 0 | F60: 0 | G60: 0 | H60: 0 | I60: 0 | J60: 0 | K60: 0 | L60: 0 | M60: 1 | N60: 1 | O60: 0 | P60: =VLOOKUP(A60,[1]allpride!$C$2:$V$215,14,FALSE) -> 1 | Q60: =VLOOKUP(A60,[1]allpride!$C$2:$V$215,15,FALSE) -> 0 | R60: =VLOOKUP(A60,[1]allpride!$C$2:$V$215,16,FALSE) -> 0 | S60: =VLOOKUP(A60,[1]allpride!$C$2:$V$215,17,FALSE) -> 1 | T60: =VLOOKUP(A60,[1]allpride!$C$2:$V$215,18,FALSE) -> 2009 | U60: =VLOOKUP(A60,[1]allpride!$C$2:$V$215,19,FALSE) -> 8 | V60: =VLOOKUP(A60,[1]allpride!$C$2:$V$215,20,FALSE) -> 2 | W60: =VLOOKUP(B60,'[2]pride covariates'!$A$2:$B$33,2,FALSE) -> 1 | X60: 1 | Y60: 0 | Z60: =CONCATENATE("/* ",A60," */ ",G60,H60,I60,J60,K60,L60,M60,N60," 1"," ",P60," ",S60," ",R60," ",Y60," ",V60," ",X60,";") -> /* ELI-256 */ 00000011 1 1 1 0 0 2 1; | AA60: =CONCATENATE(G60,H60,I60,J60,K60,L60,M60,N60) -> 00000011 | AB60: =CONCATENATE("/*",A60,"*/ ",G60,H60,I60,J60,K60,L60,M60,N60," 1;") -> /*ELI-256*/ 00000011 1;
A61: ELI-608 | B61: Hot Springs | C61: Hot Springs Cub 1 | D61: 0 | E61: 0 | F61: 0 | G61: 0 | H61: 0 | I61: 0 | J61: 0 | K61: 0 | L61: 0 | M61: 1 | N61: 0 | O61: 0 | P61: =VLOOKUP(A61,[1]allpride!$C$2:$V$215,14,FALSE) -> 1 | Q61: =VLOOKUP(A61,[1]allpride!$C$2:$V$215,15,FALSE) -> 0 | R61: =VLOOKUP(A61,[1]allpride!$C$2:$V$215,16,FALSE) -> 1 | S61: =VLOOKUP(A61,[1]allpride!$C$2:$V$215,17,FALSE) -> 1 | T61: =VLOOKUP(A61,[1]allpride!$C$2:$V$215,18,FALSE) -> 2013 | U61: =VLOOKUP(A61,[1]allpride!$C$2:$V$215,19,FALSE) -> 7 | V61: =VLOOKUP(A61,[1]allpride!$C$2:$V$215,20,FALSE) -> 0 | W61: =VLOOKUP(B61,'[2]pride covariates'!$A$2:$B$33,2,FALSE) -> 1 | X61: 1 | Y61: 0 | Z61: =CONCATENATE("/* ",A61," */ ",G61,H61,I61,J61,K61,L61,M61,N61," 1"," ",P61," ",S61," ",R61," ",Y61," ",V61," ",X61,";") -> /* ELI-608 */ 00000010 1 1 1 1 0 0 1; | AA61: =CONCATENATE(G61,H61,I61,J61,K61,L61,M61,N61) -> 00000010 | AB61: =CONCATENATE("/*",A61,"*/ ",G61,H61,I61,J61,K61,L61,M61,N61," 1;") -> /*ELI-608*/ 00000010 1;
A62: ELI-609 | B62: Hot Springs | C62: Hot Springs Cub 2 | D62: 0 | E62: 0 | F62: 0 | G62: 0 | H62: 0 | I62: 0 | J62: 0 | K62: 0 | L62: 0 | M62: 1 | N62: 1 | O62: 0 | P62: =VLOOKUP(A62,[1]allpride!$C$2:$V$215,14,FALSE) -> 1 | Q62: =VLOOKUP(A62,[1]allpride!$C$2:$V$215,15,FALSE) -> 1 | R62: =VLOOKUP(A62,[1]allpride!$C$2:$V$215,16,FALSE) -> 0 | S62: =VLOOKUP(A62,[1]allpride!$C$2:$V$215,17,FALSE) -> 1 | T62: =VLOOKUP(A62,[1]allpride!$C$2:$V$215,18,FALSE) -> 2013 | U62: =VLOOKUP(A62,[1]allpride!$C$2:$V$215,19,FALSE) -> 7 | V62: =VLOOKUP(A62,[1]allpride!$C$2:$V$215,20,FALSE) -> 0 | W62: =VLOOKUP(B62,'[2]pride covariates'!$A$2:$B$33,2,FALSE) -> 1 | X62: 1 | Y62: 1 | Z62: =CONCATENATE("/* ",A62," */ ",G62,H62,I62,J62,K62,L62,M62,N62," 1"," ",P62," ",S62," ",R62," ",Y62," ",V62," ",X62,";") -> /* ELI-609 */ 00000011 1 1 1 0 1 0 1; | AA62: =CONCATENATE(G62,H62,I62,J62,K62,L62,M62,N62) -> 00000011 | AB62: =CONCATENATE("/*",A62,"*/ ",G62,H62,I62,J62,K62,L62,M62,N62," 1;") -> /*ELI-609*/ 00000011 1;
A63: ELI-611 | B63: Hot Springs | C63: Hot Springs Cub 3 | D63: 0 | E63: 0 | F63: 0 | G63: 0 | H63: 0 | I63: 0 | J63: 0 | K63: 0 | L63: 0 | M63: 1 | N63: 1 | O63: 0 | P63: =VLOOKUP(A63,[1]allpride!$C$2:$V$215,14,FALSE) -> 1 | Q63: =VLOOKUP(A63,[1]allpride!$C$2:$V$215,15,FALSE) -> 1 | R63: =VLOOKUP(A63,[1]allpride!$C$2:$V$215,16,FALSE) -> 0 | S63: =VLOOKUP(A63,[1]allpride!$C$2:$V$215,17,FALSE) -> 1 | T63: =VLOOKUP(A63,[1]allpride!$C$2:$V$215,18,FALSE) -> 2013 | U63: =VLOOKUP(A63,[1]allpride!$C$2:$V$215,19,FALSE) -> 7 | V63: =VLOOKUP(A63,[1]allpride!$C$2:$V$215,20,FALSE) -> 0 | W63: =VLOOKUP(B63,'[2]pride covariates'!$A$2:$B$33,2,FALSE) -> 1 | X63: 1 | Y63: 1 | Z63: =CONCATENATE("/* ",A63," */ ",G63,H63,I63,J63,K63,L63,M63,N63," 1"," ",P63," ",S63," ",R63," ",Y63," ",V63," ",X63,";") -> /* ELI-611 */ 00000011 1 1 1 0 1 0 1; | AA63: =CONCATENATE(G63,H63,I63,J63,K63,L63,M63,N63) -> 00000011 | AB63: =CONCATENATE("/*",A63,"*/ ",G63,H63,I63,J63,K63,L63,M63,N63," 1;") -> /*ELI-611*/ 00000011 1;
A64: ELI-800 | B64: Hot Springs | D64: 0 | E64: 0 | F64: 0 | G64: 0 | H64: 0 | I64: 0 | J64: 0 | K64: 0 | L64: 0 | M64: 1 | N64: 1 | O64: 0 | P64: 1 | Q64: 1 | R64: 0 | S64: 1 | T64: 2014 | U64: 10 | V64: 0 | W64: 1 | X64: 1
A65: ELI-204 | B65: Kapamba | C65: Kapamba F02 | D65: 0 | E65: 0 | F65: 0 | G65: 0 | H65: 1 | I65: 0 | J65: 0 | K65: 0 | L65: 0 | M65: 0 | N65: 0 | O65: 0 | P65: =VLOOKUP(A65,[1]allpride!$C$2:$V$215,14,FALSE) -> 1 | Q65: =VLOOKUP(A65,[1]allpride!$C$2:$V$215,15,FALSE) -> 0 | R65: =VLOOKUP(A65,[1]allpride!$C$2:$V$215,16,FALSE) -> 0 | S65: =VLOOKUP(A65,[1]allpride!$C$2:$V$215,17,FALSE) -> 1 | T65: =VLOOKUP(A65,[1]allpride!$C$2:$V$215,18,FALSE) -> 2012 | U65: =VLOOKUP(A65,[1]allpride!$C$2:$V$215,19,FALSE) -> 10 | V65: =VLOOKUP(A65,[1]allpride!$C$2:$V$215,20,FALSE) -> 9 | W65: =VLOOKUP(B65,'[2]pride covariates'!$A$2:$B$33,2,FALSE) -> 0 | X65: 0 | Y65: 0 | Z65: =CONCATENATE("/* ",A65," */ ",G65,H65,I65,J65,K65,L65,M65,N65," 1"," ",P65," ",S65," ",R65," ",Y65," ",V65," ",X65,";") -> /* ELI-204 */ 01000000 1 1 1 0 0 9 0; | AA65: =CONCATENATE(G65,H65,I65,J65,K65,L65,M65,N65) -> 01000000 | AB65: =CONCATENATE("/*",A65,"*/ ",G65,H65,I65,J65,K65,L65,M65,N65," 1;") -> /*ELI-204*/ 01000000 1;
A66: ELI-481 | B66: Kapamba | C66: New Kapamba F03 | D66: 0 | E66: 0 | F66: 0 | G66: 0 | H66: 0 | I66: 1 | J66: 0 | K66: 1 | L66: 0 | M66: 1 | N66: 0 | O66: 0 | P66: 1 | Q66: 0 | R66: 0 | S66: 1 | T66: 2012 | U66: 11 | V66: 3 | W66: =VLOOKUP(B66,'[2]pride covariates'!$A$2:$B$33,2,FALSE) -> 0 | X66: 0 | Y66: 0 | Z66: =CONCATENATE("/* ",A66," */ ",G66,H66,I66,J66,K66,L66,M66,N66," 1"," ",P66," ",S66," ",R66," ",Y66," ",V66," ",X66,";") -> /* ELI-481 */ 00101010 1 1 1 0 0 3 0; | AA66: =CONCATENATE(G66,H66,I66,J66,K66,L66,M66,N66) -> 00101010 | AB66: =CONCATENATE("/*",A66,"*/ ",G66,H66,I66,J66,K66,L66,M66,N66," 1;") -> /*ELI-481*/ 00101010 1;
A67: ELI-480 | B67: Kapamba | C67: Kapamba F03 | D67: 0 | E67: 0 | F67: 0 | G67: 0 | H67: 1 | I67: 1 | J67: 0 | K67: 1 | L67: 0 | M67: 1 | N67: 0 | O67: 0 | P67: =VLOOKUP(A67,[1]allpride!$C$2:$V$215,14,FALSE) -> 1 | Q67: =VLOOKUP(A67,[1]allpride!$C$2:$V$215,15,FALSE) -> 0 | R67: =VLOOKUP(A67,[1]allpride!$C$2:$V$215,16,FALSE) -> 0 | S67: =VLOOKUP(A67,[1]allpride!$C$2:$V$215,17,FALSE) -> 1 | T67: =VLOOKUP(A67,[1]allpride!$C$2:$V$215,18,FALSE) -> 2012 | U67: =VLOOKUP(A67,[1]allpride!$C$2:$V$215,19,FALSE) -> 11 | V67: =VLOOKUP(A67,[1]allpride!$C$2:$V$215,20,FALSE) -> 3 | W67: =VLOOKUP(B67,'[2]pride covariates'!$A$2:$B$33,2,FALSE) -> 0 | X67: 0 | Y67: 0 | Z67: =CONCATENATE("/* ",A67," */ ",G67,H67,I67,J67,K67,L67,M67,N67," 1"," ",P67," ",S67," ",R67," ",Y67," ",V67," ",X67,";") -> /* ELI-480 */ 01101010 1 1 1 0 0 3 0; | AA67: =CONCATENATE(G67,H67,I67,J67,K67,L67,M67,N67) -> 01101010 | AB67: =CONCATENATE("/*",A67,"*/ ",G67,H67,I67,J67,K67,L67,M67,N67," 1;") -> /*ELI-480*/ 01101010 1;
A68: ELI-482 | B68: Kapamba | C68: Kapamba F04 | D68: 0 | E68: 0 | F68: 0 | G68: 0 | H68: 0 | I68: 0 | J68: 0 | K68: 1 | L68: 0 | M68: 1 | N68: 0 | O68: 0 | P68: 1 | Q68: 0 | R68: 0 | S68: 1 | T68: 2012 | U68: 11 | V68: 3 | W68: =VLOOKUP(B68,'[2]pride covariates'!$A$2:$B$33,2,FALSE) -> 0 | X68: 0 | Y68: 0 | Z68: =CONCATENATE("/* ",A68," */ ",G68,H68,I68,J68,K68,L68,M68,N68," 1"," ",P68," ",S68," ",R68," ",Y68," ",V68," ",X68,";") -> /* ELI-482 */ 00001010 1 1 1 0 0 3 0; | AA68: =CONCATENATE(G68,H68,I68,J68,K68,L68,M68,N68) -> 00001010 | AB68: =CONCATENATE("/*",A68,"*/ ",G68,H68,I68,J68,K68,L68,M68,N68," 1;") -> /*ELI-482*/ 00001010 1;
A69: ELI-470 | B69: Kapamba | C69: Kapamba F05 | D69: 0 | E69: 0 | F69: 0 | G69: 0 | H69: 0 | I69: 0 | J69: 0 | K69: 1 | L69: 0 | M69: 1 | N69: 0 | O69: 0 | P69: 1 | Q69: 0 | R69: 0 | S69: 1 | T69: 2011 | U69: 8 | V69: 4 | W69: =VLOOKUP(B69,'[2]pride covariates'!$A$2:$B$33,2,FALSE) -> 0 | X69: 0 | Y69: 0 | Z69: =CONCATENATE("/* ",A69," */ ",G69,H69,I69,J69,K69,L69,M69,N69," 1"," ",P69," ",S69," ",R69," ",Y69," ",V69," ",X69,";") -> /* ELI-470 */ 00001010 1 1 1 0 0 4 0; | AA69: =CONCATENATE(G69,H69,I69,J69,K69,L69,M69,N69) -> 00001010 | AB69: =CONCATENATE("/*",A69,"*/ ",G69,H69,I69,J69,K69,L69,M69,N69," 1;") -> /*ELI-470*/ 00001010 1;
A70: ELI-438 | B70: Chamilandu | C70: 2011 Cub U01 | D70: 0 | E70: 0 | F70: 0 | G70: 0 | H70: 1 | I70: 0 | J70: 0 | K70: 1 | L70: 0 | M70: 0 | N70: 0 | O70: 0 | P70: =VLOOKUP(A70,[1]allpride!$C$2:$V$215,14,FALSE) -> 0 | Q70: =VLOOKUP(A70,[1]allpride!$C$2:$V$215,15,FALSE) -> NA | R70: =VLOOKUP(A70,[1]allpride!$C$2:$V$215,16,FALSE) -> 0 | S70: =VLOOKUP(A70,[1]allpride!$C$2:$V$215,17,FALSE) -> 1 | T70: =VLOOKUP(A70,[1]allpride!$C$2:$V$215,18,FALSE) -> 2011 | U70: =VLOOKUP(A70,[1]allpride!$C$2:$V$215,19,FALSE) -> 9 | V70: =VLOOKUP(A70,[1]allpride!$C$2:$V$215,20,FALSE) -> 0 | W70: =VLOOKUP(B70,'[2]pride covariates'!$A$2:$B$33,2,FALSE) -> 0 | X70: 0 | Y70: 1 | Z70: =CONCATENATE("/* ",A70," */ ",G70,H70,I70,J70,K70,L70,M70,N70," 1"," ",P70," ",S70," ",R70," ",Y70," ",V70," ",X70,";") -> /* ELI-438 */ 01001000 1 0 1 0 1 0 0; | AA70: =CONCATENATE(G70,H70,I70,J70,K70,L70,M70,N70) -> 01001000 | AB70: =CONCATENATE("/*",A70,"*/ ",G70,H70,I70,J70,K70,L70,M70,N70," 1;") -> /*ELI-438*/ 01001000 1;
A71: ELI-440 | B71: Chamilandu | C71: Chamilandu F10 | D71: 0 | E71: 0 | F71: 0 | G71: 0 | H71: 1 | I71: 0 | J71: 0 | K71: 1 | L71: 0 | M71: 0 | N71: 0 | O71: 0 | P71: =VLOOKUP(A71,[1]allpride!$C$2:$V$215,14,FALSE) -> 1 | Q71: =VLOOKUP(A71,[1]allpride!$C$2:$V$215,15,FALSE) -> 0 | R71: =VLOOKUP(A71,[1]allpride!$C$2:$V$215,16,FALSE) -> 0 | S71: =VLOOKUP(A71,[1]allpride!$C$2:$V$215,17,FALSE) -> 1 | T71: =VLOOKUP(A71,[1]allpride!$C$2:$V$215,18,FALSE) -> 2011 | U71: =VLOOKUP(A71,[1]allpride!$C$2:$V$215,19,FALSE) -> 9 | V71: =VLOOKUP(A71,[1]allpride!$C$2:$V$215,20,FALSE) -> 0 | W71: =VLOOKUP(B71,'[2]pride covariates'!$A$2:$B$33,2,FALSE) -> 0 | X71: 0 | Y71: 0 | Z71: =CONCATENATE("/* ",A71," */ ",G71,H71,I71,J71,K71,L71,M71,N71," 1"," ",P71," ",S71," ",R71," ",Y71," ",V71," ",X71,";") -> /* ELI-440 */ 01001000 1 1 1 0 0 0 0; | AA71: =CONCATENATE(G71,H71,I71,J71,K71,L71,M71,N71) -> 01001000 | AB71: =CONCATENATE("/*",A71,"*/ ",G71,H71,I71,J71,K71,L71,M71,N71," 1;") -> /*ELI-440*/ 01001000 1;
A72: ELI-197 | B72: Hollywood | C72: Hollywood F01 | D72: 0 | E72: 0 | F72: 0 | G72: 0 | H72: 0 | I72: 1 | J72: 1 | K72: 1 | L72: 0 | M72: 0 | N72: 1 | O72: 0 | P72: =VLOOKUP(A72,[1]allpride!$C$2:$V$215,14,FALSE) -> 1 | Q72: =VLOOKUP(A72,[1]allpride!$C$2:$V$215,15,FALSE) -> 0 | R72: =VLOOKUP(A72,[1]allpride!$C$2:$V$215,16,FALSE) -> 0 | S72: =VLOOKUP(A72,[1]allpride!$C$2:$V$215,17,FALSE) -> 1 | T72: =VLOOKUP(A72,[1]allpride!$C$2:$V$215,18,FALSE) -> 2009 | U72: =VLOOKUP(A72,[1]allpride!$C$2:$V$215,19,FALSE) -> 8 | V72: =VLOOKUP(A72,[1]allpride!$C$2:$V$215,20,FALSE) -> 2 | W72: =VLOOKUP(B72,'[2]pride covariates'!$A$2:$B$33,2,FALSE) -> 0 | X72: 0 | Y72: 0 | Z72: =CONCATENATE("/* ",A72," */ ",G72,H72,I72,J72,K72,L72,M72,N72," 1"," ",P72," ",S72," ",R72," ",Y72," ",V72," ",X72,";") -> /* ELI-197 */ 00111001 1 1 1 0 0 2 0; | AA72: =CONCATENATE(G72,H72,I72,J72,K72,L72,M72,N72) -> 00111001 | AB72: =CONCATENATE("/*",A72,"*/ ",G72,H72,I72,J72,K72,L72,M72,N72," 1;") -> /*ELI-197*/ 00111001 1;
A73: ELI-198 | B73: Hollywood | C73: Hollywood F02 | D73: 0 | E73: 0 | F73: 0 | G73: 0 | H73: 0 | I73: 1 | J73: 1 | K73: 1 | L73: 0 | M73: 0 | N73: 1 | O73: 0 | P73: =VLOOKUP(A73,[1]allpride!$C$2:$V$215,14,FALSE) -> 1 | Q73: =VLOOKUP(A73,[1]allpride!$C$2:$V$215,15,FALSE) -> 0 | R73: =VLOOKUP(A73,[1]allpride!$C$2:$V$215,16,FALSE) -> 0 | S73: =VLOOKUP(A73,[1]allpride!$C$2:$V$215,17,FALSE) -> 1 | T73: =VLOOKUP(A73,[1]allpride!$C$2:$V$215,18,FALSE) -> 2009 | U73: =VLOOKUP(A73,[1]allpride!$C$2:$V$215,19,FALSE) -> 8 | V73: =VLOOKUP(A73,[1]allpride!$C$2:$V$215,20,FALSE) -> 5 | W73: =VLOOKUP(B73,'[2]pride covariates'!$A$2:$B$33,2,FALSE) -> 0 | X73: 0 | Y73: 0 | Z73: =CONCATENATE("/* ",A73," */ ",G73,H73,I73,J73,K73,L73,M73,N73," 1"," ",P73," ",S73," ",R73," ",Y73," ",V73," ",X73,";") -> /* ELI-198 */ 00111001 1 1 1 0 0 5 0; | AA73: =CONCATENATE(G73,H73,I73,J73,K73,L73,M73,N73) -> 00111001 | AB73: =CONCATENATE("/*",A73,"*/ ",G73,H73,I73,J73,K73,L73,M73,N73," 1;") -> /*ELI-198*/ 00111001 1;
A74: ELI-230 | B74: Hollywood | C74: Hollywood F03 | D74: 0 | E74: 0 | F74: 0 | G74: 0 | H74: 0 | I74: 1 | J74: 0 | K74: 1 | L74: 1 | M74: 0 | N74: 1 | O74: 0 | P74: =VLOOKUP(A74,[1]allpride!$C$2:$V$215,14,FALSE) -> 1 | Q74: =VLOOKUP(A74,[1]allpride!$C$2:$V$215,15,FALSE) -> 0 | R74: =VLOOKUP(A74,[1]allpride!$C$2:$V$215,16,FALSE) -> 0 | S74: =VLOOKUP(A74,[1]allpride!$C$2:$V$215,17,FALSE) -> 1 | T74: =VLOOKUP(A74,[1]allpride!$C$2:$V$215,18,FALSE) -> 2009 | U74: =VLOOKUP(A74,[1]allpride!$C$2:$V$215,19,FALSE) -> 8 | V74: =VLOOKUP(A74,[1]allpride!$C$2:$V$215,20,FALSE) -> 4 | W74: =VLOOKUP(B74,'[2]pride covariates'!$A$2:$B$33,2,FALSE) -> 0 | X74: 0 | Y74: 0 | Z74: =CONCATENATE("/* ",A74," */ ",G74,H74,I74,J74,K74,L74,M74,N74," 1"," ",P74," ",S74," ",R74," ",Y74," ",V74," ",X74,";") -> /* ELI-230 */ 00101101 1 1 1 0 0 4 0; | AA74: =CONCATENATE(G74,H74,I74,J74,K74,L74,M74,N74) -> 00101101 | AB74: =CONCATENATE("/*",A74,"*/ ",G74,H74,I74,J74,K74,L74,M74,N74," 1;") -> /*ELI-230*/ 00101101 1;
A75: ELI-231 | B75: Hollywood | C75: Hollywood F04 | D75: 0 | E75: 0 | F75: 0 | G75: 0 | H75: 0 | I75: 1 | J75: 1 | K75: 1 | L75: 0 | M75: 0 | N75: 1 | O75: 0 | P75: =VLOOKUP(A75,[1]allpride!$C$2:$V$215,14,FALSE) -> 1 | Q75: =VLOOKUP(A75,[1]allpride!$C$2:$V$215,15,FALSE) -> 0 | R75: =VLOOKUP(A75,[1]allpride!$C$2:$V$215,16,FALSE) -> 0 | S75: =VLOOKUP(A75,[1]allpride!$C$2:$V$215,17,FALSE) -> 1 | T75: =VLOOKUP(A75,[1]allpride!$C$2:$V$215,18,FALSE) -> 2009 | U75: =VLOOKUP(A75,[1]allpride!$C$2:$V$215,19,FALSE) -> 8 | V75: =VLOOKUP(A75,[1]allpride!$C$2:$V$215,20,FALSE) -> 0 | W75: =VLOOKUP(B75,'[2]pride covariates'!$A$2:$B$33,2,FALSE) -> 0 | X75: 0 | Y75: 0 | Z75: =CONCATENATE("/* ",A75," */ ",G75,H75,I75,J75,K75,L75,M75,N75," 1"," ",P75," ",S75," ",R75," ",Y75," ",V75," ",X75,";") -> /* ELI-231 */ 00111001 1 1 1 0 0 0 0; | AA75: =CONCATENATE(G75,H75,I75,J75,K75,L75,M75,N75) -> 00111001 | AB75: =CONCATENATE("/*",A75,"*/ ",G75,H75,I75,J75,K75,L75,M75,N75," 1;") -> /*ELI-231*/ 00111001 1;
A76: ELI-232 | B76: Hollywood | C76: Hollywood F05 | D76: 0 | E76: 0 | F76: 0 | G76: 0 | H76: 0 | I76: 0 | J76: 1 | K76: 0 | L76: 0 | M76: 0 | N76: 0 | O76: 0 | P76: =VLOOKUP(A76,[1]allpride!$C$2:$V$215,14,FALSE) -> 1 | Q76: =VLOOKUP(A76,[1]allpride!$C$2:$V$215,15,FALSE) -> 0 | R76: =VLOOKUP(A76,[1]allpride!$C$2:$V$215,16,FALSE) -> 0 | S76: =VLOOKUP(A76,[1]allpride!$C$2:$V$215,17,FALSE) -> 1 | T76: =VLOOKUP(A76,[1]allpride!$C$2:$V$215,18,FALSE) -> 2009 | U76: =VLOOKUP(A76,[1]allpride!$C$2:$V$215,19,FALSE) -> 8 | V76: =VLOOKUP(A76,[1]allpride!$C$2:$V$215,20,FALSE) -> 0 | W76: =VLOOKUP(B76,'[2]pride covariates'!$A$2:$B$33,2,FALSE) -> 0 | X76: 0 | Y76: 0 | Z76: =CONCATENATE("/* ",A76," */ ",G76,H76,I76,J76,K76,L76,M76,N76," 1"," ",P76," ",S76," ",R76," ",Y76," ",V76," ",X76,";") -> /* ELI-232 */ 00010000 1 1 1 0 0 0 0; | AA76: =CONCATENATE(G76,H76,I76,J76,K76,L76,M76,N76) -> 00010000 | AB76: =CONCATENATE("/*",A76,"*/ ",G76,H76,I76,J76,K76,L76,M76,N76," 1;") -> /*ELI-232*/ 00010000 1;
A77: ELI-424 | B77: Hollywood | C77: Hollywood F06 | D77: 0 | E77: 0 | F77: 0 | G77: 0 | H77: 0 | I77: 1 | J77: 1 | K77: 1 | L77: 0 | M77: 0 | N77: 1 | O77: 0 | P77: =VLOOKUP(A77,[1]allpride!$C$2:$V$215,14,FALSE) -> 1 | Q77: =VLOOKUP(A77,[1]allpride!$C$2:$V$215,15,FALSE) -> 0 | R77: =VLOOKUP(A77,[1]allpride!$C$2:$V$215,16,FALSE) -> 0 | S77: =VLOOKUP(A77,[1]allpride!$C$2:$V$215,17,FALSE) -> 1 | T77: =VLOOKUP(A77,[1]allpride!$C$2:$V$215,18,FALSE) -> 2012 | U77: =VLOOKUP(A77,[1]allpride!$C$2:$V$215,19,FALSE) -> 10 | V77: =VLOOKUP(A77,[1]allpride!$C$2:$V$215,20,FALSE) -> 3 | W77: =VLOOKUP(B77,'[2]pride covariates'!$A$2:$B$33,2,FALSE) -> 0 | X77: 0 | Y77: 0 | Z77: =CONCATENATE("/* ",A77," */ ",G77,H77,I77,J77,K77,L77,M77,N77," 1"," ",P77," ",S77," ",R77," ",Y77," ",V77," ",X77,";") -> /* ELI-424 */ 00111001 1 1 1 0 0 3 0; | AA77: =CONCATENATE(G77,H77,I77,J77,K77,L77,M77,N77) -> 00111001 | AB77: =CONCATENATE("/*",A77,"*/ ",G77,H77,I77,J77,K77,L77,M77,N77," 1;") -> /*ELI-424*/ 00111001 1;
A78: ELI-425 | B78: Hollywood | C78: Hollywood F07 | D78: 0 | E78: 0 | F78: 0 | G78: 0 | H78: 0 | I78: 0 | J78: 1 | K78: 1 | L78: 0 | M78: 0 | N78: 1 | O78: 0 | P78: =VLOOKUP(A78,[1]allpride!$C$2:$V$215,14,FALSE) -> 1 | Q78: =VLOOKUP(A78,[1]allpride!$C$2:$V$215,15,FALSE) -> 0 | R78: =VLOOKUP(A78,[1]allpride!$C$2:$V$215,16,FALSE) -> 0 | S78: =VLOOKUP(A78,[1]allpride!$C$2:$V$215,17,FALSE) -> 1 | T78: =VLOOKUP(A78,[1]allpride!$C$2:$V$215,18,FALSE) -> 2011 | U78: =VLOOKUP(A78,[1]allpride!$C$2:$V$215,19,FALSE) -> 6 | V78: =VLOOKUP(A78,[1]allpride!$C$2:$V$215,20,FALSE) -> 2 | W78: =VLOOKUP(B78,'[2]pride covariates'!$A$2:$B$33,2,FALSE) -> 0 | X78: 0 | Y78: 0 | Z78: =CONCATENATE("/* ",A78," */ ",G78,H78,I78,J78,K78,L78,M78,N78," 1"," ",P78," ",S78," ",R78," ",Y78," ",V78," ",X78,";") -> /* ELI-425 */ 00011001 1 1 1 0 0 2 0; | AA78: =CONCATENATE(G78,H78,I78,J78,K78,L78,M78,N78) -> 00011001 | AB78: =CONCATENATE("/*",A78,"*/ ",G78,H78,I78,J78,K78,L78,M78,N78," 1;") -> /*ELI-425*/ 00011001 1;
A79: ELI-612 | B79: Hollywood | C79: Hollywood 2013Cub1 | D79: 0 | E79: 0 | F79: 0 | G79: 0 | H79: 0 | I79: 1 | J79: 1 | K79: 1 | L79: 0 | M79: 0 | N79: 1 | O79: 0 | P79: =VLOOKUP(A79,[1]allpride!$C$2:$V$215,14,FALSE) -> 1 | Q79: =VLOOKUP(A79,[1]allpride!$C$2:$V$215,15,FALSE) -> 0 | R79: =VLOOKUP(A79,[1]allpride!$C$2:$V$215,16,FALSE) -> 1 | S79: =VLOOKUP(A79,[1]allpride!$C$2:$V$215,17,FALSE) -> 1 | T79: =VLOOKUP(A79,[1]allpride!$C$2:$V$215,18,FALSE) -> 2013 | U79: =VLOOKUP(A79,[1]allpride!$C$2:$V$215,19,FALSE) -> 9 | V79: =VLOOKUP(A79,[1]allpride!$C$2:$V$215,20,FALSE) -> 0 | W79: =VLOOKUP(B79,'[2]pride covariates'!$A$2:$B$33,2,FALSE) -> 0 | X79: 0 | Y79: 0 | Z79: =CONCATENATE("/* ",A79," */ ",G79,H79,I79,J79,K79,L79,M79,N79," 1"," ",P79," ",S79," ",R79," ",Y79," ",V79," ",X79,";") -> /* ELI-612 */ 00111001 1 1 1 1 0 0 0; | AA79: =CONCATENATE(G79,H79,I79,J79,K79,L79,M79,N79) -> 00111001 | AB79: =CONCATENATE("/*",A79,"*/ ",G79,H79,I79,J79,K79,L79,M79,N79," 1;") -> /*ELI-612*/ 00111001 1;
A80: ELI-613 | B80: Hollywood | C80: Hollywood 2013Cub2 | D80: 0 | E80: 0 | F80: 0 | G80: 0 | H80: 0 | I80: 1 | J80: 1 | K80: 1 | L80: 0 | M80: 0 | N80: 1 | O80: 0 | P80: =VLOOKUP(A80,[1]allpride!$C$2:$V$215,14,FALSE) -> 1 | Q80: =VLOOKUP(A80,[1]allpride!$C$2:$V$215,15,FALSE) -> 0 | R80: =VLOOKUP(A80,[1]allpride!$C$2:$V$215,16,FALSE) -> 0 | S80: =VLOOKUP(A80,[1]allpride!$C$2:$V$215,17,FALSE) -> 1 | T80: =VLOOKUP(A80,[1]allpride!$C$2:$V$215,18,FALSE) -> 2013 | U80: =VLOOKUP(A80,[1]allpride!$C$2:$V$215,19,FALSE) -> 9 | V80: =VLOOKUP(A80,[1]allpride!$C$2:$V$215,20,FALSE) -> 0 | W80: =VLOOKUP(B80,'[2]pride covariates'!$A$2:$B$33,2,FALSE) -> 0 | X80: 0 | Y80: 0 | Z80: =CONCATENATE("/* ",A80," */ ",G80,H80,I80,J80,K80,L80,M80,N80," 1"," ",P80," ",S80," ",R80," ",Y80," ",V80," ",X80,";") -> /* ELI-613 */ 00111001 1 1 1 0 0 0 0; | AA80: =CONCATENATE(G80,H80,I80,J80,K80,L80,M80,N80) -> 00111001 | AB80: =CONCATENATE("/*",A80,"*/ ",G80,H80,I80,J80,K80,L80,M80,N80," 1;") -> /*ELI-613*/ 00111001 1;
A81: ELI-615 | B81: Hollywood | C81: Hollywood 2013Cub3 | D81: 0 | E81: 0 | F81: 0 | G81: 0 | H81: 0 | I81: 1 | J81: 1 | K81: 1 | L81: 0 | M81: 0 | N81: 1 | O81: 0 | P81: =VLOOKUP(A81,[1]allpride!$C$2:$V$215,14,FALSE) -> 1 | Q81: =VLOOKUP(A81,[1]allpride!$C$2:$V$215,15,FALSE) -> 1 | R81: =VLOOKUP(A81,[1]allpride!$C$2:$V$215,16,FALSE) -> 0 | S81: =VLOOKUP(A81,[1]allpride!$C$2:$V$215,17,FALSE) -> 1 | T81: =VLOOKUP(A81,[1]allpride!$C$2:$V$215,18,FALSE) -> 2013 | U81: =VLOOKUP(A81,[1]allpride!$C$2:$V$215,19,FALSE) -> 9 | V81: =VLOOKUP(A81,[1]allpride!$C$2:$V$215,20,FALSE) -> 0 | W81: =VLOOKUP(B81,'[2]pride covariates'!$A$2:$B$33,2,FALSE) -> 0 | X81: 0 | Y81: 1 | Z81: =CONCATENATE("/* ",A81," */ ",G81,H81,I81,J81,K81,L81,M81,N81," 1"," ",P81," ",S81," ",R81," ",Y81," ",V81," ",X81,";") -> /* ELI-615 */ 00111001 1 1 1 0 1 0 0; | AA81: =CONCATENATE(G81,H81,I81,J81,K81,L81,M81,N81) -> 00111001 | AB81: =CONCATENATE("/*",A81,"*/ ",G81,H81,I81,J81,K81,L81,M81,N81," 1;") -> /*ELI-615*/ 00111001 1;
... A84: ELI-618 | B84: Hollywood | C84: Hollywood 2013Cub6 | D84: 0 | E84: 0 | F84: 0 | G84: 0 | H84: 0 | I84: 1 | J84: 1 | K84: 1 | L84: 0 | M84: 0 | N84: 1 | O84: 0 | P84: =VLOOKUP(A84,[1]allpride!$C$2:$V$215,14,FALSE) -> 1 | Q84: =VLOOKUP(A84,[1]allpride!$C$2:$V$215,15,FALSE) -> 0 | R84: =VLOOKUP(A84,[1]allpride!$C$2:$V$215,16,FALSE) -> 0 | S84: =VLOOKUP(A84,[1]allpride!$C$2:$V$215,17,FALSE) -> 1 | T84: =VLOOKUP(A84,[1]allpride!$C$2:$V$215,18,FALSE) -> 2013 | U84: =VLOOKUP(A84,[1]allpride!$C$2:$V$215,19,FALSE) -> 9 | V84: =VLOOKUP(A84,[1]allpride!$C$2:$V$215,20,FALSE) -> 0 | W84: =VLOOKUP(B84,'[2]pride covariates'!$A$2:$B$33,2,FALSE) -> 0 | X84: 0 | Y84: 0 | Z84: =CONCATENATE("/* ",A84," */ ",G84,H84,I84,J84,K84,L84,M84,N84," 1"," ",P84," ",S84," ",R84," ",Y84," ",V84," ",X84,";") -> /* ELI-618 */ 00111001 1 1 1 0 0 0 0; | AA84: =CONCATENATE(G84,H84,I84,J84,K84,L84,M84,N84) -> 00111001 | AB84: =CONCATENATE("/*",A84,"*/ ",G84,H84,I84,J84,K84,L84,M84,N84," 1;") -> /*ELI-618*/ 00111001 1;
A85: ELI-735 | B85: Hollywood | C85: Hollywood 2013Cub7 | D85: 0 | E85: 0 | F85: 0 | G85: 0 | H85: 0 | I85: 0 | J85: 1 | K85: 1 | L85: 0 | M85: 0 | N85: 1 | O85: 0 | P85: 1 | Q85: 0 | R85: 0 | S85: 1 | T85: 2014 | U85: 8 | V85: 0 | W85: =VLOOKUP(B85,'[2]pride covariates'!$A$2:$B$33,2,FALSE) -> 0 | X85: 0 | Y85: 0 | Z85: =CONCATENATE("/* ",A85," */ ",G85,H85,I85,J85,K85,L85,M85,N85," 1"," ",P85," ",S85," ",R85," ",Y85," ",V85," ",X85,";") -> /* ELI-735 */ 00011001 1 1 1 0 0 0 0; | AA85: =CONCATENATE(G85,H85,I85,J85,K85,L85,M85,N85) -> 00011001 | AB85: =CONCATENATE("/*",A85,"*/ ",G85,H85,I85,J85,K85,L85,M85,N85," 1;") -> /*ELI-735*/ 00011001 1;
A86: ELI-736 | B86: Hollywood | C86: Hollywood 2014Cub3 | D86: 0 | E86: 0 | F86: 0 | G86: 0 | H86: 0 | I86: 0 | J86: 1 | K86: 1 | L86: 0 | M86: 0 | N86: 1 | O86: 0 | P86: 1 | Q86: 0 | R86: 0 | S86: 1 | T86: 2014 | U86: 8 | V86: 0 | W86: =VLOOKUP(B86,'[2]pride covariates'!$A$2:$B$33,2,FALSE) -> 0 | X86: 0 | Y86: 0 | Z86: =CONCATENATE("/* ",A86," */ ",G86,H86,I86,J86,K86,L86,M86,N86," 1"," ",P86," ",S86," ",R86," ",Y86," ",V86," ",X86,";") -> /* ELI-736 */ 00011001 1 1 1 0 0 0 0; | AA86: =CONCATENATE(G86,H86,I86,J86,K86,L86,M86,N86) -> 00011001 | AB86: =CONCATENATE("/*",A86,"*/ ",G86,H86,I86,J86,K86,L86,M86,N86," 1;") -> /*ELI-736*/ 00011001 1;
A87: ELI-737 | B87: Hollywood | C87: Hollywood 2013Cub8 | D87: 0 | E87: 0 | F87: 0 | G87: 0 | H87: 0 | I87: 0 | J87: 1 | K87: 1 | L87: 0 | M87: 0 | N87: 1 | O87: 0 | P87: 1 | Q87: 1 | R87: 0 | S87: 1 | T87: 2014 | U87: 8 | V87: 0 | W87: =VLOOKUP(B87,'[2]pride covariates'!$A$2:$B$33,2,FALSE) -> 0 | X87: 0 | Y87: 1 | Z87: =CONCATENATE("/* ",A87," */ ",G87,H87,I87,J87,K87,L87,M87,N87," 1"," ",P87," ",S87," ",R87," ",Y87," ",V87," ",X87,";") -> /* ELI-737 */ 00011001 1 1 1 0 1 0 0; | AA87: =CONCATENATE(G87,H87,I87,J87,K87,L87,M87,N87) -> 00011001 | AB87: =CONCATENATE("/*",A87,"*/ ",G87,H87,I87,J87,K87,L87,M87,N87," 1;") -> /*ELI-737*/ 00011001 1;
A88: ELI-738 | B88: Hollywood | C88: Hollywood 2014Cub1 | D88: 0 | E88: 0 | F88: 0 | G88: 0 | H88: 0 | I88: 0 | J88: 1 | K88: 0 | L88: 1 | M88: 0 | N88: 0 | O88: 0 | P88: 1 | Q88: 0 | R88: 0 | S88: 1 | T88: 2014 | U88: 9 | V88: 0 | W88: =VLOOKUP(B88,'[2]pride covariates'!$A$2:$B$33,2,FALSE) -> 0 | X88: 0 | Y88: 0 | Z88: =CONCATENATE("/* ",A88," */ ",G88,H88,I88,J88,K88,L88,M88,N88," 1"," ",P88," ",S88," ",R88," ",Y88," ",V88," ",X88,";") -> /* ELI-738 */ 00010100 1 1 1 0 0 0 0; | AA88: =CONCATENATE(G88,H88,I88,J88,K88,L88,M88,N88) -> 00010100 | AB88: =CONCATENATE("/*",A88,"*/ ",G88,H88,I88,J88,K88,L88,M88,N88," 1;") -> /*ELI-738*/ 00010100 1;
A89: ELI-739 | B89: Hollywood | C89: Hollywood 2014Cub2 | D89: 0 | E89: 0 | F89: 0 | G89: 0 | H89: 0 | I89: 0 | J89: 0 | K89: 0 | L89: 1 | M89: 0 | N89: 0 | O89: 0 | P89: 0 | Q89: 0 | R89: 1 | S89: 1 | T89: 2014 | U89: 9 | V89: 0 | W89: =VLOOKUP(B89,'[2]pride covariates'!$A$2:$B$33,2,FALSE) -> 0 | X89: 0 | Y89: 0 | Z89: =CONCATENATE("/* ",A89," */ ",G89,H89,I89,J89,K89,L89,M89,N89," 1"," ",P89," ",S89," ",R89," ",Y89," ",V89," ",X89,";") -> /* ELI-739 */ 00000100 1 0 1 1 0 0 0; | AA89: =CONCATENATE(G89,H89,I89,J89,K89,L89,M89,N89) -> 00000100 | AB89: =CONCATENATE("/*",A89,"*/ ",G89,H89,I89,J89,K89,L89,M89,N89," 1;") -> /*ELI-739*/ 00000100 1;
A90: ELI-619 | B90: Hollywood | C90: Hollywood 2013Cub9 | D90: 0 | E90: 0 | F90: 0 | G90: 0 | H90: 0 | I90: 0 | J90: 1 | K90: 0 | L90: 0 | M90: 0 | N90: 0 | O90: 0 | P90: =VLOOKUP(A90,[1]allpride!$C$2:$V$215,14,FALSE) -> 0 | Q90: =VLOOKUP(A90,[1]allpride!$C$2:$V$215,15,FALSE) -> NA | R90: =VLOOKUP(A90,[1]allpride!$C$2:$V$215,16,FALSE) -> 1 | S90: =VLOOKUP(A90,[1]allpride!$C$2:$V$215,17,FALSE) -> 1 | T90: =VLOOKUP(A90,[1]allpride!$C$2:$V$215,18,FALSE) -> 2013 | U90: =VLOOKUP(A90,[1]allpride!$C$2:$V$215,19,FALSE) -> 10 | V90: =VLOOKUP(A90,[1]allpride!$C$2:$V$215,20,FALSE) -> 0 | W90: =VLOOKUP(B90,'[2]pride covariates'!$A$2:$B$33,2,FALSE) -> 0 | X90: 0 | Y90: 0 | Z90: =CONCATENATE("/* ",A90," */ ",G90,H90,I90,J90,K90,L90,M90,N90," 1"," ",P90," ",S90," ",R90," ",Y90," ",V90," ",X90,";") -> /* ELI-619 */ 00010000 1 0 1 1 0 0 0; | AA90: =CONCATENATE(G90,H90,I90,J90,K90,L90,M90,N90) -> 00010000 | AB90: =CONCATENATE("/*",A90,"*/ ",G90,H90,I90,J90,K90,L90,M90,N90," 1;") -> /*ELI-619*/ 00010000 1;
A91: ELI-154 | B91: Luwi | C91: Luwi F03 | D91: 0 | E91: 0 | F91: 0 | G91: 0 | H91: 1 | I91: 1 | J91: 1 | K91: 1 | L91: 1 | M91: 1 | N91: 0 | O91: 0 | P91: =VLOOKUP(A91,[1]allpride!$C$2:$V$215,14,FALSE) -> 1 | Q91: =VLOOKUP(A91,[1]allpride!$C$2:$V$215,15,FALSE) -> 0 | R91: =VLOOKUP(A91,[1]allpride!$C$2:$V$215,16,FALSE) -> 0 | S91: =VLOOKUP(A91,[1]allpride!$C$2:$V$215,17,FALSE) -> 1 | T91: =VLOOKUP(A91,[1]allpride!$C$2:$V$215,18,FALSE) -> 2008 | U91: =VLOOKUP(A91,[1]allpride!$C$2:$V$215,19,FALSE) -> 7 | V91: =VLOOKUP(A91,[1]allpride!$C$2:$V$215,20,FALSE) -> 4 | W91: =VLOOKUP(B91,'[2]pride covariates'!$A$2:$B$33,2,FALSE) -> 1 | X91: 1 | Y91: 0 | Z91: =CONCATENATE("/* ",A91," */ ",G91,H91,I91,J91,K91,L91,M91,N91," 1"," ",P91," ",S91," ",R91," ",Y91," ",V91," ",X91,";") -> /* ELI-154 */ 01111110 1 1 1 0 0 4 1; | AA91: =CONCATENATE(G91,H91,I91,J91,K91,L91,M91,N91) -> 01111110 | AB91: =CONCATENATE("/*",A91,"*/ ",G91,H91,I91,J91,K91,L91,M91,N91," 1;") -> /*ELI-154*/ 01111110 1;
A92: ELI-155 | B92: Luwi | C92: Luwi F04 | D92: 0 | E92: 0 | F92: 0 | G92: 1 | H92: 1 | I92: 1 | J92: 1 | K92: 1 | L92: 1 | M92: 1 | N92: 0 | O92: 1 | P92: =VLOOKUP(A92,[1]allpride!$C$2:$V$215,14,FALSE) -> 1 | Q92: =VLOOKUP(A92,[1]allpride!$C$2:$V$215,15,FALSE) -> 0 | R92: =VLOOKUP(A92,[1]allpride!$C$2:$V$215,16,FALSE) -> 0 | S92: =VLOOKUP(A92,[1]allpride!$C$2:$V$215,17,FALSE) -> 1 | T92: =VLOOKUP(A92,[1]allpride!$C$2:$V$215,18,FALSE) -> 2008 | U92: =VLOOKUP(A92,[1]allpride!$C$2:$V$215,19,FALSE) -> 5 | V92: =VLOOKUP(A92,[1]allpride!$C$2:$V$215,20,FALSE) -> 2 | W92: =VLOOKUP(B92,'[2]pride covariates'!$A$2:$B$33,2,FALSE) -> 1 | X92: 1 | Y92: 0 | Z92: =CONCATENATE("/* ",A92," */ ",G92,H92,I92,J92,K92,L92,M92,N92," 1"," ",P92," ",S92," ",R92," ",Y92," ",V92," ",X92,";") -> /* ELI-155 */ 11111110 1 1 1 0 0 2 1; | AA92: =CONCATENATE(G92,H92,I92,J92,K92,L92,M92,N92) -> 11111110 | AB92: =CONCATENATE("/*",A92,"*/ ",G92,H92,I92,J92,K92,L92,M92,N92," 1;") -> /*ELI-155*/ 11111110 1;
A93: ELI-369 | B93: Luwi | C93: Luwi F10 | D93: 0 | E93: 0 | F93: 0 | G93: 0 | H93: 0 | I93: 1 | J93: 1 | K93: 1 | L93: 1 | M93: 1 | N93: 0 | O93: 0 | P93: =VLOOKUP(A93,[1]allpride!$C$2:$V$215,14,FALSE) -> 1 | Q93: =VLOOKUP(A93,[1]allpride!$C$2:$V$215,15,FALSE) -> 0 | R93: =VLOOKUP(A93,[1]allpride!$C$2:$V$215,16,FALSE) -> 0 | S93: =VLOOKUP(A93,[1]allpride!$C$2:$V$215,17,FALSE) -> 1 | T93: =VLOOKUP(A93,[1]allpride!$C$2:$V$215,18,FALSE) -> 2010 | U93: =VLOOKUP(A93,[1]allpride!$C$2:$V$215,19,FALSE) -> 5 | V93: =VLOOKUP(A93,[1]allpride!$C$2:$V$215,20,FALSE) -> 0 | W93: =VLOOKUP(B93,'[2]pride covariates'!$A$2:$B$33,2,FALSE) -> 1 | X93: 1 | Y93: 0 | Z93: =CONCATENATE("/* ",A93," */ ",G93,H93,I93,J93,K93,L93,M93,N93," 1"," ",P93," ",S93," ",R93," ",Y93," ",V93," ",X93,";") -> /* ELI-369 */ 00111110 1 1 1 0 0 0 1; | AA93: =CONCATENATE(G93,H93,I93,J93,K93,L93,M93,N93) -> 00111110 | AB93: =CONCATENATE("/*",A93,"*/ ",G93,H93,I93,J93,K93,L93,M93,N93," 1;") -> /*ELI-369*/ 00111110 1;
A94: ELI-159 | B94: Luwi | C94: Manky Ear | D94: 1 | E94: 0 | F94: 1 | G94: 0 | H94: 1 | I94: 1 | J94: 1 | K94: 1 | L94: 1 | M94: 1 | N94: 1 | O94: 1 | P94: =VLOOKUP(A94,[1]allpride!$C$2:$V$215,14,FALSE) -> 1 | Q94: =VLOOKUP(A94,[1]allpride!$C$2:$V$215,15,FALSE) -> 0 | R94: =VLOOKUP(A94,[1]allpride!$C$2:$V$215,16,FALSE) -> 0 | S94: =VLOOKUP(A94,[1]allpride!$C$2:$V$215,17,FALSE) -> 1 | T94: =VLOOKUP(A94,[1]allpride!$C$2:$V$215,18,FALSE) -> 2008 | U94: =VLOOKUP(A94,[1]allpride!$C$2:$V$215,19,FALSE) -> 6 | V94: =VLOOKUP(A94,[1]allpride!$C$2:$V$215,20,FALSE) -> 0 | W94: =VLOOKUP(B94,'[2]pride covariates'!$A$2:$B$33,2,FALSE) -> 1 | X94: 1 | Y94: 0 | Z94: =CONCATENATE("/* ",A94," */ ",G94,H94,I94,J94,K94,L94,M94,N94," 1"," ",P94," ",S94," ",R94," ",Y94," ",V94," ",X94,";") -> /* ELI-159 */ 01111111 1 1 1 0 0 0 1; | AA94: =CONCATENATE(G94,H94,I94,J94,K94,L94,M94,N94) -> 01111111 | AB94: =CONCATENATE("/*",A94,"*/ ",G94,H94,I94,J94,K94,L94,M94,N94," 1;") -> /*ELI-159*/ 01111111 1;
A95: ELI-720 | B95: Luwi | C95: Luwi 2014 Cub1 | D95: 0 | E95: 0 | F95: 0 | G95: 0 | H95: 1 | I95: 1 | J95: 1 | K95: 0 | L95: 0 | M95: 0 | N95: 0 | O95: 0 | P95: 1 | Q95: 0 | R95: 1 | S95: 1 | T95: 2014 | U95: 5 | V95: 0 | W95: =VLOOKUP(B95,'[2]pride covariates'!$A$2:$B$33,2,FALSE) -> 1 | X95: 1 | Y95: 0 | Z95: =CONCATENATE("/* ",A95," */ ",G95,H95,I95,J95,K95,L95,M95,N95," 1"," ",P95," ",S95," ",R95," ",Y95," ",V95," ",X95,";") -> /* ELI-720 */ 01110000 1 1 1 1 0 0 1; | AA95: =CONCATENATE(G95,H95,I95,J95,K95,L95,M95,N95) -> 01110000 | AB95: =CONCATENATE("/*",A95,"*/ ",G95,H95,I95,J95,K95,L95,M95,N95," 1;") -> /*ELI-720*/ 01110000 1;
A96: ELI-750 | B96: Luwi | C96: Luwi 2014 Cub2 | D96: 0 | E96: 0 | F96: 0 | G96: 0 | H96: 0 | I96: 0 | J96: 0 | K96: 0 | L96: 0 | M96: 1 | N96: 0 | O96: 0 | P96: 0 | Q96: NA | R96: 1 | S96: 1 | T96: 2014 | U96: 10 | V96: 0 | W96: =VLOOKUP(B96,'[2]pride covariates'!$A$2:$B$33,2,FALSE) -> 1 | X96: 1 | Y96: 1 | Z96: =CONCATENATE("/* ",A96," */ ",G96,H96,I96,J96,K96,L96,M96,N96," 1"," ",P96," ",S96," ",R96," ",Y96," ",V96," ",X96,";") -> /* ELI-750 */ 00000010 1 0 1 1 1 0 1; | AA96: =CONCATENATE(G96,H96,I96,J96,K96,L96,M96,N96) -> 00000010 | AB96: =CONCATENATE("/*",A96,"*/ ",G96,H96,I96,J96,K96,L96,M96,N96," 1;") -> /*ELI-750*/ 00000010 1;
A97: ELI-751 | B97: Luwi | C97: Luwi 2014 Cub3 | D97: 0 | E97: 0 | F97: 0 | G97: 0 | H97: 0 | I97: 0 | J97: 0 | K97: 0 | L97: 0 | M97: 1 | N97: 0 | O97: 0 | P97: 0 | Q97: NA | R97: 1 | S97: 1 | T97: 2014 | U97: 10 | V97: 0 | W97: =VLOOKUP(B97,'[2]pride covariates'!$A$2:$B$33,2,FALSE) -> 1 | X97: 1 | Y97: 0 | Z97: =CONCATENATE("/* ",A97," */ ",G97,H97,I97,J97,K97,L97,M97,N97," 1"," ",P97," ",S97," ",R97," ",Y97," ",V97," ",X97,";") -> /* ELI-751 */ 00000010 1 0 1 1 0 0 1; | AA97: =CONCATENATE(G97,H97,I97,J97,K97,L97,M97,N97) -> 00000010 | AB97: =CONCATENATE("/*",A97,"*/ ",G97,H97,I97,J97,K97,L97,M97,N97," 1;") -> /*ELI-751*/ 00000010 1;
A98: ELI-124 | B98: Mwamba I | C98: Mwamba I F01 | D98: 0 | E98: 0 | F98: 0 | G98: 0 | H98: 1 | I98: 1 | J98: 1 | K98: 1 | L98: 0 | M98: 0 | N98: 1 | O98: 0 | P98: =VLOOKUP(A98,[1]allpride!$C$2:$V$215,14,FALSE) -> 1 | Q98: =VLOOKUP(A98,[1]allpride!$C$2:$V$215,15,FALSE) -> 0 | R98: =VLOOKUP(A98,[1]allpride!$C$2:$V$215,16,FALSE) -> 0 | S98: =VLOOKUP(A98,[1]allpride!$C$2:$V$215,17,FALSE) -> 1 | T98: =VLOOKUP(A98,[1]allpride!$C$2:$V$215,18,FALSE) -> 2008 | U98: =VLOOKUP(A98,[1]allpride!$C$2:$V$215,19,FALSE) -> 9 | V98: =VLOOKUP(A98,[1]allpride!$C$2:$V$215,20,FALSE) -> 6 | W98: =VLOOKUP(B98,'[2]pride covariates'!$A$2:$B$33,2,FALSE) -> 1 | X98: 1 | Y98: 0 | Z98: =CONCATENATE("/* ",A98," */ ",G98,H98,I98,J98,K98,L98,M98,N98," 1"," ",P98," ",S98," ",R98," ",Y98," ",V98," ",X98,";") -> /* ELI-124 */ 01111001 1 1 1 0 0 6 1; | AA98: =CONCATENATE(G98,H98,I98,J98,K98,L98,M98,N98) -> 01111001 | AB98: =CONCATENATE("/*",A98,"*/ ",G98,H98,I98,J98,K98,L98,M98,N98," 1;") -> /*ELI-124*/ 01111001 1;
A99: ELI-125 | B99: Mwamba I | C99: Mwamba I F02 | D99: 0 | E99: 0 | F99: 0 | G99: 0 | H99: 1 | I99: 1 | J99: 1 | K99: 1 | L99: 1 | M99: 1 | N99: 0 | O99: 0 | P99: =VLOOKUP(A99,[1]allpride!$C$2:$V$215,14,FALSE) -> 1 | Q99: =VLOOKUP(A99,[1]allpride!$C$2:$V$215,15,FALSE) -> 0 | R99: 1 | S99: =VLOOKUP(A99,[1]allpride!$C$2:$V$215,17,FALSE) -> 1 | T99: =VLOOKUP(A99,[1]allpride!$C$2:$V$215,18,FALSE) -> 2008 | U99: =VLOOKUP(A99,[1]allpride!$C$2:$V$215,19,FALSE) -> 9 | V99: =VLOOKUP(A99,[1]allpride!$C$2:$V$215,20,FALSE) -> 7 | W99: =VLOOKUP(B99,'[2]pride covariates'!$A$2:$B$33,2,FALSE) -> 1 | X99: 1 | Y99: 0 | Z99: =CONCATENATE("/* ",A99," */ ",G99,H99,I99,J99,K99,L99,M99,N99," 1"," ",P99," ",S99," ",R99," ",Y99," ",V99," ",X99,";") -> /* ELI-125 */ 01111110 1 1 1 1 0 7 1; | AA99: =CONCATENATE(G99,H99,I99,J99,K99,L99,M99,N99) -> 01111110 | AB99: =CONCATENATE("/*",A99,"*/ ",G99,H99,I99,J99,K99,L99,M99,N99," 1;") -> /*ELI-125*/ 01111110 1;
A100: ELI-126 | B100: Mwamba I | C100: Mwamba I F04 | D100: 1 | E100: 1 | F100: 1 | G100: 0 | H100: 1 | I100: 1 | J100: 1 | K100: 1 | L100: 1 | M100: 1 | N100: 1 | O100: 1 | P100: =VLOOKUP(A100,[1]allpride!$C$2:$V$215,14,FALSE) -> 1 | Q100: =VLOOKUP(A100,[1]allpride!$C$2:$V$215,15,FALSE) -> 0 | R100: =VLOOKUP(A100,[1]allpride!$C$2:$V$215,16,FALSE) -> 0 | S100: =VLOOKUP(A100,[1]allpride!$C$2:$V$215,17,FALSE) -> 1 | T100: =VLOOKUP(A100,[1]allpride!$C$2:$V$215,18,FALSE) -> 2008 | U100: =VLOOKUP(A100,[1]allpride!$C$2:$V$215,19,FALSE) -> 9 | V100: =VLOOKUP(A100,[1]allpride!$C$2:$V$215,20,FALSE) -> 3 | W100: =VLOOKUP(B100,'[2]pride covariates'!$A$2:$B$33,2,FALSE) -> 1 | X100: 1 | Y100: 0 | Z100: =CONCATENATE("/* ",A100," */ ",G100,H100,I100,J100,K100,L100,M100,N100," 1"," ",P100," ",S100," ",R100," ",Y100," ",V100," ",X100,";") -> /* ELI-126 */ 01111111 1 1 1 0 0 3 1; | AA100: =CONCATENATE(G100,H100,I100,J100,K100,L100,M100,N100) -> 01111111 | AB100: =CONCATENATE("/*",A100,"*/ ",G100,H100,I100,J100,K100,L100,M100,N100," 1;") -> /*ELI-126*/ 01111111 1;
A101: ELI-127 | B101: Mwamba I | C101: Mwamba I F05 | D101: 0 | E101: 0 | F101: 0 | G101: 0 | H101: 1 | I101: 0 | J101: 1 | K101: 1 | L101: 1 | M101: 1 | N101: 1 | O101: 1 | P101: =VLOOKUP(A101,[1]allpride!$C$2:$V$215,14,FALSE) -> 1 | Q101: =VLOOKUP(A101,[1]allpride!$C$2:$V$215,15,FALSE) -> 0 | R101: =VLOOKUP(A101,[1]allpride!$C$2:$V$215,16,FALSE) -> 0 | S101: =VLOOKUP(A101,[1]allpride!$C$2:$V$215,17,FALSE) -> 1 | T101: =VLOOKUP(A101,[1]allpride!$C$2:$V$215,18,FALSE) -> 2008 | U101: =VLOOKUP(A101,[1]allpride!$C$2:$V$215,19,FALSE) -> 9 | V101: =VLOOKUP(A101,[1]allpride!$C$2:$V$215,20,FALSE) -> 2 | W101: =VLOOKUP(B101,'[2]pride covariates'!$A$2:$B$33,2,FALSE) -> 1 | X101: 1 | Y101: 0 | Z101: =CONCATENATE("/* ",A101," */ ",G101,H101,I101,J101,K101,L101,M101,N101," 1"," ",P101," ",S101," ",R101," ",Y101," ",V101," ",X101,";") -> /* ELI-127 */ 01011111 1 1 1 0 0 2 1; | AA101: =CONCATENATE(G101,H101,I101,J101,K101,L101,M101,N101) -> 01011111 | AB101: =CONCATENATE("/*",A101,"*/ ",G101,H101,I101,J101,K101,L101,M101,N101," 1;") -> /*ELI-127*/ 01011111 1;
A102: ELI-138 | B102: Mwamba I | C102: Mwamba I F06 | D102: 0 | E102: 0 | F102: 0 | G102: 0 | H102: 1 | I102: 0 | J102: 1 | K102: 1 | L102: 1 | M102: 1 | N102: 1 | O102: 1 | P102: =VLOOKUP(A102,[1]allpride!$C$2:$V$215,14,FALSE) -> 1 | Q102: =VLOOKUP(A102,[1]allpride!$C$2:$V$215,15,FALSE) -> 0 | R102: =VLOOKUP(A102,[1]allpride!$C$2:$V$215,16,FALSE) -> 0 | S102: =VLOOKUP(A102,[1]allpride!$C$2:$V$215,17,FALSE) -> 1 | T102: =VLOOKUP(A102,[1]allpride!$C$2:$V$215,18,FALSE) -> 2008 | U102: =VLOOKUP(A102,[1]allpride!$C$2:$V$215,19,FALSE) -> 10 | V102: =VLOOKUP(A102,[1]allpride!$C$2:$V$215,20,FALSE) -> 5 | W102: =VLOOKUP(B102,'[2]pride covariates'!$A$2:$B$33,2,FALSE) -> 1 | X102: 1 | Y102: 0 | Z102: =CONCATENATE("/* ",A102," */ ",G102,H102,I102,J102,K102,L102,M102,N102," 1"," ",P102," ",S102," ",R102," ",Y102," ",V102," ",X102,";") -> /* ELI-138 */ 01011111 1 1 1 0 0 5 1; | AA102: =CONCATENATE(G102,H102,I102,J102,K102,L102,M102,N102) -> 01011111 | AB102: =CONCATENATE("/*",A102,"*/ ",G102,H102,I102,J102,K102,L102,M102,N102," 1;") -> /*ELI-138*/ 01011111 1;
...

Sheet input_format
A1: =CONCATENATE("/*",allprides!A2,"*/ ",allprides!G2,allprides!H2,allprides!I2,allprides!J2,allprides!K2,allprides!L2,allprides!M2,allprides!N2," 1;") -> /*ELI-583*/ 11100000 1;
A2: =CONCATENATE("/*",allprides!A3,"*/ ",allprides!G3,allprides!H3,allprides!I3,allprides!J3,allprides!K3,allprides!L3,allprides!M3,allprides!N3," 1;") -> /*ELI-584*/ 11111111 1;
A3: =CONCATENATE("/*",allprides!A4,"*/ ",allprides!G4,allprides!H4,allprides!I4,allprides!J4,allprides!K4,allprides!L4,allprides!M4,allprides!N4," 1;") -> /*ELI-585*/ 11111111 1;
A4: =CONCATENATE("/*",allprides!A5,"*/ ",allprides!G5,allprides!H5,allprides!I5,allprides!J5,allprides!K5,allprides!L5,allprides!M5,allprides!N5," 1;") -> /*ELI-586*/ 11111111 1;
A5: =CONCATENATE("/*",allprides!A6,"*/ ",allprides!G6,allprides!H6,allprides!I6,allprides!J6,allprides!K6,allprides!L6,allprides!M6,allprides!N6," 1;") -> /*ELI-587*/ 11111111 1;
A6: =CONCATENATE("/*",allprides!A7,"*/ ",allprides!G7,allprides!H7,allprides!I7,allprides!J7,allprides!K7,allprides!L7,allprides!M7,allprides!N7," 1;") -> /*ELI-590*/ 11111111 1;
A7: =CONCATENATE("/*",allprides!A8,"*/ ",allprides!G8,allprides!H8,allprides!I8,allprides!J8,allprides!K8,allprides!L8,allprides!M8,allprides!N8," 1;") -> /*ELI-592*/ 11111111 1;
A8: =CONCATENATE("/*",allprides!A9,"*/ ",allprides!G9,allprides!H9,allprides!I9,allprides!J9,allprides!K9,allprides!L9,allprides!M9,allprides!N9," 1;") -> /*ELI-593*/ 11111111 1;
A9: =CONCATENATE("/*",allprides!A10,"*/ ",allprides!G10,allprides!H10,allprides!I10,allprides!J10,allprides!K10,allprides!L10,allprides!M10,allprides!N10," 1;") -> /*ELI-594*/ 11111111 1;
A10: =CONCATENATE("/*",allprides!A11,"*/ ",allprides!G11,allprides!H11,allprides!I11,allprides!J11,allprides!K11,allprides!L11,allprides!M11,allprides!N11," 1;") -> /*ELI-595*/ 11111111 1;
A11: =CONCATENATE("/*",allprides!A12,"*/ ",allprides!G12,allprides!H12,allprides!I12,allprides!J12,allprides!K12,allprides!L12,allprides!M12,allprides!N12," 1;") -> /*ELI-243*/ 11111111 1;
A12: =CONCATENATE("/*",allprides!A13,"*/ ",allprides!G13,allprides!H13,allprides!I13,allprides!J13,allprides!K13,allprides!L13,allprides!M13,allprides!N13," 1;") -> /*ELI-242*/ 11111011 1;
... A171: =CONCATENATE("/*",allprides!A172,"*/ ",allprides!G172,allprides!H172,allprides!I172,allprides!J172,allprides!K172,allprides!L172,allprides!M172,allprides!N172," 1;") -> /*ELI-972*/ 00000100 1;

Sheet 2014_slnp_lion_ch
A1: /*ELI-583*/ 11100000 1;
A2: /*ELI-584*/ 11111111 1;
A3: /*ELI-585*/ 11111111 1;
A4: /*ELI-586*/ 11111111 1;
A5: /*ELI-587*/ 11111111 1;
A6: /*ELI-590*/ 11111111 1;
A7: /*ELI-592*/ 11111111 1;
A8: /*ELI-593*/ 11111111 1;
A9: /*ELI-594*/ 11111111 1;
A10: /*ELI-595*/ 11111111 1;
A11: /*ELI-243*/ 11111111 1;
A12: /*ELI-242*/ 11111011 1;
... A171: /*ELI-972*/ 00000100 1;

Sheet 2014_slnp_lion_3monRD
A1: =CONCATENATE("/*",allprides!A2,"*/ ",allprides!F2,allprides!G2,allprides!H2,allprides!L2,allprides!M2,allprides!N2," 1;") -> /*ELI-583*/ 011000 1;
A2: =CONCATENATE("/*",allprides!A3,"*/ ",allprides!F3,allprides!G3,allprides!H3,allprides!L3,allprides!M3,allprides!N3," 1;") -> /*ELI-584*/ 011111 1;
A3: =CONCATENATE("/*",allprides!A4,"*/ ",allprides!F4,allprides!G4,allprides!H4,allprides!L4,allprides!M4,allprides!N4," 1;") -> /*ELI-585*/ 011111 1;
A4: =CONCATENATE("/*",allprides!A5,"*/ ",allprides!F5,allprides!G5,allprides!H5,allprides!L5,allprides!M5,allprides!N5," 1;") -> /*ELI-586*/ 011111 1;
A5: =CONCATENATE("/*",allprides!A6,"*/ ",allprides!F6,allprides!G6,allprides!H6,allprides!L6,allprides!M6,allprides!N6," 1;") -> /*ELI-587*/ 011111 1;
A6: =CONCATENATE("/*",allprides!A7,"*/ ",allprides!F7,allprides!G7,allprides!H7,allprides!L7,allprides!M7,allprides!N7," 1;") -> /*ELI-590*/ 011111 1;
A7: =CONCATENATE("/*",allprides!A8,"*/ ",allprides!F8,allprides!G8,allprides!H8,allprides!L8,allprides!M8,allprides!N8," 1;") -> /*ELI-592*/ 011111 1;
A8: =CONCATENATE("/*",allprides!A9,"*/ ",allprides!F9,allprides!G9,allprides!H9,allprides!L9,allprides!M9,allprides!N9," 1;") -> /*ELI-593*/ 011111 1;
A9: =CONCATENATE("/*",allprides!A10,"*/ ",allprides!F10,allprides!G10,allprides!H10,allprides!L10,allprides!M10,allprides!N10," 1;") -> /*ELI-594*/ 011111 1;
A10: =CONCATENATE("/*",allprides!A11,"*/ ",allprides!F11,allprides!G11,allprides!H11,allprides!L11,allprides!M11,allprides!N11," 1;") -> /*ELI-595*/ 011111 1;
A11: =CONCATENATE("/*",allprides!A12,"*/ ",allprides!F12,allprides!G12,allprides!H12,allprides!L12,allprides!M12,allprides!N12," 1;") -> /*ELI-243*/ 111111 1;
A12: =CONCATENATE("/*",allprides!A13,"*/ ",allprides!F13,allprides!G13,allprides!H13,allprides!L13,allprides!M13,allprides!N13," 1;") -> /*ELI-242*/ 111011 1;
... A171: =CONCATENATE("/*",allprides!A172,"*/ ",allprides!F172,allprides!G172,allprides!H172,allprides!L172,allprides!M172,allprides!N172," 1;") -> /*ELI-972*/ 000100 1;
