Workbook

Sheet BCC
A1: pride | B1: altname | C1: lionid | D1: jan | E1: feb | F1: mar | G1: apr | H1: may | I1: jun | J1: jul | K1: aug | L1: sep | M1: oct | N1: nov | O1: dec | P1: sexknown | Q1: sexmale | R1: knowndead | S1: dobknown | T1: yearatfirst | U1: monthatfirst | V1: ageatfirst
B2: Big Pride 2013 Cub 2 | C2: ELI-584 | D2: 0 | E2: 0 | G2: 1 | H2: 1 | I2: 1 | J2: 1 | K2: 1 | L2: 1 | M2: 1 | N2: 1 | O2: 0
B3: Big Pride 2013 Cub 3 | C3: ELI-585 | D3: 0 | E3: 0 | F3: 1 | G3: 1 | H3: 1 | I3: 1 | J3: 1 | K3: 1 | L3: 1 | M3: 0 | N3: 1 | O3: 0
B4: Big Pride 2013 Cub 4 | C4: ELI-586 | D4: 0 | E4: 0 | F4: 1 | G4: 1 | H4: 1 | I4: 1 | J4: 1 | K4: 1 | L4: 1 | M4: 1 | N4: 1 | O4: 0
B5: Big Pride 2013 Cub 5 | C5: ELI-587 | D5: 0 | E5: 0 | F5: 1 | G5: 1 | H5: 1 | I5: 1 | J5: 1 | K5: 1 | L5: 1 | M5: 1 | N5: 1 | O5: 0
B6: Big Pride 2013 Cub 6 | C6: ELI-590 | D6: 0 | E6: 0 | F6: 1 | G6: 1 | H6: 1 | I6: 1 | J6: 1 | K6: 1 | L6: 1 | M6: 1 | N6: 1 | O6: 0
B7: Big Pride 2013 Cub 8 | C7: ELI-592 | D7: 0 | E7: 0 | F7: 1 | G7: 1 | H7: 1 | I7: 1 | J7: 1 | K7: 1 | L7: 1 | M7: 0 | N7: 1 | O7: 0
B8: Big Pride 2013 Cub 9 | C8: ELI-593 | D8: 0 | E8: 0 | F8: 1 | G8: 1 | H8: 1 | I8: 1 | J8: 1 | K8: 1 | L8: 1 | M8: 0 | N8: 1 | O8: 0
B9: Big Pride 2013 Cub 10 | C9: ELI-594 | D9: 0 | E9: 0 | F9: 1 | G9: 1 | H9: 1 | I9: 1 | J9: 1 | K9: 1 | L9: 1 | M9: 1 | N9: 1 | O9: 0
B10: Big Pride F01 | C10: ELI-243 | D10: 0 | E10: 0 | F10: 1 | G10: 1 | H10: 1 | I10: 1 | J10: 1 | K10: 1 | L10: 1 | M10: 0 | N10: 1 | O10: 0
B11: Big Pride F02 | C11: ELI-242 | D11: 0 | E11: 0 | F11: 0 | G11: 0 | H11: 0 | I11: 0 | J11: 0 | K11: 0 | L11: 0 | M11: 0 | N11: 0 | O11: 0
B12: Big Pride F03 | C12: ELI-225 | D12: 0 | E12: 0 | F12: 0 | G12: 0 | H12: 0 | I12: 0 | J12: 0 | K12: 0 | L12: 0 | M12: 0 | N12: 0 | O12: 0
B13: Big Pride F04 | C13: ELI-224 | D13: 0 | E13: 0 | F13: 0 | G13: 0 | H13: 0 | I13: 0 | J13: 1 | K13: 0 | L13: 0 | M13: 1 | N13: 0 | O13: 0
B14: Big Pride F05 | C14: ELI-245 | D14: 0 | E14: 0 | F14: 0 | G14: 1 | H14: 0 | I14: 0 | J14: 1 | K14: 1 | L14: 0 | M14: 1 | N14: 0 | O14: 0
... B21: Big Pride M03 | C21: ELI-222 | D21: 0 | E21: 0 | F21: 0 | G21: 0 | H21: 0 | I21: 0 | J21: 0 | K21: 0 | L21: 0 | M21: 0 | N21: 0 | O21: 0
C22: ELI-769 | D22: 0 | E22: 0 | F22: 0 | G22: 1 | H22: 0 | I22: 0 | J22: 0 | K22: 1 | L22: 0 | M22: 1 | N22: 0 | O22: 0
C23: ELI-768 | D23: 0 | E23: 0 | F23: 0 | G23: 0 | H23: 0 | I23: 0 | J23: 0 | K23: 1 | L23: 0 | M23: 1 | N23: 0 | O23: 0
C24: ELI-767 | D24: 0 | E24: 0 | F24: 0 | G24: 0 | H24: 0 | I24: 0 | J24: 0 | K24: 0 | L24: 0 | M24: 0 | N24: 0 | O24: 0
C25: ELI-766 | D25: 0 | E25: 0 | F25: 0 | G25: 1 | H25: 0 | I25: 0 | J25: 0 | K25: 1 | L25: 0 | M25: 1 | N25: 0 | O25: 0
C26: ELI-765 | D26: 0 | E26: 0 | F26: 0 | G26: 1 | H26: 0 | I26: 0 | J26: 0 | K26: 0 | L26: 0 | M26: 1 | N26: 0 | O26: 0
B27: Cub 1 | D27: 0 | E27: 0 | F27: 0 | G27: 0 | H27: 0 | I27: 0 | J27: 0 | K27: 1 | L27: 0 | M27: 1 | N27: 0 | O27: 0
B28: Cub 2 | D28: 0 | E28: 0 | F28: 0 | G28: 0 | H28: 0 | I28: 0 | J28: 0 | K28: 1 | L28: 0 | M28: 1 | N28: 0 | O28: 0
B29: Cub 3 | D29: 0 | E29: 0 | F29: 0 | G29: 0 | H29: 0 | I29: 0 | J29: 0 | K29: 1 | L29: 0 | M29: 1 | N29: 0 | O29: 0
B30: Cub 4 | D30: 0 | E30: 0 | F30: 0 | G30: 0 | H30: 0 | I30: 0 | J30: 0 | K30: 1 | L30: 0 | M30: 1 | N30: 0 | O30: 0
B31: Cub 5 | D31: 0 | E31: 0 | F31: 0 | G31: 0 | H31: 0 | I31: 0 | J31: 0 | K31: 1 | L31: 0 | M31: 1 | N31: 0 | O31: 0
B32: Cub 6 | D32: 0 | E32: 0 | F32: 0 | G32: 0 | H32: 0 | I32: 0 | J32: 0 | K32: 1 | L32: 0 | M32: 1 | N32: 0 | O32: 0
D34: Jan | E34: Feb | F34: Mar | G34: Apr | H34: May | I34: Jun | J34: Jul | K34: Aug | L34: Sept | M34: Oct | N34: Nov | O34: Dec
B35: Group | C35: ID
B36: Chowo F01 | C36: ELI-414 | D36: 0 | E36: 0 | F36: 0 | G36: 0 | H36: 0 | I36: 0 | J36: 0 | K36: 0 | L36: 1 | M36: 1 | N36: 1 | O36: 0
B37: Chowo F02 | C37: ELI-415 | D37: 0 | E37: 0 | F37: 0 | G37: 0 | H37: 0 | I37: 0 | J37: 0 | K37: 0 | L37: 0 | M37: 0 | N37: 0 | O37: 0
B38: Chowo F03 | C38: ELI-436 | D38: 0 | E38: 0 | F38: 0 | G38: 0 | H38: 0 | I38: 0 | J38: 0 | K38: 0 | L38: 0 | M38: 0 | N38: 0 | O38: 0
B39: Chowo F04 | C39: ELI-413 | D39: 0 | E39: 0 | F39: 0 | G39: 0 | H39: 0 | I39: 0 | J39: 0 | K39: 0 | L39: 0 | M39: 0 | N39: 0 | O39: 0
B40: Chowo F05 | C40: ELI-493 | D40: 0 | E40: 0 | F40: 0 | G40: 0 | H40: 0 | I40: 0 | J40: 0 | K40: 0 | L40: 0 | M40: 0 | N40: 0 | O40: 0
B41: Chowo F06 | C41: ELI-494 | D41: 0 | E41: 0 | F41: 0 | G41: 0 | H41: 0 | I41: 0 | J41: 0 | K41: 0 | L41: 0 | M41: 0 | N41: 0 | O41: 0
B42: Chowo U01 | C42: ELI-523 | D42: 0 | E42: 0 | F42: 0 | G42: 0 | H42: 0 | I42: 0 | J42: 0 | K42: 0 | L42: 0 | M42: 0 | N42: 0 | O42: 0
B43: Chowo U02 | C43: ELI-524 | D43: 0 | E43: 0 | F43: 0 | G43: 0 | H43: 0 | I43: 0 | J43: 0 | K43: 0 | L43: 0 | M43: 0 | N43: 0 | O43: 0
B44: Chowo U03 | C44: ELI-525 | D44: 0 | E44: 0 | F44: 0 | G44: 0 | H44: 0 | I44: 0 | J44: 0 | K44: 0 | L44: 0 | M44: 0 | N44: 0 | O44: 0
D47: Jan | E47: Feb | F47: Mar | G47: Apr | H47: May | I47: Jun | J47: Jul | K47: Aug | L47: Sept | M47: Oct | N47: Nov | O47: Dec
B48: Group | C48: ID
B49: Chichele F02 | C49: ELI-236 | D49: 0 | E49: 0 | F49: 0 | G49: 1 | H49: 0 | I49: 0 | J49: 0 | K49: 0 | L49: 0 | M49: 0 | N49: 0 | O49: 0
B50: Chichele F03 | C50: ELI-235 | D50: 0 | E50: 0 | F50: 0 | G50: 1 | H50: 0 | I50: 1 | J50: 1 | K50: 1 | L50: 1 | M50: 0 | N50: 1 | O50: 0
B51: Chichele F04 | C51: ELI-554 | D51: 0 | E51: 0 | F51: 0 | G51: 0 | H51: 0 | I51: 0 | J51: 0 | K51: 0 | L51: 0 | M51: 0 | N51: 0 | O51: 0
B52: Chichele F05 | C52: ELI-555 | D52: 0 | E52: 0 | F52: 0 | G52: 0 | H52: 0 | I52: 0 | J52: 0 | K52: 0 | L52: 0 | M52: 0 | N52: 0 | O52: 0
B53: Chichele M02 | C53: ELI-238 | D53: 0 | E53: 0 | F53: 0 | G53: 0 | H53: 0 | I53: 0 | J53: 0 | K53: 0 | L53: 0 | M53: 0 | N53: 0 | O53: 0
B54: Chichele M03 | C54: ELI-556 | D54: 0 | E54: 0 | F54: 0 | G54: 0 | H54: 0 | I54: 0 | J54: 0 | K54: 0 | L54: 0 | M54: 0 | N54: 0 | O54: 0
C55: ELI-604 | D55: 0 | E55: 0 | F55: 0 | G55: 1 | H55: 0 | I55: 1 | J55: 1 | K55: 1 | L55: 1 | M55: 0 | N55: 1 | O55: 0
C56: ELI-607 | D56: 0 | E56: 0 | F56: 0 | G56: 1 | H56: 0 | I56: 1 | J56: 1 | K56: 1 | L56: 1 | M56: 0 | N56: 1 | O56: 0
A59: Chinzombo | B59: Chinzombo F01 | C59: ELI-143 | D59: 0 | E59: 0 | F59: 0 | G59: 0 | H59: 1 | I59: 0 | J59: 1 | K59: 1 | L59: 0 | M59: 1 | N59: 0 | O59: 0
A60: Chinzombo | B60: Chinzombo F02 | C60: ELI-496 | D60: 0 | E60: 0 | F60: 0 | G60: 0 | H60: 1 | I60: 0 | J60: 1 | K60: 0 | L60: 0 | M60: 1 | N60: 0 | O60: 0
A61: Chinzombo | B61: Chinzombo F03 | C61: ELI-703 | D61: 0 | E61: 0 | F61: 0 | G61: 0 | H61: 1 | I61: 0 | J61: 1 | K61: 0 | L61: 0 | M61: 1 | N61: 0 | O61: 0
A62: Tena Tena | B62: Tena Tena F02 | C62: ELI-262 | D62: 0 | E62: 0 | F62: 0 | G62: 0 | H62: 0 | I62: 0 | J62: 1 | K62: 1 | L62: 0 | M62: 0 | N62: 0 | O62: 0
A63: Tena Tena | B63: Tena Tena Cub 1 | C63: ELI-752 | D63: 0 | E63: 0 | F63: 0 | G63: 0 | H63: 0 | I63: 0 | J63: 1 | K63: 1 | L63: 0 | M63: 0 | N63: 0 | O63: 0
A64: Tena Tena | B64: Tena Tena Cub 2 | C64: ELI-753 | D64: 0 | E64: 0 | F64: 0 | G64: 0 | H64: 0 | I64: 0 | J64: 1 | K64: 1 | L64: 0 | M64: 0 | N64: 0 | O64: 0
A65: Nchindeni | B65: Nchindeni | C65: ELI-775 | D65: 0 | E65: 0 | F65: 0 | G65: 0 | H65: 0 | I65: 0 | J65: 0 | K65: 1 | L65: 0 | M65: 0 | N65: 0 | O65: 0
A66: Nchindeni | B66: Nchindeni | C66: ELI-776 | D66: 0 | E66: 0 | F66: 0 | G66: 0 | H66: 0 | I66: 0 | J66: 0 | K66: 1 | L66: 0 | M66: 0 | N66: 0 | O66: 0
A67: Nchindeni | B67: Nchindeni | C67: ELI-777 | D67: 0 | E67: 0 | F67: 0 | G67: 0 | H67: 0 | I67: 0 | J67: 0 | K67: 1 | L67: 0 | M67: 0 | N67: 0 | O67: 0
A68: Nchindeni | B68: Nchindeni | C68: ELI-778 | D68: 0 | E68: 0 | F68: 0 | G68: 0 | H68: 0 | I68: 0 | J68: 0 | K68: 1 | L68: 0 | M68: 0 | N68: 0 | O68: 0
A69: Nchindeni | B69: Nchindeni | C69: ELI-786 | D69: 0 | E69: 0 | F69: 0 | G69: 0 | H69: 0 | I69: 0 | J69: 0 | K69: 1 | L69: 0 | M69: 0 | N69: 0 | O69: 0
A70: Nchindeni | B70: Nchindeni | C70: ELI-NC | D70: 0 | E70: 0 | F70: 0 | G70: 0 | H70: 0 | I70: 0 | J70: 0 | K70: 1 | L70: 0 | M70: 0 | N70: 0 | O70: 0

Sheet Allprides 
A1: pride | B1: altname | C1: lionid | D1: jan | E1: feb | F1: mar | G1: apr | H1: may | I1: jun | J1: jul | K1: aug | L1: sep | M1: oct | N1: nov | O1: dec | P1: sexknown | Q1: sexmale | R1: knowndead | S1: dobknown | T1: yearatfirst | U1: monthatfirst | V1: ageatfirst | W1: collaredgroup
A2: Big Pride | B2: Big Pride 2013 Cub 2 | C2: ELI-584 | D2: 0 | E2: 0 | F2: 0 | G2: 1 | H2: 1 | I2: 1 | J2: 1 | K2: 1 | L2: 1 | M2: 1 | N2: 1 | O2: 0 | P2: =VLOOKUP(C2,[1]allprides!$C$2:$X$170,14,FALSE) -> 1 | Q2: =VLOOKUP(C2,[1]allprides!$C$2:$X$170,15,FALSE) -> 0 | R2: =VLOOKUP(C2,[1]allprides!$C$2:$X$170,16,FALSE) -> 0 | S2: =VLOOKUP(C2,[1]allprides!$C$2:$X$170,17,FALSE) -> 1 | T2: =VLOOKUP(C2,[1]allprides!$C$2:$X$170,18,FALSE) -> 2013 | U2: =VLOOKUP(C2,[1]allprides!$C$2:$X$170,19,FALSE) -> 7 | V2: =VLOOKUP(C2,[1]allprides!$C$2:$X$170,20,FALSE) -> 0 | W2: 1
A3: Big Pride | B3: Big Pride 2013 Cub 3 | C3: ELI-585 | D3: 0 | E3: 0 | F3: 1 | G3: 1 | H3: 1 | I3: 1 | J3: 1 | K3: 1 | L3: 1 | M3: 0 | N3: 1 | O3: 0 | P3: =VLOOKUP(C3,[1]allprides!$C$2:$X$170,14,FALSE) -> 1 | Q3: =VLOOKUP(C3,[1]allprides!$C$2:$X$170,15,FALSE) -> 0 | R3: =VLOOKUP(C3,[1]allprides!$C$2:$X$170,16,FALSE) -> 0 | S3: =VLOOKUP(C3,[1]allprides!$C$2:$X$170,17,FALSE) -> 1 | T3: =VLOOKUP(C3,[1]allprides!$C$2:$X$170,18,FALSE) -> 2013 | U3: =VLOOKUP(C3,[1]allprides!$C$2:$X$170,19,FALSE) -> 7 | V3: =VLOOKUP(C3,[1]allprides!$C$2:$X$170,20,FALSE) -> 0 | W3: 1 | X3: =CONCATENATE("/*",C3,"*/ ",G3,H3,I3,J3,K3,L3,M3,N3," 1;") -> /*ELI-585*/ 11111101 1;
A4: Big Pride | B4: Big Pride 2013 Cub 4 | C4: ELI-586 | D4: 0 | E4: 0 | F4: 1 | G4: 1 | H4: 1 | I4: 1 | J4: 1 | K4: 1 | L4: 1 | M4: 1 | N4: 1 | O4: 0 | P4: =VLOOKUP(C4,[1]allprides!$C$2:$X$170,14,FALSE) -> 1 | Q4: =VLOOKUP(C4,[1]allprides!$C$2:$X$170,15,FALSE) -> 1 | R4: =VLOOKUP(C4,[1]allprides!$C$2:$X$170,16,FALSE) -> 0 | S4: =VLOOKUP(C4,[1]allprides!$C$2:$X$170,17,FALSE) -> 1 | T4: =VLOOKUP(C4,[1]allprides!$C$2:$X$170,18,FALSE) -> 2013 | U4: =VLOOKUP(C4,[1]allprides!$C$2:$X$170,19,FALSE) -> 7 | V4: =VLOOKUP(C4,[1]allprides!$C$2:$X$170,20,FALSE) -> 0 | W4: 1 | X4: =CONCATENATE("/*",C4,"*/ ",G4,H4,I4,J4,K4,L4,M4,N4," 1;") -> /*ELI-586*/ 11111111 1;
A5: Big Pride | B5: Big Pride 2013 Cub 5 | C5: ELI-587 | D5: 0 | E5: 0 | F5: 1 | G5: 1 | H5: 1 | I5: 1 | J5: 1 | K5: 1 | L5: 1 | M5: 1 | N5: 1 | O5: 0 | P5: =VLOOKUP(C5,[1]allprides!$C$2:$X$170,14,FALSE) -> 1 | Q5: =VLOOKUP(C5,[1]allprides!$C$2:$X$170,15,FALSE) -> 0 | R5: =VLOOKUP(C5,[1]allprides!$C$2:$X$170,16,FALSE) -> 0 | S5: =VLOOKUP(C5,[1]allprides!$C$2:$X$170,17,FALSE) -> 1 | T5: =VLOOKUP(C5,[1]allprides!$C$2:$X$170,18,FALSE) -> 2013 | U5: =VLOOKUP(C5,[1]allprides!$C$2:$X$170,19,FALSE) -> 7 | V5: =VLOOKUP(C5,[1]allprides!$C$2:$X$170,20,FALSE) -> 0 | W5: 1 | X5: =CONCATENATE("/*",C5,"*/ ",G5,H5,I5,J5,K5,L5,M5,N5," 1;") -> /*ELI-587*/ 11111111 1;
A6: Big Pride | B6: Big Pride 2013 Cub 6 | C6: ELI-590 | D6: 0 | E6: 0 | F6: 1 | G6: 1 | H6: 1 | I6: 1 | J6: 1 | K6: 1 | L6: 1 | M6: 1 | N6: 1 | O6: 0 | P6: =VLOOKUP(C6,[1]allprides!$C$2:$X$170,14,FALSE) -> 1 | Q6: =VLOOKUP(C6,[1]allprides!$C$2:$X$170,15,FALSE) -> 0 | R6: =VLOOKUP(C6,[1]allprides!$C$2:$X$170,16,FALSE) -> 0 | S6: =VLOOKUP(C6,[1]allprides!$C$2:$X$170,17,FALSE) -> 1 | T6: =VLOOKUP(C6,[1]allprides!$C$2:$X$170,18,FALSE) -> 2013 | U6: =VLOOKUP(C6,[1]allprides!$C$2:$X$170,19,FALSE) -> 4 | V6: =VLOOKUP(C6,[1]allprides!$C$2:$X$170,20,FALSE) -> 0 | W6: 1 | X6: =CONCATENATE("/*",C6,"*/ ",G6,H6,I6,J6,K6,L6,M6,N6," 1;") -> /*ELI-590*/ 11111111 1;
A7: Big Pride | B7: Big Pride 2013 Cub 8 | C7: ELI-592 | D7: 0 | E7: 0 | F7: 1 | G7: 1 | H7: 1 | I7: 1 | J7: 1 | K7: 1 | L7: 1 | M7: 0 | N7: 1 | O7: 0 | P7: =VLOOKUP(C7,[1]allprides!$C$2:$X$170,14,FALSE) -> 1 | Q7: =VLOOKUP(C7,[1]allprides!$C$2:$X$170,15,FALSE) -> 0 | R7: =VLOOKUP(C7,[1]allprides!$C$2:$X$170,16,FALSE) -> 0 | S7: =VLOOKUP(C7,[1]allprides!$C$2:$X$170,17,FALSE) -> 1 | T7: =VLOOKUP(C7,[1]allprides!$C$2:$X$170,18,FALSE) -> 2013 | U7: =VLOOKUP(C7,[1]allprides!$C$2:$X$170,19,FALSE) -> 4 | V7: =VLOOKUP(C7,[1]allprides!$C$2:$X$170,20,FALSE) -> 0 | W7: 1 | X7: =CONCATENATE("/*",C7,"*/ ",G7,H7,I7,J7,K7,L7,M7,N7," 1;") -> /*ELI-592*/ 11111101 1;
A8: Big Pride | B8: Big Pride 2013 Cub 9 | C8: ELI-593 | D8: 0 | E8: 0 | F8: 1 | G8: 1 | H8: 1 | I8: 1 | J8: 1 | K8: 1 | L8: 1 | M8: 0 | N8: 1 | O8: 0 | P8: =VLOOKUP(C8,[1]allprides!$C$2:$X$170,14,FALSE) -> 1 | Q8: =VLOOKUP(C8,[1]allprides!$C$2:$X$170,15,FALSE) -> 1 | R8: =VLOOKUP(C8,[1]allprides!$C$2:$X$170,16,FALSE) -> 0 | S8: =VLOOKUP(C8,[1]allprides!$C$2:$X$170,17,FALSE) -> 1 | T8: =VLOOKUP(C8,[1]allprides!$C$2:$X$170,18,FALSE) -> 2013 | U8: =VLOOKUP(C8,[1]allprides!$C$2:$X$170,19,FALSE) -> 7 | V8: =VLOOKUP(C8,[1]allprides!$C$2:$X$170,20,FALSE) -> 0 | W8: 1 | X8: =CONCATENATE("/*",C8,"*/ ",G8,H8,I8,J8,K8,L8,M8,N8," 1;") -> /*ELI-593*/ 11111101 1;
A9: Big Pride | B9: Big Pride 2013 Cub 10 | C9: ELI-594 | D9: 0 | E9: 0 | F9: 1 | G9: 1 | H9: 1 | I9: 1 | J9: 1 | K9: 1 | L9: 1 | M9: 1 | N9: 1 | O9: 0 | P9: =VLOOKUP(C9,[1]allprides!$C$2:$X$170,14,FALSE) -> 1 | Q9: =VLOOKUP(C9,[1]allprides!$C$2:$X$170,15,FALSE) -> 0 | R9: =VLOOKUP(C9,[1]allprides!$C$2:$X$170,16,FALSE) -> 0 | S9: =VLOOKUP(C9,[1]allprides!$C$2:$X$170,17,FALSE) -> 1 | T9: =VLOOKUP(C9,[1]allprides!$C$2:$X$170,18,FALSE) -> 2013 | U9: =VLOOKUP(C9,[1]allprides!$C$2:$X$170,19,FALSE) -> 7 | V9: =VLOOKUP(C9,[1]allprides!$C$2:$X$170,20,FALSE) -> 0 | W9: 1 | X9: =CONCATENATE("/*",C9,"*/ ",G9,H9,I9,J9,K9,L9,M9,N9," 1;") -> /*ELI-594*/ 11111111 1;
A10: Big Pride | B10: Big Pride F01 | C10: ELI-243 | D10: 0 | E10: 0 | F10: 1 | G10: 1 | H10: 1 | I10: 1 | J10: 1 | K10: 1 | L10: 1 | M10: 0 | N10: 1 | O10: 0 | P10: =VLOOKUP(C10,[1]allprides!$C$2:$X$170,14,FALSE) -> 1 | Q10: =VLOOKUP(C10,[1]allprides!$C$2:$X$170,15,FALSE) -> 0 | R10: =VLOOKUP(C10,[1]allprides!$C$2:$X$170,16,FALSE) -> 0 | S10: =VLOOKUP(C10,[1]allprides!$C$2:$X$170,17,FALSE) -> 1 | T10: =VLOOKUP(C10,[1]allprides!$C$2:$X$170,18,FALSE) -> 2008 | U10: =VLOOKUP(C10,[1]allprides!$C$2:$X$170,19,FALSE) -> 10 | V10: =VLOOKUP(C10,[1]allprides!$C$2:$X$170,20,FALSE) -> 3 | W10: 1 | X10: =CONCATENATE("/*",C10,"*/ ",G10,H10,I10,J10,K10,L10,M10,N10," 1;") -> /*ELI-243*/ 11111101 1;
A11: Big Pride | B11: Big Pride F04 | C11: ELI-224 | D11: 0 | E11: 0 | F11: 0 | G11: 0 | H11: 0 | I11: 1 | J11: 1 | K11: 0 | L11: 1 | M11: 1 | N11: 0 | O11: 0 | P11: =VLOOKUP(C11,[1]allprides!$C$2:$X$170,14,FALSE) -> 1 | Q11: =VLOOKUP(C11,[1]allprides!$C$2:$X$170,15,FALSE) -> 0 | R11: =VLOOKUP(C11,[1]allprides!$C$2:$X$170,16,FALSE) -> 0 | S11: =VLOOKUP(C11,[1]allprides!$C$2:$X$170,17,FALSE) -> 1 | T11: =VLOOKUP(C11,[1]allprides!$C$2:$X$170,18,FALSE) -> 2009 | U11: =VLOOKUP(C11,[1]allprides!$C$2:$X$170,19,FALSE) -> 4 | V11: =VLOOKUP(C11,[1]allprides!$C$2:$X$170,20,FALSE) -> 4 | W11: 1 | X11: =CONCATENATE("/*",C11,"*/ ",G11,H11,I11,J11,K11,L11,M11,N11," 1;") -> /*ELI-224*/ 00110110 1;
A12: Big Pride | B12: Big Pride F05 | C12: ELI-245 | D12: 0 | E12: 0 | F12: 0 | G12: 1 | H12: 0 | I12: 1 | J12: 1 | K12: 1 | L12: 1 | M12: 1 | N12: 0 | O12: 0 | P12: =VLOOKUP(C12,[1]allprides!$C$2:$X$170,14,FALSE) -> 1 | Q12: =VLOOKUP(C12,[1]allprides!$C$2:$X$170,15,FALSE) -> 0 | R12: =VLOOKUP(C12,[1]allprides!$C$2:$X$170,16,FALSE) -> 0 | S12: =VLOOKUP(C12,[1]allprides!$C$2:$X$170,17,FALSE) -> 1 | T12: =VLOOKUP(C12,[1]allprides!$C$2:$X$170,18,FALSE) -> 2008 | U12: =VLOOKUP(C12,[1]allprides!$C$2:$X$170,19,FALSE) -> 10 | V12: =VLOOKUP(C12,[1]allprides!$C$2:$X$170,20,FALSE) -> 1 | W12: 1 | X12: =CONCATENATE("/*",C12,"*/ ",G12,H12,I12,J12,K12,L12,M12,N12," 1;") -> /*ELI-245*/ 10111110 1;
A13: Big Pride | B13: Big Pride F06 | C13: ELI-223 | D13: 0 | E13: 0 | F13: 0 | G13: 0 | H13: 0 | I13: 0 | J13: 0 | K13: 1 | L13: 1 | M13: 1 | N13: 0 | O13: 0 | P13: =VLOOKUP(C13,[1]allprides!$C$2:$X$170,14,FALSE) -> 1 | Q13: =VLOOKUP(C13,[1]allprides!$C$2:$X$170,15,FALSE) -> 0 | R13: =VLOOKUP(C13,[1]allprides!$C$2:$X$170,16,FALSE) -> 0 | S13: =VLOOKUP(C13,[1]allprides!$C$2:$X$170,17,FALSE) -> 1 | T13: =VLOOKUP(C13,[1]allprides!$C$2:$X$170,18,FALSE) -> 2008 | U13: =VLOOKUP(C13,[1]allprides!$C$2:$X$170,19,FALSE) -> 10 | V13: =VLOOKUP(C13,[1]allprides!$C$2:$X$170,20,FALSE) -> 1 | W13: 1 | X13: =CONCATENATE("/*",C13,"*/ ",G13,H13,I13,J13,K13,L13,M13,N13," 1;") -> /*ELI-223*/ 00001110 1;
A14: Big Pride | B14: Big Pride F07 | C14: ELI-220 | D14: 0 | E14: 0 | F14: 0 | G14: 0 | H14: 0 | I14: 0 | J14: 0 | K14: 1 | L14: 1 | M14: 1 | N14: 0 | O14: 0 | P14: =VLOOKUP(C14,[1]allprides!$C$2:$X$170,14,FALSE) -> 1 | Q14: =VLOOKUP(C14,[1]allprides!$C$2:$X$170,15,FALSE) -> 0 | R14: =VLOOKUP(C14,[1]allprides!$C$2:$X$170,16,FALSE) -> 0 | S14: =VLOOKUP(C14,[1]allprides!$C$2:$X$170,17,FALSE) -> 1 | T14: =VLOOKUP(C14,[1]allprides!$C$2:$X$170,18,FALSE) -> 2008 | U14: =VLOOKUP(C14,[1]allprides!$C$2:$X$170,19,FALSE) -> 10 | V14: =VLOOKUP(C14,[1]allprides!$C$2:$X$170,20,FALSE) -> 0 | W14: 1 | X14: =CONCATENATE("/*",C14,"*/ ",G14,H14,I14,J14,K14,L14,M14,N14," 1;") -> /*ELI-220*/ 00001110 1;
... A21: Big Pride | B21: 2014 Cub 5 | C21: ELI-765 | D21: 0 | E21: 0 | F21: 0 | G21: 1 | H21: 0 | I21: 1 | J21: 0 | K21: 1 | L21: 1 | M21: 1 | N21: 0 | O21: 0 | P21: =VLOOKUP(C21,[1]allprides!$C$2:$X$170,14,FALSE) -> 1 | Q21: =VLOOKUP(C21,[1]allprides!$C$2:$X$170,15,FALSE) -> 1 | R21: =VLOOKUP(C21,[1]allprides!$C$2:$X$170,16,FALSE) -> 0 | S21: =VLOOKUP(C21,[1]allprides!$C$2:$X$170,17,FALSE) -> 1 | T21: =VLOOKUP(C21,[1]allprides!$C$2:$X$170,18,FALSE) -> 2014 | U21: =VLOOKUP(C21,[1]allprides!$C$2:$X$170,19,FALSE) -> 4 | V21: =VLOOKUP(C21,[1]allprides!$C$2:$X$170,20,FALSE) -> 0 | W21: 1 | X21: =CONCATENATE("/*",C21,"*/ ",G21,H21,I21,J21,K21,L21,M21,N21," 1;") -> /*ELI-765*/ 10101110 1;
A22: Big Pride | B22: 2015 Cub1 | C22: ELI-815 | D22: 0 | E22: 0 | F22: 0 | G22: 0 | H22: 0 | I22: 0 | J22: 0 | K22: 1 | L22: 1 | M22: 1 | N22: 0 | O22: 0 | P22: 1 | Q22: 0 | R22: 0 | S22: 1 | T22: 2015 | U22: 8 | V22: 0 | W22: 1 | X22: =CONCATENATE("/*",C22,"*/ ",G22,H22,I22,J22,K22,L22,M22,N22," 1;") -> /*ELI-815*/ 00001110 1;
A23: Big Pride | B23: 2015 Cub2 | C23: ELI-816 | D23: 0 | E23: 0 | F23: 0 | G23: 0 | H23: 0 | I23: 0 | J23: 0 | K23: 1 | L23: 1 | M23: 1 | N23: 0 | O23: 0 | P23: 1 | Q23: 0 | R23: 0 | S23: 1 | T23: 2015 | U23: 8 | V23: 0 | W23: 1 | X23: =CONCATENATE("/*",C23,"*/ ",G23,H23,I23,J23,K23,L23,M23,N23," 1;") -> /*ELI-816*/ 00001110 1;
A24: Big Pride | B24: 2015 Cub3 | C24: ELI-817 | D24: 0 | E24: 0 | F24: 0 | G24: 0 | H24: 0 | I24: 0 | J24: 0 | K24: 1 | L24: 1 | M24: 1 | N24: 0 | O24: 0 | P24: 1 | Q24: 1 | R24: 0 | S24: 1 | T24: 2015 | U24: 8 | V24: 0 | W24: 1 | X24: =CONCATENATE("/*",C24,"*/ ",G24,H24,I24,J24,K24,L24,M24,N24," 1;") -> /*ELI-817*/ 00001110 1;
A25: Big Pride | B25: 2015 Cub4 | C25: ELI-818 | D25: 0 | E25: 0 | F25: 0 | G25: 0 | H25: 0 | I25: 0 | J25: 0 | K25: 1 | L25: 1 | M25: 1 | N25: 0 | O25: 0 | P25: 1 | Q25: 1 | R25: 0 | S25: 1 | T25: 2015 | U25: 8 | V25: 0 | W25: 1 | X25: =CONCATENATE("/*",C25,"*/ ",G25,H25,I25,J25,K25,L25,M25,N25," 1;") -> /*ELI-818*/ 00001110 1;
A26: Big Pride | B26: 2015 Cub5 | C26: ELI-819 | D26: 0 | E26: 0 | F26: 0 | G26: 0 | H26: 0 | I26: 0 | J26: 0 | K26: 1 | L26: 1 | M26: 1 | N26: 0 | O26: 0 | P26: 1 | Q26: 1 | R26: 0 | S26: 1 | T26: 2015 | U26: 8 | V26: 0 | W26: 1 | X26: =CONCATENATE("/*",C26,"*/ ",G26,H26,I26,J26,K26,L26,M26,N26," 1;") -> /*ELI-819*/ 00001110 1;
A27: Big Pride | B27: 2015 Cub6 | C27: ELI-820 | D27: 0 | E27: 0 | F27: 0 | G27: 0 | H27: 0 | I27: 0 | J27: 0 | K27: 1 | L27: 1 | M27: 1 | N27: 0 | O27: 0 | P27: 1 | Q27: 1 | R27: 0 | S27: 1 | T27: 2015 | U27: 8 | V27: 0 | W27: 1 | X27: =CONCATENATE("/*",C27,"*/ ",G27,H27,I27,J27,K27,L27,M27,N27," 1;") -> /*ELI-820*/ 00001110 1;
A28: Big Pride | B28: 2015 Cub7 | C28: ELI-821 | D28: 0 | E28: 0 | F28: 0 | G28: 0 | H28: 0 | I28: 0 | J28: 1 | K28: 1 | L28: 1 | M28: 1 | N28: 0 | O28: 0 | P28: 1 | Q28: 0 | R28: 0 | S28: 1 | T28: 2015 | U28: 7 | V28: 0 | W28: 1 | X28: =CONCATENATE("/*",C28,"*/ ",G28,H28,I28,J28,K28,L28,M28,N28," 1;") -> /*ELI-821*/ 00011110 1;
A29: Big Pride | B29: 2015 Cub8 | C29: ELI-822 | D29: 0 | E29: 0 | F29: 0 | G29: 0 | H29: 0 | I29: 0 | J29: 1 | K29: 1 | L29: 1 | M29: 1 | N29: 0 | O29: 0 | P29: 1 | Q29: 0 | R29: 0 | S29: 1 | T29: 2015 | U29: 7 | V29: 0 | W29: 1 | X29: =CONCATENATE("/*",C29,"*/ ",G29,H29,I29,J29,K29,L29,M29,N29," 1;") -> /*ELI-822*/ 00011110 1;
A30: Chowo | B30: Chowo F01 | C30: ELI-414 | D30: 0 | E30: 1 | F30: 0 | G30: 1 | H30: 0 | I30: 1 | J30: 1 | K30: 1 | L30: 1 | M30: 1 | N30: 1 | O30: 0 | P30: =VLOOKUP(C30,[1]allprides!$C$2:$X$170,14,FALSE) -> 1 | Q30: =VLOOKUP(C30,[1]allprides!$C$2:$X$170,15,FALSE) -> 0 | R30: =VLOOKUP(C30,[1]allprides!$C$2:$X$170,16,FALSE) -> 0 | S30: =VLOOKUP(C30,[1]allprides!$C$2:$X$170,17,FALSE) -> 1 | T30: =VLOOKUP(C30,[1]allprides!$C$2:$X$170,18,FALSE) -> 2011 | U30: =VLOOKUP(C30,[1]allprides!$C$2:$X$170,19,FALSE) -> 7 | V30: =VLOOKUP(C30,[1]allprides!$C$2:$X$170,20,FALSE) -> 3 | W30: 1 | X30: =CONCATENATE("/*",C30,"*/ ",G30,H30,I30,J30,K30,L30,M30,N30," 1;") -> /*ELI-414*/ 10111111 1;
A31: Chowo | B31: Chowo F05 | C31: ELI-493 | D31: 0 | E31: 1 | F31: 0 | G31: 1 | H31: 0 | I31: 1 | J31: 1 | K31: 1 | L31: 0 | M31: 0 | N31: 0 | O31: 0 | P31: =VLOOKUP(C31,[1]allprides!$C$2:$X$170,14,FALSE) -> 1 | Q31: =VLOOKUP(C31,[1]allprides!$C$2:$X$170,15,FALSE) -> 0 | R31: 1 | S31: =VLOOKUP(C31,[1]allprides!$C$2:$X$170,17,FALSE) -> 1 | T31: =VLOOKUP(C31,[1]allprides!$C$2:$X$170,18,FALSE) -> 2012 | U31: =VLOOKUP(C31,[1]allprides!$C$2:$X$170,19,FALSE) -> 6 | V31: =VLOOKUP(C31,[1]allprides!$C$2:$X$170,20,FALSE) -> 4 | W31: 1 | X31: =CONCATENATE("/*",C31,"*/ ",G31,H31,I31,J31,K31,L31,M31,N31," 1;") -> /*ELI-493*/ 10111000 1;
A32: Chowo | B32: Chowo F06 | C32: ELI-494 | D32: 0 | E32: 0 | F32: 0 | G32: 0 | H32: 0 | I32: 1 | J32: 0 | K32: 1 | L32: 0 | M32: 0 | N32: 0 | O32: 0 | P32: =VLOOKUP(C32,[1]allprides!$C$2:$X$170,14,FALSE) -> 1 | Q32: =VLOOKUP(C32,[1]allprides!$C$2:$X$170,15,FALSE) -> 0 | R32: 0 | S32: =VLOOKUP(C32,[1]allprides!$C$2:$X$170,17,FALSE) -> 1 | T32: =VLOOKUP(C32,[1]allprides!$C$2:$X$170,18,FALSE) -> 2012 | U32: 6 | V32: 1 | W32: 1 | X32: =CONCATENATE("/*",C32,"*/ ",G32,H32,I32,J32,K32,L32,M32,N32," 1;") -> /*ELI-494*/ 00101000 1;
A33: Chowo | B33: Chowo U02 | C33: ELI-598 | D33: 0 | E33: 0 | F33: 0 | G33: 0 | H33: 0 | I33: 0 | J33: 0 | K33: 1 | L33: 0 | M33: 0 | N33: 0 | O33: 0 | P33: =VLOOKUP(C33,[1]allprides!$C$2:$X$170,14,FALSE) -> 1 | Q33: =VLOOKUP(C33,[1]allprides!$C$2:$X$170,15,FALSE) -> 0 | R33: 0 | S33: =VLOOKUP(C33,[1]allprides!$C$2:$X$170,17,FALSE) -> 1 | T33: 2013 | U33: 4 | V33: 0 | W33: 1 | X33: =CONCATENATE("/*",C33,"*/ ",G33,H33,I33,J33,K33,L33,M33,N33," 1;") -> /*ELI-598*/ 00001000 1;
A34: Chowo | B34: Chowo U03 | C34: ELI-599 | D34: 0 | E34: 0 | F34: 0 | G34: 0 | H34: 0 | I34: 0 | J34: 0 | K34: 1 | L34: 0 | M34: 0 | N34: 0 | O34: 0 | P34: =VLOOKUP(C34,[1]allprides!$C$2:$X$170,14,FALSE) -> 1 | Q34: =VLOOKUP(C34,[1]allprides!$C$2:$X$170,15,FALSE) -> 0 | R34: 0 | S34: =VLOOKUP(C34,[1]allprides!$C$2:$X$170,17,FALSE) -> 1 | T34: 2013 | U34: 4 | V34: 0 | W34: 1 | X34: =CONCATENATE("/*",C34,"*/ ",G34,H34,I34,J34,K34,L34,M34,N34," 1;") -> /*ELI-599*/ 00001000 1;
A35: Chichele | B35: Chichele F03 | C35: ELI-235 | D35: 0 | E35: 0 | F35: 0 | G35: 1 | H35: 0 | I35: 1 | J35: 1 | K35: 1 | L35: 1 | M35: 1 | N35: 1 | O35: 1 | P35: =VLOOKUP(C35,[1]allprides!$C$2:$X$170,14,FALSE) -> 1 | Q35: =VLOOKUP(C35,[1]allprides!$C$2:$X$170,15,FALSE) -> 0 | R35: =VLOOKUP(C35,[1]allprides!$C$2:$X$170,16,FALSE) -> 0 | S35: =VLOOKUP(C35,[1]allprides!$C$2:$X$170,17,FALSE) -> 1 | T35: =VLOOKUP(C35,[1]allprides!$C$2:$X$170,18,FALSE) -> 2008 | U35: =VLOOKUP(C35,[1]allprides!$C$2:$X$170,19,FALSE) -> 9 | V35: =VLOOKUP(C35,[1]allprides!$C$2:$X$170,20,FALSE) -> 2 | W35: 1 | X35: =CONCATENATE("/*",C35,"*/ ",G35,H35,I35,J35,K35,L35,M35,N35," 1;") -> /*ELI-235*/ 10111111 1;
A36: Chichele | B36: Chichele Cub1 | C36: ELI-604 | D36: 0 | E36: 0 | F36: 0 | G36: 1 | H36: 0 | I36: 1 | J36: 1 | K36: 1 | L36: 1 | M36: 0 | N36: 1 | O36: 1 | P36: =VLOOKUP(C36,[1]allprides!$C$2:$X$170,14,FALSE) -> 1 | Q36: =VLOOKUP(C36,[1]allprides!$C$2:$X$170,15,FALSE) -> 1 | R36: =VLOOKUP(C36,[1]allprides!$C$2:$X$170,16,FALSE) -> 0 | S36: =VLOOKUP(C36,[1]allprides!$C$2:$X$170,17,FALSE) -> 1 | T36: =VLOOKUP(C36,[1]allprides!$C$2:$X$170,18,FALSE) -> 2014 | U36: =VLOOKUP(C36,[1]allprides!$C$2:$X$170,19,FALSE) -> 4 | V36: =VLOOKUP(C36,[1]allprides!$C$2:$X$170,20,FALSE) -> 0 | W36: 1 | X36: =CONCATENATE("/*",C36,"*/ ",G36,H36,I36,J36,K36,L36,M36,N36," 1;") -> /*ELI-604*/ 10111101 1;
A37: Chichele | B37: Chichele Cub3 | C37: ELI-606 | D37: 0 | E37: 0 | F37: 0 | G37: 1 | H37: 0 | I37: 1 | J37: 1 | K37: 1 | L37: 1 | M37: 0 | N37: 1 | O37: 1 | P37: =VLOOKUP(C37,[1]allprides!$C$2:$X$170,14,FALSE) -> 1 | Q37: =VLOOKUP(C37,[1]allprides!$C$2:$X$170,15,FALSE) -> 0 | R37: =VLOOKUP(C37,[1]allprides!$C$2:$X$170,16,FALSE) -> 1 | S37: =VLOOKUP(C37,[1]allprides!$C$2:$X$170,17,FALSE) -> 1 | T37: =VLOOKUP(C37,[1]allprides!$C$2:$X$170,18,FALSE) -> 2014 | U37: =VLOOKUP(C37,[1]allprides!$C$2:$X$170,19,FALSE) -> 4 | V37: =VLOOKUP(C37,[1]allprides!$C$2:$X$170,20,FALSE) -> 0 | W37: 1 | X37: =CONCATENATE("/*",C37,"*/ ",G37,H37,I37,J37,K37,L37,M37,N37," 1;") -> /*ELI-606*/ 10111101 1;
A38: Chinzombo | B38: Chinzombo F01 | C38: ELI-143 | D38: 1 | E38: 0 | F38: 0 | G38: 0 | H38: 1 | I38: 1 | J38: 1 | K38: 1 | L38: 1 | M38: 1 | N38: 0 | O38: 0 | P38: =VLOOKUP(C38,[1]allprides!$C$2:$X$170,14,FALSE) -> 1 | Q38: =VLOOKUP(C38,[1]allprides!$C$2:$X$170,15,FALSE) -> 0 | R38: =VLOOKUP(C38,[1]allprides!$C$2:$X$170,16,FALSE) -> 0 | S38: =VLOOKUP(C38,[1]allprides!$C$2:$X$170,17,FALSE) -> 1 | T38: =VLOOKUP(C38,[1]allprides!$C$2:$X$170,18,FALSE) -> 2012 | U38: =VLOOKUP(C38,[1]allprides!$C$2:$X$170,19,FALSE) -> 4 | V38: =VLOOKUP(C38,[1]allprides!$C$2:$X$170,20,FALSE) -> 4 | W38: 1 | X38: =CONCATENATE("/*",C38,"*/ ",G38,H38,I38,J38,K38,L38,M38,N38," 1;") -> /*ELI-143*/ 01111110 1;
A39: Chinzombo | B39: Chinzombo F02 | C39: ELI-496 | D39: 0 | E39: 0 | F39: 0 | G39: 0 | H39: 1 | I39: 0 | J39: 1 | K39: 1 | L39: 0 | M39: 1 | N39: 0 | O39: 0 | P39: =VLOOKUP(C39,[1]allprides!$C$2:$X$170,14,FALSE) -> 1 | Q39: =VLOOKUP(C39,[1]allprides!$C$2:$X$170,15,FALSE) -> 0 | R39: =VLOOKUP(C39,[1]allprides!$C$2:$X$170,16,FALSE) -> 0 | S39: =VLOOKUP(C39,[1]allprides!$C$2:$X$170,17,FALSE) -> 1 | T39: =VLOOKUP(C39,[1]allprides!$C$2:$X$170,18,FALSE) -> 2014 | U39: =VLOOKUP(C39,[1]allprides!$C$2:$X$170,19,FALSE) -> 5 | V39: =VLOOKUP(C39,[1]allprides!$C$2:$X$170,20,FALSE) -> 2 | W39: 1 | X39: =CONCATENATE("/*",C39,"*/ ",G39,H39,I39,J39,K39,L39,M39,N39," 1;") -> /*ELI-496*/ 01011010 1;
A40: Chinzombo | B40: Chinzombo F03 | C40: ELI-703 | D40: 0 | E40: 0 | F40: 0 | G40: 0 | H40: 1 | I40: 0 | J40: 1 | K40: 1 | L40: 0 | M40: 1 | N40: 0 | O40: 0 | P40: =VLOOKUP(C40,[1]allprides!$C$2:$X$170,14,FALSE) -> 1 | Q40: =VLOOKUP(C40,[1]allprides!$C$2:$X$170,15,FALSE) -> 0 | R40: =VLOOKUP(C40,[1]allprides!$C$2:$X$170,16,FALSE) -> 0 | S40: =VLOOKUP(C40,[1]allprides!$C$2:$X$170,17,FALSE) -> 1 | T40: =VLOOKUP(C40,[1]allprides!$C$2:$X$170,18,FALSE) -> 2014 | U40: =VLOOKUP(C40,[1]allprides!$C$2:$X$170,19,FALSE) -> 5 | V40: =VLOOKUP(C40,[1]allprides!$C$2:$X$170,20,FALSE) -> 0 | W40: 1 | X40: =CONCATENATE("/*",C40,"*/ ",G40,H40,I40,J40,K40,L40,M40,N40," 1;") -> /*ELI-703*/ 01011010 1;
A41: Tena Tena | B41: Tena Tena F02 | C41: ELI-262 | D41: 0 | E41: 0 | F41: 0 | G41: 0 | H41: 0 | I41: 0 | J41: 1 | K41: 1 | L41: 0 | M41: 0 | N41: 0 | O41: 0 | P41: =VLOOKUP(C41,[1]allprides!$C$2:$X$170,14,FALSE) -> 1 | Q41: =VLOOKUP(C41,[1]allprides!$C$2:$X$170,15,FALSE) -> 0 | R41: =VLOOKUP(C41,[1]allprides!$C$2:$X$170,16,FALSE) -> 0 | S41: =VLOOKUP(C41,[1]allprides!$C$2:$X$170,17,FALSE) -> 1 | T41: =VLOOKUP(C41,[1]allprides!$C$2:$X$170,18,FALSE) -> 2008 | U41: =VLOOKUP(C41,[1]allprides!$C$2:$X$170,19,FALSE) -> 6 | V41: =VLOOKUP(C41,[1]allprides!$C$2:$X$170,20,FALSE) -> 2 | W41: 0 | X41: =CONCATENATE("/*",C41,"*/ ",G41,H41,I41,J41,K41,L41,M41,N41," 1;") -> /*ELI-262*/ 00011000 1;
A42: Tena Tena | B42: Tena Tena Cub 1 | C42: ELI-752 | D42: 0 | E42: 0 | F42: 0 | G42: 0 | H42: 0 | I42: 0 | J42: 1 | K42: 1 | L42: 0 | M42: 0 | N42: 0 | O42: 0 | P42: =VLOOKUP(C42,[1]allprides!$C$2:$X$170,14,FALSE) -> 1 | Q42: =VLOOKUP(C42,[1]allprides!$C$2:$X$170,15,FALSE) -> 1 | R42: =VLOOKUP(C42,[1]allprides!$C$2:$X$170,16,FALSE) -> 0 | S42: =VLOOKUP(C42,[1]allprides!$C$2:$X$170,17,FALSE) -> 1 | T42: =VLOOKUP(C42,[1]allprides!$C$2:$X$170,18,FALSE) -> 2014 | U42: =VLOOKUP(C42,[1]allprides!$C$2:$X$170,19,FALSE) -> 6 | V42: =VLOOKUP(C42,[1]allprides!$C$2:$X$170,20,FALSE) -> 0 | W42: 0 | X42: =CONCATENATE("/*",C42,"*/ ",G42,H42,I42,J42,K42,L42,M42,N42," 1;") -> /*ELI-752*/ 00011000 1;
A43: Tena Tena | B43: Tena Tena Cub 2 | C43: ELI-753 | D43: 0 | E43: 0 | F43: 0 | G43: 0 | H43: 0 | I43: 0 | J43: 1 | K43: 1 | L43: 0 | M43: 0 | N43: 0 | O43: 0 | P43: =VLOOKUP(C43,[1]allprides!$C$2:$X$170,14,FALSE) -> 1 | Q43: =VLOOKUP(C43,[1]allprides!$C$2:$X$170,15,FALSE) -> 0 | R43: =VLOOKUP(C43,[1]allprides!$C$2:$X$170,16,FALSE) -> 0 | S43: =VLOOKUP(C43,[1]allprides!$C$2:$X$170,17,FALSE) -> 1 | T43: =VLOOKUP(C43,[1]allprides!$C$2:$X$170,18,FALSE) -> 2014 | U43: =VLOOKUP(C43,[1]allprides!$C$2:$X$170,19,FALSE) -> 6 | V43: =VLOOKUP(C43,[1]allprides!$C$2:$X$170,20,FALSE) -> 0 | W43: 0 | X43: =CONCATENATE("/*",C43,"*/ ",G43,H43,I43,J43,K43,L43,M43,N43," 1;") -> /*ELI-753*/ 00011000 1;
A44: Tena Tena | C44: ELI-757 | D44: 0 | E44: 0 | F44: 0 | G44: 0 | H44: 0 | I44: 0 | J44: 0 | K44: 1 | L44: 0 | M44: 0 | N44: 0 | O44: 0 | P44: 0 | Q44: 0 | R44: 0 | S44: 1 | T44: =VLOOKUP(C44,[1]allprides!$C$2:$X$170,18,FALSE) -> 2014 | U44: 6 | V44: 0 | W44: 0
A45: Tena Tena | C45: ELI-260 | D45: 0 | E45: 0 | F45: 0 | G45: 0 | H45: 0 | I45: 0 | J45: 0 | K45: 1 | L45: 0 | M45: 0 | N45: 0 | O45: 0 | P45: 1 | Q45: 0 | R45: 0 | S45: 1 | T45: 2008 | U45: 6 | V45: 1 | W45: 0
A46: Nsefu | B46: Nsefu F01 | C46: ELI-173 | D46: 0 | E46: 0 | F46: 0 | G46: 0 | H46: 0 | I46: 0 | J46: 1 | K46: 0 | L46: 1 | M46: 0 | N46: 1 | O46: 0 | P46: =VLOOKUP(C46,[1]allprides!$C$2:$X$170,14,FALSE) -> 1 | Q46: =VLOOKUP(C46,[1]allprides!$C$2:$X$170,15,FALSE) -> 0 | R46: =VLOOKUP(C46,[1]allprides!$C$2:$X$170,16,FALSE) -> 0 | S46: =VLOOKUP(C46,[1]allprides!$C$2:$X$170,17,FALSE) -> 1 | T46: =VLOOKUP(C46,[1]allprides!$C$2:$X$170,18,FALSE) -> 2008 | U46: =VLOOKUP(C46,[1]allprides!$C$2:$X$170,19,FALSE) -> 8 | V46: =VLOOKUP(C46,[1]allprides!$C$2:$X$170,20,FALSE) -> 2 | W46: 1 | X46: =CONCATENATE("/*",C46,"*/ ",G46,H46,I46,J46,K46,L46,M46,N46," 1;") -> /*ELI-173*/ 00010101 1;
A47: Nsefu | B47: Nsefu F02 | C47: ELI-174 | D47: 0 | E47: 0 | F47: 0 | G47: 0 | H47: 0 | I47: 0 | J47: 0 | K47: 0 | L47: 0 | M47: 0 | N47: 0 | O47: 0 | P47: =VLOOKUP(C47,[1]allprides!$C$2:$X$170,14,FALSE) -> 1 | Q47: =VLOOKUP(C47,[1]allprides!$C$2:$X$170,15,FALSE) -> 0 | R47: =VLOOKUP(C47,[1]allprides!$C$2:$X$170,16,FALSE) -> 0 | S47: =VLOOKUP(C47,[1]allprides!$C$2:$X$170,17,FALSE) -> 1 | T47: =VLOOKUP(C47,[1]allprides!$C$2:$X$170,18,FALSE) -> 2008 | U47: =VLOOKUP(C47,[1]allprides!$C$2:$X$170,19,FALSE) -> 8 | V47: =VLOOKUP(C47,[1]allprides!$C$2:$X$170,20,FALSE) -> 6 | W47: 1 | X47: =CONCATENATE("/*",C47,"*/ ",G47,H47,I47,J47,K47,L47,M47,N47," 1;") -> /*ELI-174*/ 00000000 1;
A48: Nsefu | B48: Nsefu F03 | C48: ELI-247 | D48: 0 | E48: 0 | F48: 0 | G48: 0 | H48: 0 | I48: 0 | J48: 1 | K48: 0 | L48: 1 | M48: 0 | N48: 1 | O48: 0 | P48: =VLOOKUP(C48,[1]allprides!$C$2:$X$170,14,FALSE) -> 1 | Q48: =VLOOKUP(C48,[1]allprides!$C$2:$X$170,15,FALSE) -> 0 | R48: =VLOOKUP(C48,[1]allprides!$C$2:$X$170,16,FALSE) -> 0 | S48: =VLOOKUP(C48,[1]allprides!$C$2:$X$170,17,FALSE) -> 1 | T48: =VLOOKUP(C48,[1]allprides!$C$2:$X$170,18,FALSE) -> 2009 | U48: =VLOOKUP(C48,[1]allprides!$C$2:$X$170,19,FALSE) -> 8 | V48: =VLOOKUP(C48,[1]allprides!$C$2:$X$170,20,FALSE) -> 3 | W48: 1 | X48: =CONCATENATE("/*",C48,"*/ ",G48,H48,I48,J48,K48,L48,M48,N48," 1;") -> /*ELI-247*/ 00010101 1;
A49: Nsefu | B49: Nsefu F04 | C49: ELI-248 | D49: 0 | E49: 0 | F49: 1 | G49: 1 | H49: 0 | I49: 1 | J49: 1 | K49: 0 | L49: 1 | M49: 1 | N49: 1 | O49: 0 | P49: =VLOOKUP(C49,[1]allprides!$C$2:$X$170,14,FALSE) -> 1 | Q49: =VLOOKUP(C49,[1]allprides!$C$2:$X$170,15,FALSE) -> 0 | R49: =VLOOKUP(C49,[1]allprides!$C$2:$X$170,16,FALSE) -> 0 | S49: =VLOOKUP(C49,[1]allprides!$C$2:$X$170,17,FALSE) -> 1 | T49: =VLOOKUP(C49,[1]allprides!$C$2:$X$170,18,FALSE) -> 2009 | U49: =VLOOKUP(C49,[1]allprides!$C$2:$X$170,19,FALSE) -> 11 | V49: =VLOOKUP(C49,[1]allprides!$C$2:$X$170,20,FALSE) -> 3 | W49: 1 | X49: =CONCATENATE("/*",C49,"*/ ",G49,H49,I49,J49,K49,L49,M49,N49," 1;") -> /*ELI-248*/ 10110111 1;
A50: Nsefu | B50: Nsefu F06 | C50: ELI-250 | D50: 0 | E50: 0 | F50: 0 | G50: 0 | H50: 0 | I50: 0 | J50: 0 | K50: 1 | L50: 1 | M50: 1 | N50: 1 | O50: 0 | P50: =VLOOKUP(C50,[1]allprides!$C$2:$X$170,14,FALSE) -> 1 | Q50: =VLOOKUP(C50,[1]allprides!$C$2:$X$170,15,FALSE) -> 0 | R50: =VLOOKUP(C50,[1]allprides!$C$2:$X$170,16,FALSE) -> 0 | S50: =VLOOKUP(C50,[1]allprides!$C$2:$X$170,17,FALSE) -> 1 | T50: =VLOOKUP(C50,[1]allprides!$C$2:$X$170,18,FALSE) -> 2009 | U50: =VLOOKUP(C50,[1]allprides!$C$2:$X$170,19,FALSE) -> 7 | V50: =VLOOKUP(C50,[1]allprides!$C$2:$X$170,20,FALSE) -> 6 | W50: 1 | X50: =CONCATENATE("/*",C50,"*/ ",G50,H50,I50,J50,K50,L50,M50,N50," 1;") -> /*ELI-250*/ 00001111 1;
A51: Nsefu | B51: Nsefu F07 | C51: ELI-462 | D51: 0 | E51: 0 | F51: 0 | G51: 0 | H51: 0 | I51: 1 | J51: 1 | K51: 0 | L51: 1 | M51: 1 | N51: 1 | O51: 0 | P51: =VLOOKUP(C51,[1]allprides!$C$2:$X$170,14,FALSE) -> 1 | Q51: =VLOOKUP(C51,[1]allprides!$C$2:$X$170,15,FALSE) -> 0 | R51: =VLOOKUP(C51,[1]allprides!$C$2:$X$170,16,FALSE) -> 0 | S51: =VLOOKUP(C51,[1]allprides!$C$2:$X$170,17,FALSE) -> 1 | T51: =VLOOKUP(C51,[1]allprides!$C$2:$X$170,18,FALSE) -> 2011 | U51: =VLOOKUP(C51,[1]allprides!$C$2:$X$170,19,FALSE) -> 10 | V51: =VLOOKUP(C51,[1]allprides!$C$2:$X$170,20,FALSE) -> 7 | W51: 1 | X51: =CONCATENATE("/*",C51,"*/ ",G51,H51,I51,J51,K51,L51,M51,N51," 1;") -> /*ELI-462*/ 00110111 1;
A52: Nsefu | B52: Nsefu F11 | C52: ELI-378 | D52: 0 | E52: 0 | F52: 0 | G52: 0 | H52: 0 | I52: 0 | J52: 1 | K52: 1 | L52: 1 | M52: 0 | N52: 0 | O52: 0 | P52: =VLOOKUP(C52,[1]allprides!$C$2:$X$170,14,FALSE) -> 1 | Q52: =VLOOKUP(C52,[1]allprides!$C$2:$X$170,15,FALSE) -> 0 | R52: =VLOOKUP(C52,[1]allprides!$C$2:$X$170,16,FALSE) -> 0 | S52: =VLOOKUP(C52,[1]allprides!$C$2:$X$170,17,FALSE) -> 1 | T52: =VLOOKUP(C52,[1]allprides!$C$2:$X$170,18,FALSE) -> 2010 | U52: =VLOOKUP(C52,[1]allprides!$C$2:$X$170,19,FALSE) -> 10 | V52: =VLOOKUP(C52,[1]allprides!$C$2:$X$170,20,FALSE) -> 0 | W52: 1 | X52: =CONCATENATE("/*",C52,"*/ ",G52,H52,I52,J52,K52,L52,M52,N52," 1;") -> /*ELI-378*/ 00011100 1;
A53: Nsefu | B53: Nsefu F12 | C53: ELI-463 | D53: 0 | E53: 0 | F53: 0 | G53: 0 | H53: 0 | I53: 1 | J53: 1 | K53: 0 | L53: 1 | M53: 1 | N53: 1 | O53: 0 | P53: =VLOOKUP(C53,[1]allprides!$C$2:$X$170,14,FALSE) -> 1 | Q53: =VLOOKUP(C53,[1]allprides!$C$2:$X$170,15,FALSE) -> 0 | R53: =VLOOKUP(C53,[1]allprides!$C$2:$X$170,16,FALSE) -> 0 | S53: =VLOOKUP(C53,[1]allprides!$C$2:$X$170,17,FALSE) -> 1 | T53: =VLOOKUP(C53,[1]allprides!$C$2:$X$170,18,FALSE) -> 2012 | U53: =VLOOKUP(C53,[1]allprides!$C$2:$X$170,19,FALSE) -> 9 | V53: =VLOOKUP(C53,[1]allprides!$C$2:$X$170,20,FALSE) -> 0 | W53: 1 | X53: =CONCATENATE("/*",C53,"*/ ",G53,H53,I53,J53,K53,L53,M53,N53," 1;") -> /*ELI-463*/ 00110111 1;
A54: Nsefu | B54: Nsefu 2013 Cub | C54: ELI-589 | D54: 0 | E54: 0 | F54: 0 | G54: 0 | H54: 0 | I54: 0 | J54: 1 | K54: 0 | L54: 1 | M54: 0 | N54: 1 | O54: 0 | P54: =VLOOKUP(C54,[1]allprides!$C$2:$X$170,14,FALSE) -> 1 | Q54: =VLOOKUP(C54,[1]allprides!$C$2:$X$170,15,FALSE) -> 0 | R54: =VLOOKUP(C54,[1]allprides!$C$2:$X$170,16,FALSE) -> 0 | S54: =VLOOKUP(C54,[1]allprides!$C$2:$X$170,17,FALSE) -> 1 | T54: =VLOOKUP(C54,[1]allprides!$C$2:$X$170,18,FALSE) -> 2013 | U54: =VLOOKUP(C54,[1]allprides!$C$2:$X$170,19,FALSE) -> 5 | V54: =VLOOKUP(C54,[1]allprides!$C$2:$X$170,20,FALSE) -> 0 | W54: 1 | X54: =CONCATENATE("/*",C54,"*/ ",G54,H54,I54,J54,K54,L54,M54,N54," 1;") -> /*ELI-589*/ 00010101 1;
A55: Nsefu | B55: Nsefu 2014 Cub1 | C55: ELI-713 | D55: 0 | E55: 0 | F55: 0 | G55: 0 | H55: 0 | I55: 0 | J55: 1 | K55: 0 | L55: 1 | M55: 0 | N55: 1 | O55: 0 | P55: =VLOOKUP(C55,[1]allprides!$C$2:$X$170,14,FALSE) -> 1 | Q55: =VLOOKUP(C55,[1]allprides!$C$2:$X$170,15,FALSE) -> 1 | R55: =VLOOKUP(C55,[1]allprides!$C$2:$X$170,16,FALSE) -> 0 | S55: =VLOOKUP(C55,[1]allprides!$C$2:$X$170,17,FALSE) -> 1 | T55: =VLOOKUP(C55,[1]allprides!$C$2:$X$170,18,FALSE) -> 2014 | U55: =VLOOKUP(C55,[1]allprides!$C$2:$X$170,19,FALSE) -> 7 | V55: =VLOOKUP(C55,[1]allprides!$C$2:$X$170,20,FALSE) -> 0 | W55: 1 | X55: =CONCATENATE("/*",C55,"*/ ",G55,H55,I55,J55,K55,L55,M55,N55," 1;") -> /*ELI-713*/ 00010101 1;
A56: Nsefu | B56: Nsefu 2014 Cub2 | C56: ELI-714 | D56: 0 | E56: 0 | F56: 0 | G56: 0 | H56: 0 | I56: 0 | J56: 1 | K56: 0 | L56: 1 | M56: 0 | N56: 1 | O56: 0 | P56: =VLOOKUP(C56,[1]allprides!$C$2:$X$170,14,FALSE) -> 1 | Q56: =VLOOKUP(C56,[1]allprides!$C$2:$X$170,15,FALSE) -> 0 | R56: =VLOOKUP(C56,[1]allprides!$C$2:$X$170,16,FALSE) -> 0 | S56: =VLOOKUP(C56,[1]allprides!$C$2:$X$170,17,FALSE) -> 1 | T56: =VLOOKUP(C56,[1]allprides!$C$2:$X$170,18,FALSE) -> 2014 | U56: =VLOOKUP(C56,[1]allprides!$C$2:$X$170,19,FALSE) -> 7 | V56: =VLOOKUP(C56,[1]allprides!$C$2:$X$170,20,FALSE) -> 0 | W56: 1 | X56: =CONCATENATE("/*",C56,"*/ ",G56,H56,I56,J56,K56,L56,M56,N56," 1;") -> /*ELI-714*/ 00010101 1;
A57: Nsefu | B57: Nsefu 2014 Cub3 | C57: ELI-715 | D57: 0 | E57: 0 | F57: 0 | G57: 0 | H57: 0 | I57: 1 | J57: 0 | K57: 0 | L57: 0 | M57: 0 | N57: 1 | O57: 0 | P57: 1 | Q57: 0 | R57: 0 | S57: 1 | T57: =VLOOKUP(C57,[1]allprides!$C$2:$X$170,18,FALSE) -> 2014 | U57: 7 | V57: 0 | X57: =CONCATENATE("/*",C57,"*/ ",G57,H57,I57,J57,K57,L57,M57,N57," 1;") -> /*ELI-715*/ 00100001 1;
A58: Nsefu | B58: Nsefu 2014 Cub4 | C58: ELI-716 | D58: 0 | E58: 0 | F58: 0 | G58: 0 | H58: 0 | I58: 0 | J58: 1 | K58: 0 | L58: 1 | M58: 0 | N58: 1 | O58: 0 | P58: =VLOOKUP(C58,[1]allprides!$C$2:$X$170,14,FALSE) -> 1 | Q58: =VLOOKUP(C58,[1]allprides!$C$2:$X$170,15,FALSE) -> 1 | R58: =VLOOKUP(C58,[1]allprides!$C$2:$X$170,16,FALSE) -> 0 | S58: =VLOOKUP(C58,[1]allprides!$C$2:$X$170,17,FALSE) -> 1 | T58: =VLOOKUP(C58,[1]allprides!$C$2:$X$170,18,FALSE) -> 2014 | U58: =VLOOKUP(C58,[1]allprides!$C$2:$X$170,19,FALSE) -> 7 | V58: =VLOOKUP(C58,[1]allprides!$C$2:$X$170,20,FALSE) -> 0 | W58: 1 | X58: =CONCATENATE("/*",C58,"*/ ",G58,H58,I58,J58,K58,L58,M58,N58," 1;") -> /*ELI-716*/ 00010101 1;
A59: Nsefu | B59: Nsefu 2014 Cub5 | C59: ELI-717 | D59: 0 | E59: 0 | F59: 0 | G59: 0 | H59: 0 | I59: 0 | J59: 1 | K59: 0 | L59: 1 | M59: 0 | N59: 0 | O59: 0 | P59: =VLOOKUP(C59,[1]allprides!$C$2:$X$170,14,FALSE) -> 1 | Q59: =VLOOKUP(C59,[1]allprides!$C$2:$X$170,15,FALSE) -> 1 | R59: =VLOOKUP(C59,[1]allprides!$C$2:$X$170,16,FALSE) -> 0 | S59: =VLOOKUP(C59,[1]allprides!$C$2:$X$170,17,FALSE) -> 1 | T59: =VLOOKUP(C59,[1]allprides!$C$2:$X$170,18,FALSE) -> 2014 | U59: =VLOOKUP(C59,[1]allprides!$C$2:$X$170,19,FALSE) -> 7 | V59: =VLOOKUP(C59,[1]allprides!$C$2:$X$170,20,FALSE) -> 0 | W59: 1 | X59: =CONCATENATE("/*",C59,"*/ ",G59,H59,I59,J59,K59,L59,M59,N59," 1;") -> /*ELI-717*/ 00010100 1;
A60: Nsefu | B60: Nsefu 2014 Cub6 | C60: ELI-718 | D60: 0 | E60: 0 | F60: 0 | G60: 0 | H60: 0 | I60: 0 | J60: 1 | K60: 0 | L60: 1 | M60: 0 | N60: 1 | O60: 0 | P60: =VLOOKUP(C60,[1]allprides!$C$2:$X$170,14,FALSE) -> 1 | Q60: =VLOOKUP(C60,[1]allprides!$C$2:$X$170,15,FALSE) -> 1 | R60: =VLOOKUP(C60,[1]allprides!$C$2:$X$170,16,FALSE) -> 0 | S60: =VLOOKUP(C60,[1]allprides!$C$2:$X$170,17,FALSE) -> 1 | T60: =VLOOKUP(C60,[1]allprides!$C$2:$X$170,18,FALSE) -> 2014 | U60: =VLOOKUP(C60,[1]allprides!$C$2:$X$170,19,FALSE) -> 7 | V60: =VLOOKUP(C60,[1]allprides!$C$2:$X$170,20,FALSE) -> 0 | W60: 1 | X60: =CONCATENATE("/*",C60,"*/ ",G60,H60,I60,J60,K60,L60,M60,N60," 1;") -> /*ELI-718*/ 00010101 1;
A61: Nsefu | B61: Nsefu 2014 Cub7 | C61: ELI-719 | D61: 0 | E61: 0 | F61: 0 | G61: 0 | H61: 0 | I61: 0 | J61: 1 | K61: 0 | L61: 1 | M61: 0 | N61: 1 | O61: 0 | P61: =VLOOKUP(C61,[1]allprides!$C$2:$X$170,14,FALSE) -> 1 | Q61: =VLOOKUP(C61,[1]allprides!$C$2:$X$170,15,FALSE) -> 1 | R61: =VLOOKUP(C61,[1]allprides!$C$2:$X$170,16,FALSE) -> 0 | S61: =VLOOKUP(C61,[1]allprides!$C$2:$X$170,17,FALSE) -> 1 | T61: =VLOOKUP(C61,[1]allprides!$C$2:$X$170,18,FALSE) -> 2014 | U61: =VLOOKUP(C61,[1]allprides!$C$2:$X$170,19,FALSE) -> 7 | V61: =VLOOKUP(C61,[1]allprides!$C$2:$X$170,20,FALSE) -> 0 | W61: 1 | X61: =CONCATENATE("/*",C61,"*/ ",G61,H61,I61,J61,K61,L61,M61,N61," 1;") -> /*ELI-719*/ 00010101 1;
A62: Nsefu | B62: Nsefu 2015 Cub1 | C62: ELI-823 | D62: 0 | E62: 0 | F62: 0 | G62: 0 | H62: 0 | I62: 0 | J62: 0 | K62: 1 | L62: 0 | M62: 0 | N62: 0 | O62: 0 | P62: 0 | Q62: NA | R62: 1 | S62: 1 | T62: 2015 | U62: 8 | V62: 0 | W62: 1 | X62: =CONCATENATE("/*",C62,"*/ ",G62,H62,I62,J62,K62,L62,M62,N62," 1;") -> /*ELI-823*/ 00001000 1;
A63: Nsefu | B63: Nsefu 2015 Cub2 | C63: ELI-824 | D63: 0 | E63: 0 | F63: 0 | G63: 0 | H63: 0 | I63: 0 | J63: 0 | K63: 1 | L63: 0 | M63: 0 | N63: 0 | O63: 0 | P63: 0 | Q63: NA | R63: 1 | S63: 1 | T63: 2015 | U63: 8 | V63: 0 | W63: 1 | X63: =CONCATENATE("/*",C63,"*/ ",G63,H63,I63,J63,K63,L63,M63,N63," 1;") -> /*ELI-824*/ 00001000 1;
A64: Nsefu | B64: Nsefu 2015 Cub3 | C64: ELI-825 | D64: 0 | E64: 0 | F64: 0 | G64: 0 | H64: 0 | I64: 0 | J64: 0 | K64: 1 | L64: 0 | M64: 0 | N64: 0 | O64: 0 | P64: 0 | Q64: NA | R64: 1 | S64: 1 | T64: 2015 | U64: 8 | V64: 0 | W64: 1 | X64: =CONCATENATE("/*",C64,"*/ ",G64,H64,I64,J64,K64,L64,M64,N64," 1;") -> /*ELI-825*/ 00001000 1;
A65: Nsefu | B65: Nsefu 2015 Cub4 | C65: ELI-826 | D65: 0 | E65: 0 | F65: 0 | G65: 0 | H65: 0 | I65: 0 | J65: 0 | K65: 0 | L65: 1 | M65: 0 | N65: 0 | O65: 0 | P65: 0 | Q65: NA | R65: 1 | S65: 1 | T65: 2015 | U65: 9 | V65: 0 | W65: 1 | X65: =CONCATENATE("/*",C65,"*/ ",G65,H65,I65,J65,K65,L65,M65,N65," 1;") -> /*ELI-826*/ 00000100 1;
A66: Nsefu | B66: Nsefu 2015 Cub5 | C66: ELI-827 | D66: 0 | E66: 0 | F66: 0 | G66: 0 | H66: 0 | I66: 0 | J66: 0 | K66: 0 | L66: 1 | M66: 1 | N66: 1 | O66: 0 | P66: 1 | Q66: 1 | R66: 0 | S66: 1 | T66: 2015 | U66: 9 | V66: 0 | W66: 1 | X66: =CONCATENATE("/*",C66,"*/ ",G66,H66,I66,J66,K66,L66,M66,N66," 1;") -> /*ELI-827*/ 00000111 1;
A67: Nsefu | B67: Nsefu 2015 Cub6 | C67: ELI-828 | D67: 0 | E67: 0 | F67: 0 | G67: 0 | H67: 0 | I67: 0 | J67: 0 | K67: 0 | L67: 1 | M67: 1 | N67: 1 | O67: 0 | P67: 1 | Q67: 1 | R67: 0 | S67: 1 | T67: 2015 | U67: 9 | V67: 0 | W67: 1 | X67: =CONCATENATE("/*",C67,"*/ ",G67,H67,I67,J67,K67,L67,M67,N67," 1;") -> /*ELI-828*/ 00000111 1;
A68: Nsefu | B68: Nsefu 2015 Cub7 | C68: ELI-829 | D68: 0 | E68: 0 | F68: 0 | G68: 0 | H68: 0 | I68: 0 | J68: 0 | K68: 0 | L68: 1 | M68: 1 | N68: 1 | O68: 0 | P68: 0 | Q68: NA | R68: 0 | S68: 1 | T68: 2015 | U68: 9 | V68: 0 | W68: 1 | X68: =CONCATENATE("/*",C68,"*/ ",G68,H68,I68,J68,K68,L68,M68,N68," 1;") -> /*ELI-829*/ 00000111 1;
A69: Nsefu | B69: Nsefu 2015 Cub8 | C69: ELI-830 | D69: 0 | E69: 0 | F69: 0 | G69: 0 | H69: 0 | I69: 0 | J69: 0 | K69: 0 | L69: 1 | M69: 1 | N69: 1 | O69: 0 | P69: 1 | Q69: 0 | R69: 0 | S69: 1 | T69: 2015 | U69: 9 | V69: 0 | W69: 1 | X69: =CONCATENATE("/*",C69,"*/ ",G69,H69,I69,J69,K69,L69,M69,N69," 1;") -> /*ELI-830*/ 00000111 1;
A70: Nsefu | B70: Nsefu 2015 Cub9 | C70: ELI-831 | D70: 0 | E70: 0 | F70: 0 | G70: 0 | H70: 0 | I70: 0 | J70: 0 | K70: 0 | L70: 1 | M70: 1 | N70: 1 | O70: 0 | P70: 1 | Q70: 1 | R70: 0 | S70: 1 | T70: 2015 | U70: 9 | V70: 0 | W70: 1 | X70: =CONCATENATE("/*",C70,"*/ ",G70,H70,I70,J70,K70,L70,M70,N70," 1;") -> /*ELI-831*/ 00000111 1;
A71: Hot Springs | B71: Hot Springs F01 | C71: ELI-258 | D71: 0 | E71: 0 | F71: 0 | G71: 0 | H71: 0 | I71: 1 | J71: 1 | K71: 0 | L71: 1 | M71: 1 | N71: 0 | O71: 0 | P71: =VLOOKUP(C71,[1]allprides!$C$2:$X$170,14,FALSE) -> 1 | Q71: =VLOOKUP(C71,[1]allprides!$C$2:$X$170,15,FALSE) -> 0 | R71: =VLOOKUP(C71,[1]allprides!$C$2:$X$170,16,FALSE) -> 0 | S71: =VLOOKUP(C71,[1]allprides!$C$2:$X$170,17,FALSE) -> 1 | T71: =VLOOKUP(C71,[1]allprides!$C$2:$X$170,18,FALSE) -> 2009 | U71: =VLOOKUP(C71,[1]allprides!$C$2:$X$170,19,FALSE) -> 8 | V71: =VLOOKUP(C71,[1]allprides!$C$2:$X$170,20,FALSE) -> 2 | W71: 1 | X71: =CONCATENATE("/*",C71,"*/ ",G71,H71,I71,J71,K71,L71,M71,N71," 1;") -> /*ELI-258*/ 00110110 1;
A72: Hot Springs | B72: Hot Springs F02 | C72: ELI-256 | D72: 1 | E72: 0 | F72: 0 | G72: 0 | H72: 0 | I72: 1 | J72: 1 | K72: 0 | L72: 1 | M72: 1 | N72: 0 | O72: 0 | P72: =VLOOKUP(C72,[1]allprides!$C$2:$X$170,14,FALSE) -> 1 | Q72: =VLOOKUP(C72,[1]allprides!$C$2:$X$170,15,FALSE) -> 0 | R72: =VLOOKUP(C72,[1]allprides!$C$2:$X$170,16,FALSE) -> 0 | S72: =VLOOKUP(C72,[1]allprides!$C$2:$X$170,17,FALSE) -> 1 | T72: =VLOOKUP(C72,[1]allprides!$C$2:$X$170,18,FALSE) -> 2009 | U72: =VLOOKUP(C72,[1]allprides!$C$2:$X$170,19,FALSE) -> 8 | V72: =VLOOKUP(C72,[1]allprides!$C$2:$X$170,20,FALSE) -> 2 | W72: 1 | X72: =CONCATENATE("/*",C72,"*/ ",G72,H72,I72,J72,K72,L72,M72,N72," 1;") -> /*ELI-256*/ 00110110 1;
A73: Hot Springs | B73: Hot Springs M02 | C73: ELI-609 | D73: 0 | E73: 0 | F73: 0 | G73: 0 | H73: 0 | I73: 1 | J73: 0 | K73: 0 | L73: 1 | M73: 0 | N73: 0 | O73: 0 | P73: 1 | Q73: 1 | R73: 0 | S73: 1 | T73: 2013 | U73: 7 | V73: 0 | W73: 1 | X73: =CONCATENATE("/*",C73,"*/ ",G73,H73,I73,J73,K73,L73,M73,N73," 1;") -> /*ELI-609*/ 00100100 1;
A74: Hot Springs | B74: Hot Springs M03 | C74: ELI-611 | D74: 0 | E74: 0 | F74: 0 | G74: 0 | H74: 0 | I74: 1 | J74: 0 | K74: 0 | L74: 1 | M74: 0 | N74: 0 | O74: 0 | P74: 1 | Q74: 1 | R74: 0 | S74: 1 | T74: 2013 | U74: 7 | V74: 0 | W74: 1 | X74: =CONCATENATE("/*",C74,"*/ ",G74,H74,I74,J74,K74,L74,M74,N74," 1;") -> /*ELI-611*/ 00100100 1;
A75: Kapamba | B75: New Kapamba F03 | C75: ELI-480 | D75: 0 | E75: 1 | F75: 0 | G75: 0 | H75: 0 | I75: 0 | J75: 1 | K75: 1 | L75: 1 | M75: 0 | N75: 0 | O75: 0 | P75: =VLOOKUP(C75,[1]allprides!$C$2:$X$170,14,FALSE) -> 1 | Q75: =VLOOKUP(C75,[1]allprides!$C$2:$X$170,15,FALSE) -> 0 | R75: =VLOOKUP(C75,[1]allprides!$C$2:$X$170,16,FALSE) -> 0 | S75: =VLOOKUP(C75,[1]allprides!$C$2:$X$170,17,FALSE) -> 1 | T75: =VLOOKUP(C75,[1]allprides!$C$2:$X$170,18,FALSE) -> 2012 | U75: =VLOOKUP(C75,[1]allprides!$C$2:$X$170,19,FALSE) -> 11 | V75: =VLOOKUP(C75,[1]allprides!$C$2:$X$170,20,FALSE) -> 3 | W75: 1 | X75: =CONCATENATE("/*",C75,"*/ ",G75,H75,I75,J75,K75,L75,M75,N75," 1;") -> /*ELI-480*/ 00011100 1;
A76: Kapamba 2 | B76: Kapamba 2 F01 | C76: ELI-470 | D76: 0 | E76: 0 | F76: 0 | G76: 0 | H76: 0 | I76: 0 | J76: 0 | K76: 0 | L76: 0 | M76: 0 | N76: 1 | O76: 0 | P76: =VLOOKUP(C76,[1]allprides!$C$2:$X$170,14,FALSE) -> 1 | Q76: =VLOOKUP(C76,[1]allprides!$C$2:$X$170,15,FALSE) -> 0 | R76: =VLOOKUP(C76,[1]allprides!$C$2:$X$170,16,FALSE) -> 0 | S76: =VLOOKUP(C76,[1]allprides!$C$2:$X$170,17,FALSE) -> 1 | T76: =VLOOKUP(C76,[1]allprides!$C$2:$X$170,18,FALSE) -> 2011 | U76: =VLOOKUP(C76,[1]allprides!$C$2:$X$170,19,FALSE) -> 8 | V76: =VLOOKUP(C76,[1]allprides!$C$2:$X$170,20,FALSE) -> 4 | W76: 1 | X76: =CONCATENATE("/*",C76,"*/ ",G76,H76,I76,J76,K76,L76,M76,N76," 1;") -> /*ELI-470*/ 00000001 1;
A77: Kapamba 2 | B77: Kapamba 2 F02 | C77: ELI-473 | D77: 0 | E77: 0 | F77: 0 | G77: 0 | H77: 0 | I77: 0 | J77: 0 | K77: 0 | L77: 0 | M77: 0 | N77: 1 | O77: 0 | P77: 1 | Q77: 0 | R77: 0 | S77: 1 | T77: 2011 | U77: 8 | V77: 4 | W77: 1 | X77: =CONCATENATE("/*",C77,"*/ ",G77,H77,I77,J77,K77,L77,M77,N77," 1;") -> /*ELI-473*/ 00000001 1;
A78: Kapamba 2 | B78: Kapamba 2 F03 | C78: ELI-472 | D78: 0 | E78: 0 | F78: 0 | G78: 0 | H78: 0 | I78: 0 | J78: 0 | K78: 0 | L78: 0 | M78: 0 | N78: 1 | O78: 0 | P78: 1 | Q78: 0 | R78: 0 | S78: 1 | T78: 2011 | U78: 8 | V78: 4 | W78: 1 | X78: =CONCATENATE("/*",C78,"*/ ",G78,H78,I78,J78,K78,L78,M78,N78," 1;") -> /*ELI-472*/ 00000001 1;
A79: Kapamba | B79: New Kapamba F03 | C79: ELI-481 | D79: 0 | E79: 0 | F79: 0 | G79: 0 | H79: 0 | I79: 0 | J79: 1 | K79: 1 | L79: 0 | M79: 0 | N79: 0 | O79: 0 | P79: =VLOOKUP(C79,[1]allprides!$C$2:$X$170,14,FALSE) -> 1 | Q79: 0 | R79: 0 | S79: 1 | T79: =VLOOKUP(C79,[1]allprides!$C$2:$X$170,18,FALSE) -> 2012 | U79: =VLOOKUP(C79,[1]allprides!$C$2:$X$170,19,FALSE) -> 11 | V79: =VLOOKUP(C79,[1]allprides!$C$2:$X$170,20,FALSE) -> 3 | W79: 1 | X79: =CONCATENATE("/*",C79,"*/ ",G79,H79,I79,J79,K79,L79,M79,N79," 1;") -> /*ELI-481*/ 00011000 1;
A80: Kauluzi | B80: Kauluzi F01 | C80: ELI-879 | D80: 0 | E80: 0 | F80: 0 | G80: 0 | H80: 0 | I80: 0 | J80: 0 | K80: 0 | L80: 0 | M80: 1 | N80: 1 | O80: 0 | P80: 1 | Q80: 0 | R80: 0 | S80: 1 | T80: 2015 | U80: 10 | V80: 6 | W80: 1 | X80: =CONCATENATE("/*",C80,"*/ ",G80,H80,I80,J80,K80,L80,M80,N80," 1;") -> /*ELI-879*/ 00000011 1;
A81: Kauluzi | B81: Kauluzi F02 | C81: ELI-880 | D81: 0 | E81: 0 | F81: 0 | G81: 0 | H81: 0 | I81: 0 | J81: 0 | K81: 0 | L81: 0 | M81: 1 | N81: 1 | O81: 0 | P81: 1 | Q81: 0 | R81: 0 | S81: 1 | T81: 2015 | U81: 10 | V81: 13 | W81: 1 | X81: =CONCATENATE("/*",C81,"*/ ",G81,H81,I81,J81,K81,L81,M81,N81," 1;") -> /*ELI-880*/ 00000011 1;
A82: Kauluzi | B82: Kauluzi F03 | C82: ELI-881 | D82: 0 | E82: 0 | F82: 0 | G82: 0 | H82: 0 | I82: 0 | J82: 0 | K82: 0 | L82: 0 | M82: 1 | N82: 1 | O82: 0 | P82: 1 | Q82: 0 | R82: 0 | S82: 1 | T82: 2015 | U82: 10 | V82: 9 | W82: 1 | X82: =CONCATENATE("/*",C82,"*/ ",G82,H82,I82,J82,K82,L82,M82,N82," 1;") -> /*ELI-881*/ 00000011 1;
A83: Kauluzi | B83: Kauluzi Cub1 | C83: ELI-882 | D83: 0 | E83: 0 | F83: 0 | G83: 0 | H83: 0 | I83: 0 | J83: 0 | K83: 0 | L83: 0 | M83: 1 | N83: 1 | O83: 0 | P83: 1 | Q83: 0 | R83: 0 | S83: 1 | T83: 2015 | U83: 10 | V83: 2 | W83: 1 | X83: =CONCATENATE("/*",C83,"*/ ",G83,H83,I83,J83,K83,L83,M83,N83," 1;") -> /*ELI-882*/ 00000011 1;
A84: Chamilandu | B84: 2011 Cub U01 | C84: ELI-438 | D84: 0 | E84: 0 | F84: 0 | G84: 0 | H84: 0 | I84: 0 | J84: 1 | K84: 0 | L84: 0 | M84: 0 | N84: 0 | O84: 0 | P84: 1 | Q84: 1 | R84: =VLOOKUP(C84,[1]allprides!$C$2:$X$170,16,FALSE) -> 0 | S84: =VLOOKUP(C84,[1]allprides!$C$2:$X$170,17,FALSE) -> 1 | T84: =VLOOKUP(C84,[1]allprides!$C$2:$X$170,18,FALSE) -> 2011 | U84: =VLOOKUP(C84,[1]allprides!$C$2:$X$170,19,FALSE) -> 9 | V84: =VLOOKUP(C84,[1]allprides!$C$2:$X$170,20,FALSE) -> 0 | W84: 1 | X84: =CONCATENATE("/*",C84,"*/ ",G84,H84,I84,J84,K84,L84,M84,N84," 1;") -> /*ELI-438*/ 00010000 1;
A85: Chamilandu | B85: 2011 Cub U02 | C85: ELI-441 | D85: 0 | E85: 0 | F85: 0 | G85: 0 | H85: 0 | I85: 0 | J85: 1 | K85: 0 | L85: 1 | M85: 0 | N85: 0 | O85: 0 | P85: 1 | Q85: 1 | R85: 0 | S85: 1 | T85: 2011 | U85: 9 | V85: 0 | W85: 1 | X85: =CONCATENATE("/*",C85,"*/ ",G85,H85,I85,J85,K85,L85,M85,N85," 1;") -> /*ELI-441*/ 00010100 1;
A86: Chamilandu | B86: Chamilandu F08 | C86: ELI-444 | D86: 0 | E86: 0 | F86: 0 | G86: 0 | H86: 0 | I86: 0 | J86: 1 | K86: 0 | L86: 0 | M86: 0 | N86: 1 | O86: 0 | P86: 1 | Q86: 0 | R86: 0 | S86: 1 | T86: 2010 | U86: 8 | V86: 3 | W86: 1 | X86: =CONCATENATE("/*",C86,"*/ ",G86,H86,I86,J86,K86,L86,M86,N86," 1;") -> /*ELI-444*/ 00010001 1;
A87: Chamilandu | B87: Chamilandu Cub 2013 | C87: ELI-918 | D87: 0 | E87: 0 | F87: 0 | G87: 0 | H87: 0 | I87: 0 | J87: 1 | K87: 0 | L87: 0 | M87: 0 | N87: 1 | O87: 0 | P87: 1 | Q87: 0 | R87: 0 | S87: 1 | T87: 2015 | U87: 7 | V87: 2 | W87: 1 | X87: =CONCATENATE("/*",C87,"*/ ",G87,H87,I87,J87,K87,L87,M87,N87," 1;") -> /*ELI-918*/ 00010001 1;
A88: Chamilandu | B88: Chamilandu Cub 2013 | C88: ELI-919 | D88: 0 | E88: 0 | F88: 0 | G88: 0 | H88: 0 | I88: 0 | J88: 1 | K88: 0 | L88: 0 | M88: 0 | N88: 1 | O88: 0 | P88: 1 | Q88: 0 | R88: 0 | S88: 1 | T88: 2015 | U88: 7 | V88: 2 | W88: 1 | X88: =CONCATENATE("/*",C88,"*/ ",G88,H88,I88,J88,K88,L88,M88,N88," 1;") -> /*ELI-919*/ 00010001 1;
A89: Chamilandu | B89: Chamilandu F10 | C89: ELI-440 | D89: 0 | E89: 0 | F89: 0 | G89: 0 | H89: 0 | I89: 0 | J89: 1 | K89: 0 | L89: 1 | M89: 0 | N89: 0 | O89: 0 | P89: =VLOOKUP(C89,[1]allprides!$C$2:$X$170,14,FALSE) -> 1 | Q89: =VLOOKUP(C89,[1]allprides!$C$2:$X$170,15,FALSE) -> 0 | R89: 0 | S89: =VLOOKUP(C89,[1]allprides!$C$2:$X$170,17,FALSE) -> 1 | T89: =VLOOKUP(C89,[1]allprides!$C$2:$X$170,18,FALSE) -> 2011 | U89: =VLOOKUP(C89,[1]allprides!$C$2:$X$170,19,FALSE) -> 9 | V89: =VLOOKUP(C89,[1]allprides!$C$2:$X$170,20,FALSE) -> 0 | W89: 1 | X89: =CONCATENATE("/*",C89,"*/ ",G89,H89,I89,J89,K89,L89,M89,N89," 1;") -> /*ELI-440*/ 00010100 1;
A90: Hollywood | B90: Hollywood F01 | C90: ELI-197 | D90: 0 | E90: 0 | F90: 0 | G90: 0 | H90: 1 | I90: 1 | J90: 1 | K90: 1 | L90: 1 | M90: 0 | N90: 0 | O90: 0 | P90: =VLOOKUP(C90,[1]allprides!$C$2:$X$170,14,FALSE) -> 1 | Q90: =VLOOKUP(C90,[1]allprides!$C$2:$X$170,15,FALSE) -> 0 | R90: =VLOOKUP(C90,[1]allprides!$C$2:$X$170,16,FALSE) -> 0 | S90: =VLOOKUP(C90,[1]allprides!$C$2:$X$170,17,FALSE) -> 1 | T90: =VLOOKUP(C90,[1]allprides!$C$2:$X$170,18,FALSE) -> 2009 | U90: =VLOOKUP(C90,[1]allprides!$C$2:$X$170,19,FALSE) -> 8 | V90: =VLOOKUP(C90,[1]allprides!$C$2:$X$170,20,FALSE) -> 2 | W90: 0 | X90: =CONCATENATE("/*",C90,"*/ ",G90,H90,I90,J90,K90,L90,M90,N90," 1;") -> /*ELI-197*/ 01111100 1;
A91: Hollywood | B91: Hollywood F02 | C91: ELI-198 | D91: 0 | E91: 0 | F91: 0 | G91: 0 | H91: 1 | I91: 1 | J91: 1 | K91: 1 | L91: 1 | M91: 0 | N91: 0 | O91: 0 | P91: =VLOOKUP(C91,[1]allprides!$C$2:$X$170,14,FALSE) -> 1 | Q91: =VLOOKUP(C91,[1]allprides!$C$2:$X$170,15,FALSE) -> 0 | R91: =VLOOKUP(C91,[1]allprides!$C$2:$X$170,16,FALSE) -> 0 | S91: =VLOOKUP(C91,[1]allprides!$C$2:$X$170,17,FALSE) -> 1 | T91: =VLOOKUP(C91,[1]allprides!$C$2:$X$170,18,FALSE) -> 2009 | U91: =VLOOKUP(C91,[1]allprides!$C$2:$X$170,19,FALSE) -> 8 | V91: =VLOOKUP(C91,[1]allprides!$C$2:$X$170,20,FALSE) -> 5 | W91: 0 | X91: =CONCATENATE("/*",C91,"*/ ",G91,H91,I91,J91,K91,L91,M91,N91," 1;") -> /*ELI-198*/ 01111100 1;
A92: Hollywood | B92: Hollywood F03 | C92: ELI-230 | D92: 0 | E92: 0 | F92: 0 | G92: 0 | H92: 1 | I92: 1 | J92: 1 | K92: 1 | L92: 1 | M92: 0 | N92: 0 | O92: 0 | P92: =VLOOKUP(C92,[1]allprides!$C$2:$X$170,14,FALSE) -> 1 | Q92: =VLOOKUP(C92,[1]allprides!$C$2:$X$170,15,FALSE) -> 0 | R92: =VLOOKUP(C92,[1]allprides!$C$2:$X$170,16,FALSE) -> 0 | S92: =VLOOKUP(C92,[1]allprides!$C$2:$X$170,17,FALSE) -> 1 | T92: =VLOOKUP(C92,[1]allprides!$C$2:$X$170,18,FALSE) -> 2009 | U92: =VLOOKUP(C92,[1]allprides!$C$2:$X$170,19,FALSE) -> 8 | V92: =VLOOKUP(C92,[1]allprides!$C$2:$X$170,20,FALSE) -> 4 | W92: 0 | X92: =CONCATENATE("/*",C92,"*/ ",G92,H92,I92,J92,K92,L92,M92,N92," 1;") -> /*ELI-230*/ 01111100 1;
A93: Hollywood | B93: Hollywood F04 | C93: ELI-231 | D93: 0 | E93: 0 | F93: 0 | G93: 0 | H93: 1 | I93: 0 | J93: 1 | K93: 1 | L93: 0 | M93: 0 | N93: 0 | O93: 0 | P93: =VLOOKUP(C93,[1]allprides!$C$2:$X$170,14,FALSE) -> 1 | Q93: =VLOOKUP(C93,[1]allprides!$C$2:$X$170,15,FALSE) -> 0 | R93: =VLOOKUP(C93,[1]allprides!$C$2:$X$170,16,FALSE) -> 0 | S93: =VLOOKUP(C93,[1]allprides!$C$2:$X$170,17,FALSE) -> 1 | T93: =VLOOKUP(C93,[1]allprides!$C$2:$X$170,18,FALSE) -> 2009 | U93: =VLOOKUP(C93,[1]allprides!$C$2:$X$170,19,FALSE) -> 8 | V93: =VLOOKUP(C93,[1]allprides!$C$2:$X$170,20,FALSE) -> 0 | W93: 0 | X93: =CONCATENATE("/*",C93,"*/ ",G93,H93,I93,J93,K93,L93,M93,N93," 1;") -> /*ELI-231*/ 01011000 1;
A94: Hollywood | B94: Hollywood F06 | C94: ELI-424 | D94: 0 | E94: 0 | F94: 0 | G94: 0 | H94: 0 | I94: 0 | J94: 1 | K94: 0 | L94: 0 | M94: 0 | N94: 0 | O94: 0 | P94: =VLOOKUP(C94,[1]allprides!$C$2:$X$170,14,FALSE) -> 1 | Q94: =VLOOKUP(C94,[1]allprides!$C$2:$X$170,15,FALSE) -> 0 | R94: =VLOOKUP(C94,[1]allprides!$C$2:$X$170,16,FALSE) -> 0 | S94: =VLOOKUP(C94,[1]allprides!$C$2:$X$170,17,FALSE) -> 1 | T94: =VLOOKUP(C94,[1]allprides!$C$2:$X$170,18,FALSE) -> 2012 | U94: =VLOOKUP(C94,[1]allprides!$C$2:$X$170,19,FALSE) -> 10 | V94: =VLOOKUP(C94,[1]allprides!$C$2:$X$170,20,FALSE) -> 3 | W94: 0 | X94: =CONCATENATE("/*",C94,"*/ ",G94,H94,I94,J94,K94,L94,M94,N94," 1;") -> /*ELI-424*/ 00010000 1;
A95: Hollywood | B95: Hollywood F07 | C95: ELI-425 | D95: 0 | E95: 0 | F95: 0 | G95: 0 | H95: 0 | I95: 0 | J95: 1 | K95: 1 | L95: 1 | M95: 0 | N95: 0 | O95: 0 | P95: =VLOOKUP(C95,[1]allprides!$C$2:$X$170,14,FALSE) -> 1 | Q95: =VLOOKUP(C95,[1]allprides!$C$2:$X$170,15,FALSE) -> 0 | R95: =VLOOKUP(C95,[1]allprides!$C$2:$X$170,16,FALSE) -> 0 | S95: =VLOOKUP(C95,[1]allprides!$C$2:$X$170,17,FALSE) -> 1 | T95: =VLOOKUP(C95,[1]allprides!$C$2:$X$170,18,FALSE) -> 2011 | U95: =VLOOKUP(C95,[1]allprides!$C$2:$X$170,19,FALSE) -> 6 | V95: =VLOOKUP(C95,[1]allprides!$C$2:$X$170,20,FALSE) -> 2 | W95: 0 | X95: =CONCATENATE("/*",C95,"*/ ",G95,H95,I95,J95,K95,L95,M95,N95," 1;") -> /*ELI-425*/ 00011100 1;
A96: Hollywood | B96: Hollywood 2013Cub2 | C96: ELI-613 | D96: 0 | E96: 0 | F96: 0 | G96: 0 | H96: 1 | I96: 1 | J96: 1 | K96: 1 | L96: 1 | M96: 0 | N96: 0 | O96: 0 | P96: =VLOOKUP(C96,[1]allprides!$C$2:$X$170,14,FALSE) -> 1 | Q96: =VLOOKUP(C96,[1]allprides!$C$2:$X$170,15,FALSE) -> 0 | R96: =VLOOKUP(C96,[1]allprides!$C$2:$X$170,16,FALSE) -> 0 | S96: =VLOOKUP(C96,[1]allprides!$C$2:$X$170,17,FALSE) -> 1 | T96: =VLOOKUP(C96,[1]allprides!$C$2:$X$170,18,FALSE) -> 2013 | U96: =VLOOKUP(C96,[1]allprides!$C$2:$X$170,19,FALSE) -> 9 | V96: =VLOOKUP(C96,[1]allprides!$C$2:$X$170,20,FALSE) -> 0 | W96: 0 | X96: =CONCATENATE("/*",C96,"*/ ",G96,H96,I96,J96,K96,L96,M96,N96," 1;") -> /*ELI-613*/ 01111100 1;
A97: Hollywood | B97: Hollywood 2013Cub3 | C97: ELI-615 | D97: 0 | E97: 0 | F97: 0 | G97: 0 | H97: 0 | I97: 1 | J97: 1 | K97: 0 | L97: 1 | M97: 0 | N97: 0 | O97: 0 | P97: =VLOOKUP(C97,[1]allprides!$C$2:$X$170,14,FALSE) -> 1 | Q97: =VLOOKUP(C97,[1]allprides!$C$2:$X$170,15,FALSE) -> 1 | R97: =VLOOKUP(C97,[1]allprides!$C$2:$X$170,16,FALSE) -> 0 | S97: =VLOOKUP(C97,[1]allprides!$C$2:$X$170,17,FALSE) -> 1 | T97: =VLOOKUP(C97,[1]allprides!$C$2:$X$170,18,FALSE) -> 2013 | U97: =VLOOKUP(C97,[1]allprides!$C$2:$X$170,19,FALSE) -> 9 | V97: =VLOOKUP(C97,[1]allprides!$C$2:$X$170,20,FALSE) -> 0 | W97: 0 | X97: =CONCATENATE("/*",C97,"*/ ",G97,H97,I97,J97,K97,L97,M97,N97," 1;") -> /*ELI-615*/ 00110100 1;
A98: Hollywood | B98: Hollywood 2013Cub4 | C98: ELI-616 | D98: 0 | E98: 0 | F98: 0 | G98: 0 | H98: 1 | I98: 1 | J98: 1 | K98: 1 | L98: 1 | M98: 0 | N98: 0 | O98: 0 | P98: =VLOOKUP(C98,[1]allprides!$C$2:$X$170,14,FALSE) -> 1 | Q98: =VLOOKUP(C98,[1]allprides!$C$2:$X$170,15,FALSE) -> 0 | R98: =VLOOKUP(C98,[1]allprides!$C$2:$X$170,16,FALSE) -> 0 | S98: =VLOOKUP(C98,[1]allprides!$C$2:$X$170,17,FALSE) -> 1 | T98: =VLOOKUP(C98,[1]allprides!$C$2:$X$170,18,FALSE) -> 2013 | U98: =VLOOKUP(C98,[1]allprides!$C$2:$X$170,19,FALSE) -> 9 | V98: =VLOOKUP(C98,[1]allprides!$C$2:$X$170,20,FALSE) -> 0 | W98: 0 | X98: =CONCATENATE("/*",C98,"*/ ",G98,H98,I98,J98,K98,L98,M98,N98," 1;") -> /*ELI-616*/ 01111100 1;
A99: Hollywood | B99: Hollywood 2013Cub5 | C99: ELI-617 | D99: 0 | E99: 0 | F99: 0 | G99: 0 | H99: 0 | I99: 1 | J99: 1 | K99: 1 | L99: 1 | M99: 0 | N99: 0 | O99: 0 | P99: =VLOOKUP(C99,[1]allprides!$C$2:$X$170,14,FALSE) -> 1 | Q99: =VLOOKUP(C99,[1]allprides!$C$2:$X$170,15,FALSE) -> 1 | R99: =VLOOKUP(C99,[1]allprides!$C$2:$X$170,16,FALSE) -> 0 | S99: =VLOOKUP(C99,[1]allprides!$C$2:$X$170,17,FALSE) -> 1 | T99: =VLOOKUP(C99,[1]allprides!$C$2:$X$170,18,FALSE) -> 2013 | U99: =VLOOKUP(C99,[1]allprides!$C$2:$X$170,19,FALSE) -> 9 | V99: =VLOOKUP(C99,[1]allprides!$C$2:$X$170,20,FALSE) -> 0 | W99: 0 | X99: =CONCATENATE("/*",C99,"*/ ",G99,H99,I99,J99,K99,L99,M99,N99," 1;") -> /*ELI-617*/ 00111100 1;
A100: Hollywood | B100: Hollywood 2013Cub6 | C100: ELI-618 | D100: 0 | E100: 0 | F100: 0 | G100: 0 | H100: 1 | I100: 1 | J100: 1 | K100: 1 | L100: 1 | M100: 0 | N100: 0 | O100: 0 | P100: =VLOOKUP(C100,[1]allprides!$C$2:$X$170,14,FALSE) -> 1 | Q100: =VLOOKUP(C100,[1]allprides!$C$2:$X$170,15,FALSE) -> 0 | R100: =VLOOKUP(C100,[1]allprides!$C$2:$X$170,16,FALSE) -> 0 | S100: =VLOOKUP(C100,[1]allprides!$C$2:$X$170,17,FALSE) -> 1 | T100: =VLOOKUP(C100,[1]allprides!$C$2:$X$170,18,FALSE) -> 2013 | U100: =VLOOKUP(C100,[1]allprides!$C$2:$X$170,19,FALSE) -> 9 | V100: =VLOOKUP(C100,[1]allprides!$C$2:$X$170,20,FALSE) -> 0 | W100: 0 | X100: =CONCATENATE("/*",C100,"*/ ",G100,H100,I100,J100,K100,L100,M100,N100," 1;") -> /*ELI-618*/ 01111100 1;
A101: Hollywood | B101: Hollywood 2014Cub1 | C101: ELI-738 | D101: 0 | E101: 0 | F101: 0 | G101: 0 | H101: 0 | I101: 1 | J101: 1 | K101: 0 | L101: 1 | M101: 0 | N101: 0 | O101: 0 | P101: =VLOOKUP(C101,[1]allprides!$C$2:$X$170,14,FALSE) -> 1 | Q101: =VLOOKUP(C101,[1]allprides!$C$2:$X$170,15,FALSE) -> 0 | R101: =VLOOKUP(C101,[1]allprides!$C$2:$X$170,16,FALSE) -> 0 | S101: =VLOOKUP(C101,[1]allprides!$C$2:$X$170,17,FALSE) -> 1 | T101: =VLOOKUP(C101,[1]allprides!$C$2:$X$170,18,FALSE) -> 2014 | U101: =VLOOKUP(C101,[1]allprides!$C$2:$X$170,19,FALSE) -> 9 | V101: =VLOOKUP(C101,[1]allprides!$C$2:$X$170,20,FALSE) -> 0 | W101: 0 | X101: =CONCATENATE("/*",C101,"*/ ",G101,H101,I101,J101,K101,L101,M101,N101," 1;") -> /*ELI-738*/ 00110100 1;
... A104: Hollywood | B104: Hollywood 2013Cub7 | C104: ELI-735 | D104: 0 | E104: 0 | F104: 0 | G104: 0 | H104: 0 | I104: 1 | J104: 1 | K104: 0 | L104: 1 | M104: 0 | N104: 0 | O104: 0 | P104: =VLOOKUP(C104,[1]allprides!$C$2:$X$170,14,FALSE) -> 1 | Q104: =VLOOKUP(C104,[1]allprides!$C$2:$X$170,15,FALSE) -> 0 | R104: =VLOOKUP(C104,[1]allprides!$C$2:$X$170,16,FALSE) -> 0 | S104: =VLOOKUP(C104,[1]allprides!$C$2:$X$170,17,FALSE) -> 1 | T104: =VLOOKUP(C104,[1]allprides!$C$2:$X$170,18,FALSE) -> 2014 | U104: =VLOOKUP(C104,[1]allprides!$C$2:$X$170,19,FALSE) -> 8 | V104: =VLOOKUP(C104,[1]allprides!$C$2:$X$170,20,FALSE) -> 0 | W104: 0 | X104: =CONCATENATE("/*",C104,"*/ ",G104,H104,I104,J104,K104,L104,M104,N104," 1;") -> /*ELI-735*/ 00110100 1;
A105: Muchinga | B105: Muchinga 01 | C105: ELI-991 | D105: 0 | E105: 0 | F105: 0 | G105: 0 | H105: 0 | I105: 0 | J105: 1 | K105: 0 | L105: 1 | M105: 1 | N105: 0 | O105: 0 | P105: 1 | Q105: 0 | R105: 1 | S105: 1 | T105: 2015 | U105: 6 | V105: 10 | W105: 0 | X105: =CONCATENATE("/*",C105,"*/ ",G105,H105,I105,J105,K105,L105,M105,N105," 1;") -> /*ELI-991*/ 00010110 1;
A106: Luwi | B106: Luwi F04 | C106: ELI-155 | D106: 0 | E106: 0 | F106: 0 | G106: 0 | H106: 0 | I106: 1 | J106: 1 | K106: 1 | L106: 1 | M106: 1 | N106: 1 | O106: 0 | P106: =VLOOKUP(C106,[1]allprides!$C$2:$X$170,14,FALSE) -> 1 | Q106: =VLOOKUP(C106,[1]allprides!$C$2:$X$170,15,FALSE) -> 0 | R106: =VLOOKUP(C106,[1]allprides!$C$2:$X$170,16,FALSE) -> 0 | S106: =VLOOKUP(C106,[1]allprides!$C$2:$X$170,17,FALSE) -> 1 | T106: =VLOOKUP(C106,[1]allprides!$C$2:$X$170,18,FALSE) -> 2008 | U106: =VLOOKUP(C106,[1]allprides!$C$2:$X$170,19,FALSE) -> 5 | V106: =VLOOKUP(C106,[1]allprides!$C$2:$X$170,20,FALSE) -> 2 | W106: 0 | X106: =CONCATENATE("/*",C106,"*/ ",G106,H106,I106,J106,K106,L106,M106,N106," 1;") -> /*ELI-155*/ 00111111 1;
A107: Luwi | B107: Luwi F10 | C107: ELI-369 | D107: 0 | E107: 0 | F107: 0 | G107: 0 | H107: 0 | I107: 1 | J107: 1 | K107: 1 | L107: 1 | M107: 1 | N107: 1 | O107: 0 | P107: =VLOOKUP(C107,[1]allprides!$C$2:$X$170,14,FALSE) -> 1 | Q107: =VLOOKUP(C107,[1]allprides!$C$2:$X$170,15,FALSE) -> 0 | R107: =VLOOKUP(C107,[1]allprides!$C$2:$X$170,16,FALSE) -> 0 | S107: =VLOOKUP(C107,[1]allprides!$C$2:$X$170,17,FALSE) -> 1 | T107: =VLOOKUP(C107,[1]allprides!$C$2:$X$170,18,FALSE) -> 2010 | U107: =VLOOKUP(C107,[1]allprides!$C$2:$X$170,19,FALSE) -> 5 | V107: =VLOOKUP(C107,[1]allprides!$C$2:$X$170,20,FALSE) -> 0 | W107: 0 | X107: =CONCATENATE("/*",C107,"*/ ",G107,H107,I107,J107,K107,L107,M107,N107," 1;") -> /*ELI-369*/ 00111111 1;
A108: Luwi | B108: Luwi M05 | C108: ELI-370 | D108: 0 | E108: 0 | F108: 0 | G108: 0 | H108: 0 | I108: 0 | J108: 0 | K108: 0 | L108: 1 | M108: 1 | N108: 1 | O108: 1 | P108: 1 | Q108: 1 | R108: 0 | S108: 1 | T108: 2010 | U108: 5 | V108: 0 | W108: 0 | X108: =CONCATENATE("/*",C108,"*/ ",G108,H108,I108,J108,K108,L108,M108,N108," 1;") -> /*ELI-370*/ 00000111 1;
...

Sheet NHK
D1: Jan | E1: Feb | F1: Mar | G1: Apr | H1: May | I1: Jun | J1: Jul | K1: Aug | L1: Sept | M1: Oct | N1: Nov | O1: Dec
B2: Group | C2: ID
B3: Nsefu F01 | C3: ELI-173 | D3: 0 | E3: 0 | F3: 0 | G3: 0 | H3: 0 | I3: 0 | J3: 1 | K3: 0 | L3: 1 | M3: 0 | N3: 1 | O3: 0
B4: Nsefu F02 | C4: ELI-174 | D4: 0 | E4: 0 | F4: 0 | G4: 0 | H4: 0 | I4: 0 | J4: 0 | K4: 0 | L4: 0 | M4: 0 | N4: 0 | O4: 0
B5: Nsefu F03 | C5: ELI-247 | D5: 0 | E5: 0 | F5: 0 | G5: 0 | H5: 0 | I5: 0 | J5: 1 | K5: 0 | L5: 1 | M5: 0 | N5: 1 | O5: 0
B6: Nsefu F04 | C6: ELI-248 | D6: 0 | E6: 0 | F6: 0 | G6: 0 | H6: 0 | I6: 1 | J6: 1 | K6: 0 | L6: 1 | M6: 1 | N6: 1 | O6: 0
B7: Nsefu F05 | C7: ELI-249 | D7: 0 | E7: 0 | F7: 0 | G7: 0 | H7: 0 | I7: 0 | J7: 0 | K7: 0 | L7: 0 | M7: 0 | N7: 0 | O7: 0
B8: Nsefu F06 | C8: ELI-250 | D8: 0 | E8: 0 | F8: 0 | G8: 0 | H8: 0 | I8: 0 | J8: 0 | K8: 1 | L8: 1 | M8: 1 | N8: 1 | O8: 0
B9: Nsefu F07 | C9: ELI-462 | D9: 0 | E9: 0 | F9: 0 | G9: 0 | H9: 0 | I9: 1 | J9: 1 | K9: 0 | L9: 1 | M9: 1 | N9: 1 | O9: 0
B10: Nsefu F11 | C10: ELI-378 | D10: 0 | E10: 0 | F10: 0 | G10: 0 | H10: 0 | I10: 0 | J10: 1 | K10: 0 | L10: 1 | M10: 0 | N10: 0 | O10: 0
B11: Nsefu F12 | C11: ELI-463 | D11: 0 | E11: 0 | F11: 0 | G11: 0 | H11: 0 | I11: 1 | J11: 1 | K11: 0 | L11: 1 | M11: 1 | N11: 1 | O11: 0
B12: Nsefu M06 | C12: ELI-464 | D12: 0 | E12: 0 | F12: 0 | G12: 0 | H12: 0 | I12: 0 | J12: 0 | K12: 0 | L12: 0 | M12: 0 | N12: 0 | O12: 0
B13: Nsefu M07 | C13: ELI-553 | D13: 0 | E13: 0 | F13: 0 | G13: 0 | H13: 0 | I13: 0 | J13: 0 | K13: 0 | L13: 0 | M13: 0 | N13: 0 | O13: 0
B14: Nsefu F09 | C14: ELI-254 | D14: 0 | E14: 0 | F14: 0 | G14: 0 | H14: 0 | I14: 0 | J14: 0 | K14: 0 | L14: 0 | M14: 0 | N14: 0 | O14: 0
C15: ELI-589 | D15: 0 | E15: 0 | F15: 0 | G15: 0 | H15: 0 | I15: 0 | J15: 1 | K15: 0 | L15: 1 | M15: 0 | N15: 1 | O15: 0
C16: ELI-713 | D16: 0 | E16: 0 | F16: 0 | G16: 0 | H16: 0 | I16: 0 | J16: 1 | K16: 0 | L16: 1 | M16: 0 | N16: 1 | O16: 0
C17: ELI-714 | D17: 0 | E17: 0 | F17: 0 | G17: 0 | H17: 0 | I17: 0 | J17: 1 | K17: 0 | L17: 1 | M17: 0 | N17: 1 | O17: 0
C18: ELI-716 | D18: 0 | E18: 0 | F18: 0 | G18: 0 | H18: 0 | I18: 0 | J18: 1 | K18: 0 | L18: 1 | M18: 0 | N18: 1 | O18: 0
C19: ELI-717 | D19: 0 | E19: 0 | F19: 0 | G19: 0 | H19: 0 | I19: 0 | J19: 1 | K19: 1 | L19: 1 | M19: 0 | N19: 0 | O19: 0
C20: ELI-718 | D20: 0 | E20: 0 | F20: 0 | G20: 0 | H20: 0 | I20: 0 | J20: 1 | K20: 0 | L20: 1 | M20: 0 | N20: 1 | O20: 0
C21: ELI-719 | D21: 0 | E21: 0 | F21: 0 | G21: 0 | H21: 0 | I21: 0 | J21: 1 | K21: 1 | L21: 1 | M21: 0 | N21: 1 | O21: 0
B22: Cub 1 | C22: ELI-NSE1 | D22: 0 | E22: 0 | F22: 0 | G22: 0 | H22: 0 | I22: 0 | J22: 0 | K22: 0 | L22: 1 | M22: 1 | N22: 1 | O22: 0 | U22: 8
B23: Cub 2 | C23: ELI-NSE2 | D23: 0 | E23: 0 | F23: 0 | G23: 0 | H23: 0 | I23: 0 | J23: 0 | K23: 0 | L23: 1 | M23: 1 | N23: 1 | O23: 0 | U23: 8
B24: Cub 3 | C24: ELI-NSE3 | D24: 0 | E24: 0 | F24: 0 | G24: 0 | H24: 0 | I24: 0 | J24: 0 | K24: 0 | L24: 1 | M24: 1 | N24: 1 | O24: 0
B25: Cub 4 | C25: ELI-NSE4 | D25: 0 | E25: 0 | F25: 0 | G25: 0 | H25: 0 | I25: 0 | J25: 0 | K25: 0 | L25: 1 | M25: 1 | N25: 1 | O25: 0
B26: Cub 5 | C26: ELI-NSE5 | D26: 0 | E26: 0 | F26: 0 | G26: 0 | H26: 0 | I26: 0 | J26: 0 | K26: 0 | L26: 1 | M26: 1 | N26: 1 | O26: 0
B27: Cub 6 | C27: ELI-NSE6 | D27: 0 | E27: 0 | F27: 0 | G27: 0 | H27: 0 | I27: 0 | J27: 0 | K27: 0 | L27: 1 | M27: 0 | N27: 0 | O27: 0
J28: 1 | M28: 1 | U28: 7
B29: Group | C29: ID | J29: 1 | M29: 1 | U29: 7
B30: Hot Springs F01 | C30: ELI-258 | D30: 0 | E30: 1 | F30: 0 | G30: 0 | H30: 0 | I30: 0 | J30: 0 | K30: 0 | L30: 1 | M30: 0 | N30: 0 | O30: 0
B31: Hot Springs F02 | C31: ELI-256 | D31: 0 | E31: 1 | F31: 0 | G31: 0 | H31: 0 | I31: 0 | J31: 0 | K31: 0 | L31: 1 | M31: 0 | N31: 0 | O31: 0
B32: Hot Springs F03 | C32: ELI-466 | D32: 0 | E32: 0 | F32: 0 | G32: 0 | H32: 0 | I32: 0 | J32: 0 | K32: 0 | L32: 0 | M32: 0 | N32: 0 | O32: 0
B33: Hot Springs M01 | C33: ELI-379 | D33: 0 | E33: 0 | F33: 0 | G33: 0 | H33: 0 | I33: 0 | J33: 0 | K33: 0 | L33: 0 | M33: 0 | N33: 0 | O33: 0
D35: Jan | E35: Feb | F35: Mar | G35: Apr | H35: May | I35: Jun | J35: Jul | K35: Aug | L35: Sept | M35: 1 | N35: Nov | O35: Dec
B36: Group | C36: ID
B37: Kapamba F01 | C37: ELI-203 | D37: 0 | E37: 0 | F37: 0 | G37: 0 | H37: 0 | I37: 0 | J37: 0 | K37: 0 | L37: 0 | M37: 0 | N37: 0 | O37: 0
B38: Kapamba F02 | C38: ELI-204 | D38: 0 | E38: 0 | F38: 0 | G38: 0 | H38: 0 | I38: 1 | J38: 0 | K38: 0 | L38: 1 | M38: 0 | N38: 0 | O38: 0
B39: Kapamba F09 | C39: ELI-532 | D39: 0 | E39: 0 | F39: 0 | G39: 0 | H39: 0 | I39: 0 | J39: 0 | K39: 0 | L39: 0 | M39: 0 | N39: 0 | O39: 0
B40: Kapamba M03 | C40: ELI-534 | D40: 0 | E40: 0 | F40: 0 | G40: 0 | H40: 0 | I40: 0 | J40: 0 | K40: 0 | L40: 0 | M40: 0 | N40: 0 | O40: 0
B41: Kapamba M04 | C41: ELI-533 | D41: 0 | E41: 0 | F41: 0 | G41: 0 | H41: 0 | I41: 0 | J41: 0 | K41: 0 | L41: 0 | M41: 0 | N41: 0 | O41: 0
B42: Kapamba M05 | C42: ELI-535 | D42: 0 | E42: 0 | F42: 0 | G42: 0 | H42: 0 | I42: 0 | J42: 0 | K42: 0 | L42: 0 | M42: 0 | N42: 0 | O42: 0
B43: Kapamba M06 | C43: ELI-536 | D43: 0 | E43: 0 | F43: 0 | G43: 0 | H43: 0 | I43: 0 | J43: 0 | K43: 0 | L43: 0 | M43: 0 | N43: 0 | O43: 0
B44: New Kapamba F03 | C44: ELI-480 | D44: 0 | E44: 0 | F44: 0 | G44: 0 | H44: 0 | I44: 0 | J44: 1 | K44: 0 | L44: 0 | M44: 0 | N44: 0 | O44: 0
A45: Kapamba 2 | B45: Kapamba 2 F01 | C45: ELI-470 | D45: 0 | E45: 0 | F45: 0 | G45: 0 | H45: 0 | I45: 0 | J45: 0 | K45: 0 | L45: 0 | M45: 0 | N45: 1 | O45: 0
B46: Kapamba 2 F02 | C46: ELI-473 | D46: 0 | E46: 0 | F46: 0 | G46: 0 | H46: 0 | I46: 0 | J46: 0 | K46: 0 | L46: 0 | M46: 0 | N46: 1 | O46: 0
B47: Kapamba 2 F03 | C47: ELI-472 | D47: 0 | E47: 0 | F47: 0 | G47: 0 | H47: 0 | I47: 0 | J47: 0 | K47: 0 | L47: 0 | M47: 0 | N47: 1 | O47: 0
A48: Kapamba | B48: New Kapamba F03 | C48: ELI-481 | D48: 0 | E48: 0 | F48: 0 | G48: 0 | H48: 0 | I48: 0 | J48: 1 | K48: 0 | L48: 0 | M48: 0 | N48: 0 | O48: 0
A49: Kauluzi | B49: Kauluzi F01 | C49: ELI-KA1 | D49: 0 | E49: 0 | F49: 1 | G49: 1 | H49: 0 | I49: 0 | J49: 0 | K49: 0 | L49: 0 | M49: 1 | N49: 1 | O49: 0
A50: Kauluzi | B50: Kauluzi F02 | C50: ELI-KA2 | D50: 0 | E50: 0 | F50: 0 | G50: 0 | H50: 0 | I50: 0 | J50: 0 | K50: 0 | L50: 0 | M50: 1 | N50: 1 | O50: 0
A51: Kauluzi | B51: Kauluzi F03 | C51: ELI-KA3 | D51: 0 | E51: 0 | F51: 0 | G51: 0 | H51: 0 | I51: 0 | J51: 0 | K51: 0 | L51: 0 | M51: 1 | N51: 1 | O51: 0
A52: Kauluzi | B52: Kauluzi Cub1 | C52: ELI-KA4 | D52: 0 | E52: 0 | F52: 0 | G52: 0 | H52: 0 | I52: 0 | J52: 0 | K52: 0 | L52: 0 | M52: 1 | N52: 1 | O52: 0

Sheet CHM
C1: Jan | D1: Feb | E1: Mar | F1: Apr | G1: May | H1: Jun | I1: Jul | J1: Aug | K1: Sept | L1: Oct | M1: Nov | N1: Dec
A2: Group | B2: ID
A3: 2011 Cub U01 | B3: ELI-438 | C3: 0 | D3: 0 | E3: 0 | F3: 0 | G3: 0 | H3: 0 | I3: 0 | J3: 0 | K3: 0 | L3: 0 | M3: 0 | N3: 0
A4: 2011 Cub U02 | B4: ELI-441 | C4: 0 | D4: 0 | E4: 0 | F4: 0 | G4: 0 | H4: 0 | I4: 0 | J4: 0 | K4: 0 | L4: 0 | M4: 0 | N4: 0
A5: 2011 Cub U03 | B5: ELI-442 | C5: 0 | D5: 0 | E5: 0 | F5: 0 | G5: 0 | H5: 0 | I5: 0 | J5: 0 | K5: 0 | L5: 0 | M5: 0 | N5: 0
A6: 2011 Cub U04 | B6: ELI-443 | C6: 0 | D6: 0 | E6: 0 | F6: 0 | G6: 0 | H6: 0 | I6: 0 | J6: 0 | K6: 0 | L6: 0 | M6: 0 | N6: 0
A7: Chamilandu F01 | B7: ELI-192 | C7: 0 | D7: 0 | E7: 0 | F7: 0 | G7: 0 | H7: 0 | I7: 0 | J7: 0 | K7: 0 | L7: 0 | M7: 0 | N7: 0
A8: Chamilandu F02 | B8: ELI-193 | C8: 0 | D8: 0 | E8: 0 | F8: 0 | G8: 0 | H8: 0 | I8: 0 | J8: 0 | K8: 0 | L8: 0 | M8: 0 | N8: 0
A9: Chamilandu F03 | B9: ELI-194 | C9: 0 | D9: 0 | E9: 0 | F9: 0 | G9: 0 | H9: 0 | I9: 0 | J9: 0 | K9: 0 | L9: 0 | M9: 0 | N9: 0
A10: Chamilandu F05 | B10: ELI-228 | C10: 0 | D10: 0 | E10: 0 | F10: 0 | G10: 0 | H10: 0 | I10: 0 | J10: 0 | K10: 0 | L10: 0 | M10: 0 | N10: 0
A11: Chamilandu F06 | B11: ELI-398 | C11: 0 | D11: 0 | E11: 0 | F11: 0 | G11: 0 | H11: 0 | I11: 0 | J11: 0 | K11: 0 | L11: 0 | M11: 0 | N11: 0
A12: Chamilandu F07 | B12: ELI-405 | C12: 0 | D12: 0 | E12: 0 | F12: 0 | G12: 0 | H12: 0 | I12: 1 | J12: 0 | K12: 0 | L12: 0 | M12: 1 | N12: 0
A13: Chamilandu F08 | B13: ELI-444 | C13: 0 | D13: 0 | E13: 0 | F13: 0 | G13: 0 | H13: 0 | I13: 0 | J13: 0 | K13: 0 | L13: 0 | M13: 0 | N13: 0
A14: Chamilandu F09 | B14: ELI-439 | C14: 0 | D14: 0 | E14: 0 | F14: 0 | G14: 0 | H14: 0 | I14: 0 | J14: 0 | K14: 0 | L14: 0 | M14: 0 | N14: 0
... A18: Chamilandu Male Cub 01 | B18: ELI-196 | C18: 0 | D18: 0 | E18: 0 | F18: 0 | G18: 0 | H18: 0 | I18: 0 | J18: 0 | K18: 0 | L18: 0 | M18: 0 | N18: 0
C19: 0 | D19: 0 | E19: 0 | F19: 0 | G19: 0 | H19: 0 | I19: 0 | J19: 0 | K19: 1 | L19: 0 | M19: 0 | N19: 0
K21: 1
C22: Jan | D22: Feb | E22: Mar | F22: April | G22: May | H22: Jun | I22: Jul | J22: 0 | K22: Sept | L22: Oct | M22: Nov | N22: Dec | U22: 8
A23: Group | B23: ID | J23: 0 | U23: 8
A24: Hollywood M01 | B24: ELI-233 | C24: 0 | D24: 0 | E24: 0 | F24: 0 | G24: 0 | H24: 0 | I24: 0 | J24: 0 | K24: 0 | L24: 0 | M24: 0 | N24: 0
A25: Hollywood Cub 01 '10 | B25: ELI-400 | C25: 0 | D25: 0 | E25: 0 | F25: 0 | G25: 0 | H25: 0 | I25: 0 | J25: 0 | K25: 0 | L25: 0 | M25: 0 | N25: 0
A26: Hollywood Cub 02 '10 | B26: ELI-401 | C26: 0 | D26: 0 | E26: 0 | F26: 0 | G26: 0 | H26: 0 | I26: 0 | J26: 0 | K26: 0 | L26: 0 | M26: 0 | N26: 0
A27: Hollywood F01 | B27: ELI-197 | C27: 0 | D27: 0 | E27: 0 | F27: 0 | G27: 1 | H27: 1 | I27: 1 | J27: 1 | K27: 1 | L27: 0 | M27: 0 | N27: 0
A28: Hollywood F02 | B28: ELI-198 | C28: 0 | D28: 0 | E28: 0 | F28: 0 | G28: 1 | H28: 1 | I28: 1 | J28: 1 | K28: 1 | L28: 0 | M28: 1 | N28: 0 | U28: 7
A29: Hollywood F03 | B29: ELI-230 | C29: 0 | D29: 0 | E29: 0 | F29: 0 | G29: 1 | H29: 1 | I29: 1 | J29: 1 | K29: 1 | L29: 0 | M29: 1 | N29: 0 | U29: 7
A30: Hollywood F04 | B30: ELI-231 | C30: 0 | D30: 0 | E30: 1 | F30: 0 | G30: 1 | I30: 1 | J30: 1 | K30: 0 | L30: 0 | M30: 0 | N30: 0
A31: Hollywood F05 | B31: ELI-232 | C31: 0 | D31: 0 | E31: 1 | F31: 0 | G31: 0 | H31: 0 | I31: 0 | J31: 0 | K31: 0 | L31: 0 | M31: 0 | N31: 0
A32: Hollywood F06 | B32: ELI-424 | C32: 0 | D32: 0 | E32: 0 | F32: 0 | G32: 0 | H32: 0 | I32: 1 | J32: 0 | K32: 0 | L32: 0 | M32: 0 | N32: 0
B33: ELI-425 | I33: 1 | K33: 1
B34: ELI-613 | C34: 0 | D34: 0 | E34: 0 | F34: 0 | G34: 1 | H34: 1 | I34: 1 | J34: 1 | K34: 1 | L34: 0 | M34: 0 | N34: 0
B35: ELI-615 | C35: 0 | D35: 0 | E35: 0 | F35: 0 | G35: 0 | H35: 1 | I35: 1 | K35: 1 | L35: 0 | M35: 1 | N35: 0
B36: ELI-616 | C36: 0 | D36: 0 | E36: 0 | F36: 0 | G36: 1 | H36: 1 | I36: 1 | J36: 1 | K36: 1 | L36: 0 | M36: 0 | N36: 0
B37: ELI-617 | C37: 0 | D37: 0 | E37: 0 | F37: 0 | G37: 0 | H37: 1 | I37: 1 | J37: 0 | K37: 1 | L37: 0 | M37: 0 | N37: 0
B38: ELI-618 | C38: 0 | D38: 0 | E38: 0 | F38: 0 | G38: 1 | I38: 1 | J38: 1 | K38: 1 | L38: 1 | M38: 0 | N38: 0
B39: ELI-738 | C39: 0 | D39: 0 | E39: 0 | F39: 0 | G39: 0 | H39: 1 | I39: 1 | J39: 0 | K39: 1 | L39: 0 | M39: 0 | N39: 0
B40: ELI-737 | C40: 0 | D40: 0 | E40: 0 | F40: 0 | G40: 1 | H40: 1 | I40: 1 | J40: 0 | K40: 1 | L40: 0 | M40: 0 | N40: 0
B41: ELI-736 | C41: 0 | D41: 0 | E41: 0 | F41: 0 | G41: 1 | H41: 1 | I41: 1 | J41: 1 | K41: 1 | L41: 0 | M41: 0 | N41: 0
B42: ELI-735 | C42: 0 | D42: 0 | E42: 0 | F42: 0 | G42: 0 | H42: 1 | I42: 1 | J42: 0 | K42: 1 | L42: 0 | M42: 0 | N42: 0
C44: Jan | D44: Feb | E44: Mar | F44: Apr | G44: May | H44: Jun | I44: Jul | J44: Aug | K44: Sept | L44: Oct | M44: Nov | N44: Dec
A45: Group | B45: ID
A46: Muchinga | B46: 1 | C46: 0 | D46: 0 | E46: 0 | F46: 0 | G46: 0 | H46: 0 | I46: 1 | J46: 0 | K46: 0 | L46: 0 | M46: 0 | N46: 0
B47: 2 | C47: 0 | D47: 0 | E47: 0 | F47: 0 | G47: 0 | H47: 0 | I47: 1 | J47: 0 | K47: 0 | L47: 0 | M47: 0 | N47: 0
B48: 3 | C48: 0 | D48: 0 | E48: 0 | F48: 0 | G48: 0 | H48: 0 | I48: 1 | J48: 0 | K48: 0 | L48: 0 | M48: 0 | N48: 0
B49: 4 | C49: 0 | D49: 0 | E49: 0 | F49: 1 | G49: 1 | H49: 0 | I49: 1 | J49: 0 | K49: 0 | L49: 0 | M49: 0 | N49: 0
B50: 5 | C50: 0 | D50: 0 | E50: 0 | F50: 0 | G50: 0 | H50: 0 | I50: 1 | J50: 0 | K50: 0 | L50: 0 | M50: 0 | N50: 0
B51: 6 | C51: 0 | D51: 0 | E51: 0 | F51: 0 | G51: 0 | H51: 0 | I51: 1 | J51: 0 | K51: 0 | L51: 0 | M51: 0 | N51: 0
B52: 7 | C52: 0 | D52: 0 | E52: 0 | F52: 0 | G52: 0 | H52: 0 | I52: 1 | J52: 0 | K52: 0 | L52: 0 | M52: 0 | N52: 0

Sheet LM
C1: Jan | D1: Feb | E1: Mar | F1: Apr | G1: May | H1: Jun | I1: Jul | J1: Aug | K1: Sept | L1: Oct | M1: Nov | N1: Dec
A2: Group | B2: ID
A3: Luwi F01 | B3: ELI-152 | C3: 0 | D3: 0 | E3: 0 | F3: 0 | G3: 0 | H3: 0 | I3: 0 | J3: 0 | K3: 0 | L3: 0 | M3: 0 | N3: 0
A4: Luwi F03 | B4: ELI-154 | C4: 0 | D4: 0 | E4: 0 | F4: 0 | G4: 0 | H4: 0 | I4: 0 | J4: 0 | K4: 0 | L4: 0 | M4: 0 | N4: 0
A5: Luwi F04 | B5: ELI-155 | C5: 0 | D5: 0 | E5: 0 | F5: 0 | G5: 0 | H5: 1 | I5: 1 | J5: 1 | K5: 1 | L5: 1 | M5: 1 | N5: 0
A6: Luwi F08 | B6: ELI-160 | C6: 0 | D6: 0 | E6: 0 | F6: 0 | G6: 0 | H6: 0 | I6: 0 | J6: 0 | K6: 0 | L6: 0 | M6: 0 | N6: 0
A7: Luwi F09 | B7: ELI-241 | C7: 0 | D7: 0 | E7: 0 | F7: 0 | G7: 0 | H7: 0 | I7: 0 | J7: 0 | K7: 0 | L7: 0 | M7: 0 | N7: 0
A8: Luwi F10 | B8: ELI-369 | C8: 0 | D8: 0 | E8: 0 | F8: 0 | G8: 0 | H8: 1 | I8: 1 | J8: 1 | K8: 1 | L8: 1 | M8: 1 | N8: 0
A9: Luwi M05 | B9: ELI-370 | C9: 0 | D9: 0 | E9: 0 | F9: 0 | G9: 0 | H9: 0 | I9: 0 | J9: 0 | K9: 0 | L9: 0 | M9: 0 | N9: 0
A10: Manky Ear | B10: ELI-159 | C10: 0 | D10: 0 | E10: 0 | F10: 0 | G10: 0 | H10: 1 | I10: 1 | J10: 1 | K10: 1 | L10: 1 | M10: 1 | N10: 0
A11: Luwi M01 | B11: ELI-158 | C11: 0 | D11: 0 | E11: 0 | F11: 0 | G11: 0 | H11: 0 | I11: 0 | J11: 0 | K11: 0 | L11: 0 | M11: 0 | N11: 0
A12: Luwi M02 | B12: ELI-161 | C12: 0 | D12: 0 | E12: 0 | F12: 0 | G12: 0 | H12: 0 | I12: 0 | J12: 0 | K12: 0 | L12: 0 | M12: 0 | N12: 0
A13: Ginger | B13: ELI-162 | C13: 0 | D13: 0 | E13: 0 | F13: 0 | G13: 0 | H13: 0 | I13: 0 | J13: 0 | K13: 0 | L13: 0 | M13: 0 | N13: 0
A14: Luwi M04 | B14: ELI-163 | C14: 0 | D14: 0 | E14: 0 | F14: 0 | G14: 0 | H14: 0 | I14: 0 | J14: 0 | K14: 0 | L14: 0 | M14: 0 | N14: 0
... A19: Cub 5 | B19: ELI-LP155 | C19: 0 | D19: 0 | E19: 0 | F19: 0 | G19: 0 | H19: 0 | I19: 1 | J19: 1 | K19: 1 | L19: 1 | M19: 1 | N19: 0
C21: Jan | D21: Feb | E21: Mar | F21: Apr | G21: May | H21: Jun | I21: Jul | J21: Aug | K21: 1 | L21: Oct | M21: Nov | N21: Dec
A22: Group | B22: ID | J22: 0
A23: Mwamba I F01 | B23: ELI-124 | C23: 0 | D23: 0 | E23: 0 | F23: 0 | G23: 0 | H23: 0 | I23: 0 | J23: 0 | K23: 1 | L23: 0 | M23: 0 | N23: 0
A24: Mwamba I F02 | B24: ELI-125 | C24: 0 | D24: 0 | E24: 0 | F24: 0 | G24: 0 | H24: 0 | I24: 0 | J24: 0 | K24: 0 | L24: 0 | M24: 0 | N24: 0
A25: Mwamba I F03 | B25: ELI-246 | C25: 0 | D25: 0 | E25: 0 | F25: 0 | G25: 0 | H25: 0 | I25: 0 | J25: 0 | K25: 0 | L25: 0 | M25: 0 | N25: 0
A26: Mwamba I F04 | B26: ELI-126 | C26: 0 | D26: 0 | E26: 0 | F26: 0 | G26: 0 | H26: 1 | I26: 0 | J26: 0 | K26: 1 | L26: 1 | M26: 0 | N26: 0
A27: Mwamba I F05 | B27: ELI-127 | C27: 0 | D27: 0 | E27: 0 | F27: 0 | G27: 0 | H27: 0 | I27: 1 | J27: 1 | K27: 1 | L27: 1 | M27: 0 | N27: 0
A28: Mwamba I M03 | B28: ELI-130 | C28: 0 | D28: 0 | E28: 0 | F28: 0 | G28: 0 | H28: 0 | I28: 0 | J28: 1 | K28: 0 | L28: 0 | M28: 1 | N28: 0
A29: Mwamba II F01 | B29: ELI-134 | C29: 0 | D29: 0 | E29: 0 | F29: 0 | G29: 0 | H29: 0 | I29: 0 | J29: 1 | K29: 0 | L29: 0 | M29: 1 | N29: 0
A30: Mwamba II F02 | B30: ELI-135 | C30: 0 | D30: 0 | E30: 1 | F30: 0 | G30: 0 | H30: 0 | I30: 0 | J30: 0 | K30: 0 | L30: 0 | M30: 0 | N30: 0
A31: Mwamba II F03 | B31: ELI-136 | C31: 0 | D31: 0 | E31: 1 | F31: 0 | G31: 0 | H31: 0 | I31: 0 | J31: 0 | K31: 0 | L31: 0 | M31: 0 | N31: 0
A32: Mwamba II F05 | B32: ELI-138 | C32: 0 | D32: 0 | E32: 0 | F32: 0 | G32: 0 | H32: 1 | I32: 0 | J32: 0 | K32: 1 | L32: 1 | M32: 0 | N32: 0
A33: Mwamba II F06 | B33: ELI-139 | C33: 0 | D33: 0 | E33: 0 | F33: 0 | G33: 0 | H33: 0 | I33: 0 | J33: 0 | K33: 0 | L33: 0 | M33: 0 | N33: 0
B34: ELI-657 | C34: 0 | D34: 0 | E34: 0 | F34: 0 | G34: 0 | H34: 0 | I34: 0 | J34: 1 | K34: 1 | L34: 1 | M34: 0 | N34: 0
B35: ELI-658 | C35: 0 | D35: 0 | E35: 0 | F35: 0 | G35: 0 | H35: 0 | I35: 0 | J35: 1 | K35: 1 | L35: 1 | M35: 1 | N35: 0
B36: ELI-659 | C36: 0 | D36: 0 | E36: 0 | F36: 0 | G36: 0 | H36: 0 | I36: 1 | J36: 1 | K36: 1 | L36: 0 | M36: 0 | N36: 0
B37: ELI-660 | C37: 0 | D37: 0 | E37: 0 | F37: 0 | G37: 0 | H37: 0 | I37: 0 | J37: 1 | K37: 1 | L37: 0 | M37: 0 | N37: 0
B38: ELI-661 | I38: 1 | K38: 1 | L38: 1
B39: ELI-662 | C39: 0 | D39: 0 | E39: 0 | F39: 0 | G39: 0 | H39: 0 | I39: 0 | J39: 1 | K39: 1 | L39: 0 | M39: 0 | N39: 0
B40: ELI-663 | C40: 0 | D40: 0 | E40: 0 | F40: 0 | G40: 0 | H40: 0 | I40: 0 | J40: 0 | K40: 1 | L40: 0 | M40: 0 | N40: 0
B41: ELI-664 | C41: 0 | D41: 0 | E41: 0 | F41: 0 | G41: 0 | H41: 1 | I41: 1 | J41: 0 | K41: 0 | L41: 0 | M41: 0 | N41: 0
B42: ELI-666 | C42: 0 | D42: 0 | E42: 0 | F42: 0 | G42: 0 | H42: 0 | I42: 1 | J42: 0 | K42: 1 | L42: 0 | M42: 0 | N42: 0
B43: ELI-469 | C43: 0 | D43: 0 | E43: 0 | F43: 0 | G43: 0 | H43: 1 | I43: 0 | J43: 0 | K43: 1 | L43: 1 | M43: 0 | N43: 0
B44: ELI-421 | C44: 0 | D44: 0 | E44: 0 | F44: 0 | G44: 0 | H44: 0 | I44: 0 | J44: 0 | K44: 1 | L44: 1 | M44: 0 | N44: 0
A45: Cub 1 | B45: ELI-MP1 | C45: 0 | D45: 0 | E45: 0 | F45: 0 | G45: 0 | H45: 1 | I45: 0 | J45: 0 | K45: 1 | L45: 1 | M45: 0 | N45: 0
A46: Cub 2 | B46: ELI-MP2 | C46: 0 | D46: 0 | E46: 0 | F46: 0 | G46: 0 | H46: 1 | I46: 0 | J46: 0 | K46: 1 | L46: 1 | M46: 0 | N46: 0
A47: Cub 3 | B47: ELI-MP3 | C47: 0 | D47: 0 | E47: 0 | F47: 0 | G47: 0 | H47: 1 | I47: 0 | J47: 0 | K47: 1 | L47: 1 | M47: 0 | N47: 0
A48: Cub 4 | B48: ELI-MP4 | C48: 0 | D48: 0 | E48: 0 | F48: 0 | G48: 0 | H48: 1 | I48: 0 | J48: 0 | K48: 1 | L48: 1 | M48: 0 | N48: 0

Sheet NSN
D1: Jan | E1: Feb | F1: Mar | G1: Apr | H1: May | I1: Jun | J1: Jul | K1: Aug | L1: Sept | M1: Oct | N1: Nov | O1: Dec
B2: Group | C2: ID
B3: Nsolo F06 | C3: ELI-215 | D3: 0 | E3: 0 | F3: 0 | G3: 0 | H3: 0 | I3: 0 | J3: 0 | K3: 0 | L3: 0 | M3: 0 | N3: 0 | O3: 0
B4: Nsolo F07 | C4: ELI-454 | D4: 0 | E4: 0 | F4: 0 | G4: 0 | H4: 0 | I4: 0 | J4: 0 | K4: 0 | L4: 0 | M4: 0 | N4: 0 | O4: 0
B5: Nsolo F08 | C5: ELI-455 | D5: 0 | E5: 0 | F5: 0 | G5: 0 | H5: 0 | I5: 0 | J5: 0 | K5: 0 | L5: 0 | M5: 0 | N5: 0 | O5: 0
B6: Nsolo F09 | C6: ELI-458 | D6: 0 | E6: 0 | F6: 0 | G6: 0 | H6: 0 | I6: 0 | J6: 0 | K6: 0 | L6: 0 | M6: 0 | N6: 0 | O6: 0
B7: Nsolo F10 | C7: ELI-459 | D7: 0 | E7: 0 | F7: 0 | G7: 0 | H7: 0 | I7: 0 | J7: 0 | K7: 0 | L7: 0 | M7: 0 | N7: 0 | O7: 0
B8: Nsolo M04 | C8: ELI-461 | D8: 0 | E8: 0 | F8: 0 | G8: 0 | H8: 0 | I8: 0 | J8: 0 | K8: 0 | L8: 0 | M8: 0 | N8: 0 | O8: 0
B9: Nsolo M05 | C9: ELI-456 | D9: 0 | E9: 0 | F9: 0 | G9: 0 | H9: 0 | I9: 0 | J9: 0 | K9: 0 | L9: 0 | M9: 0 | N9: 0 | O9: 0
B10: Nsolo M06 | C10: ELI-457 | D10: 0 | E10: 0 | F10: 0 | G10: 0 | H10: 0 | I10: 0 | J10: 0 | K10: 0 | L10: 0 | M10: 0 | N10: 0 | O10: 0
B11: Nsolo M07 | C11: ELI-460 | D11: 0 | E11: 0 | F11: 0 | G11: 0 | H11: 0 | I11: 0 | J11: 0 | K11: 0 | L11: 0 | M11: 0 | N11: 0 | O11: 0
B12: Nsolo Pride F02 | C12: ELI-209 | D12: 0 | E12: 0 | F12: 0 | G12: 0 | H12: 0 | I12: 0 | J12: 0 | K12: 0 | L12: 0 | M12: 0 | N12: 0 | O12: 0
B13: Nsolo Pride F03 | C13: ELI-210 | D13: 0 | E13: 0 | F13: 0 | G13: 0 | H13: 0 | I13: 0 | J13: 0 | K13: 0 | L13: 0 | M13: 0 | N13: 0 | O13: 0
B14: Nsolo Pride F05 | C14: ELI-212 | D14: 0 | E14: 0 | F14: 0 | G14: 0 | H14: 0 | I14: 0 | J14: 0 | K14: 0 | L14: 0 | M14: 0 | N14: 0 | O14: 0
A15: Nsolo 2 | B15: Nsolo 2 F01 | C15: ELI-700 | D15: 0 | E15: 0 | F15: 0 | G15: 1 | H15: 1 | I15: 0 | J15: 0 | K15: 1 | L15: 1 | M15: 1 | N15: 0 | O15: 0
B16: Nsolo 2 F02 | C16: ELI-701 | D16: 0 | E16: 0 | F16: 0 | G16: 1 | H16: 1 | I16: 0 | J16: 1 | K16: 1 | L16: 1 | M16: 1 | N16: 0 | O16: 0
B17: Nsolo 2 F03 | C17: ELI-702 | D17: 0 | E17: 0 | F17: 0 | G17: 1 | H17: 1 | I17: 0 | J17: 0 | K17: 1 | L17: 1 | M17: 1 | N17: 0 | O17: 0
B18: Nsolo 2 Cub'14 01 | C18: ELI-708 | D18: 0 | E18: 0 | F18: 0 | G18: 0 | H18: 1 | I18: 0 | J18: 0 | K18: 1 | L18: 1 | M18: 1 | N18: 0 | O18: 0
B19: Nsolo 2 Cub'14 02 | C19: ELI-709 | D19: 0 | E19: 0 | F19: 0 | G19: 0 | H19: 1 | I19: 0 | J19: 0 | K19: 1 | L19: 1 | M19: 1 | N19: 0 | O19: 0
B20: Nsolo 2 Cub'14 03 | C20: ELI-710 | D20: 0 | E20: 0 | F20: 0 | G20: 0 | H20: 1 | I20: 0 | J20: 0 | K20: 1 | L20: 1 | M20: 1 | N20: 0 | O20: 0
B21: Nsolo 2 Cub'14 04 | C21: ELI-711 | D21: 0 | E21: 0 | F21: 0 | G21: 0 | H21: 1 | I21: 0 | J21: 0 | K21: 1 | L21: 1 | M21: 1 | N21: 0 | O21: 0
B22: Nsolo 2 Cub'15 01 | C22: ELI-NS1 | D22: 0 | E22: 0 | F22: 0 | G22: 0 | H22: 0 | I22: 0 | J22: 0 | K22: 1 | L22: 1 | M22: 1 | N22: 0 | O22: 0 | U22: 8
B23: Nsolo 2 Cub'15 02 | C23: ELI-NS2 | D23: 0 | E23: 0 | F23: 0 | G23: 0 | H23: 0 | I23: 0 | J23: 0 | K23: 1 | L23: 1 | M23: 1 | N23: 0 | O23: 0 | U23: 8
D26: Jan | E26: Feb | F26: Mar | G26: Apr | H26: May | I26: Jun | J26: Jul | K26: Aug | L26: Sept | M26: Oct | N26: Nov | O26: Dec
B27: Group | C27: ID
B28: Saltpan 2011 Cub U01 | C28: ELI-468 | J28: 1 | M28: 1 | U28: 7
B29: Saltpan F01 | C29: ELI-182 | J29: 1 | M29: 1 | U29: 7
B30: Saltpan F03 | C30: ELI-261 | E30: 1
B31: Saltpan F04 | C31: ELI-185 | E31: 1
B32: Saltpan F06 | C32: ELI-257
B33: Saltpan F07 | C33: ELI-183
B34: Saltpan F08 | C34: ELI-189
B35: Saltpan F09 | C35: ELI-465 | M35: 1
B36: Saltpan F10 | C36: ELI-467
B37: Saltpan M02 | C37: ELI-259
B38: Saltpan M04 | C38: ELI-187 | I38: 1 | L38: 1
D42: Jan | E42: Feb | F42: Mar | G42: Apr | H42: May | I42: Jun | J42: Jul | K42: Aug | L42: Sept | M42: Oct | N42: Nov | O42: Dec
B43: Group | C43: ID
B44: Nchindeni | C44: ELI-775 | D44: 0 | E44: 0 | F44: 0 | G44: 0 | H44: 1 | I44: 0 | J44: 0 | K44: 1 | L44: 0 | M44: 0 | N44: 1 | O44: 0
C45: ELI-776 | D45: 0 | E45: 0 | F45: 0 | G45: 0 | H45: 1 | I45: 0 | J45: 0 | K45: 1 | L45: 0 | M45: 0 | N45: 1 | O45: 0
C46: ELI-777 | D46: 0 | E46: 0 | F46: 0 | G46: 0 | H46: 1 | I46: 0 | J46: 0 | K46: 1 | L46: 0 | M46: 0 | N46: 1 | O46: 0
C47: ELI-778 | D47: 0 | E47: 0 | F47: 0 | G47: 0 | H47: 1 | I47: 0 | J47: 0 | K47: 1 | L47: 0 | M47: 0 | N47: 1 | O47: 0
C48: ELI-786 | D48: 0 | E48: 0 | F48: 0 | G48: 0 | H48: 1 | I48: 0 | J48: 0 | K48: 1 | L48: 0 | M48: 0 | N48: 0 | O48: 0
A49: Nchindeni | B49: Nchindeni | C49: ELI-NC | D49: 0 | E49: 0 | F49: 1 | G49: 1 | H49: 1 | I49: 0 | J49: 0 | K49: 0 | L49: 0 | M49: 0 | N49: 1 | O49: 0

Sheet Coa
D1: Jan | E1: Feb | F1: Mar | G1: Apr | H1: May | I1: Jun | J1: Jul | K1: Aug | L1: Sept | M1: Oct | N1: Nov | O1: Dec
B2: Group | C2: ID
B3: Saltpan Coa M02 | C3: ELI-179 | D3: 0 | E3: 0 | F3: 0 | G3: 0 | H3: 0 | I3: 0 | J3: 0 | K3: 0 | L3: 0 | M3: 0 | N3: 0 | O3: 0
B4: Big Pride M04 | C4: ELI-167 | D4: 0 | E4: 0 | F4: 0 | G4: 0 | H4: 0 | I4: 0 | J4: 0 | K4: 0 | L4: 0 | M4: 0 | N4: 0 | O4: 0
B5: Big Pride M05 | C5: ELI-168 | D5: 0 | E5: 0 | F5: 0 | G5: 0 | H5: 0 | I5: 0 | J5: 0 | K5: 0 | L5: 0 | M5: 0 | N5: 0 | O5: 0
B6: Big Pride M06 | C6: ELI-169 | D6: 0 | E6: 0 | F6: 0 | G6: 0 | H6: 0 | I6: 0 | J6: 0 | K6: 0 | L6: 0 | M6: 0 | N6: 0 | O6: 0
B7: Tafika F01 | C7: ELI-475 | D7: 0 | E7: 0 | F7: 0 | G7: 0 | H7: 0 | I7: 0 | J7: 0 | K7: 0 | L7: 0 | M7: 0 | N7: 0 | O7: 0
B8: Tafika M01 | C8: ELI-476 | D8: 0 | E8: 0 | F8: 0 | G8: 0 | H8: 0 | I8: 0 | J8: 0 | K8: 0 | L8: 0 | M8: 0 | N8: 0 | O8: 0
B9: Tafika M02 | C9: ELI-477 | D9: 0 | E9: 0 | F9: 0 | G9: 0 | H9: 0 | I9: 0 | J9: 0 | K9: 0 | L9: 0 | M9: 0 | N9: 0 | O9: 0
B10: Tafika M03 | C10: ELI-478 | D10: 0 | E10: 0 | F10: 0 | G10: 0 | H10: 0 | I10: 0 | J10: 0 | K10: 0 | L10: 0 | M10: 0 | N10: 0 | O10: 0
B11: Tsetse Coa M01 | C11: ELI-564 | D11: 0 | E11: 0 | F11: 0 | G11: 0 | H11: 0 | I11: 0 | J11: 0 | K11: 0 | L11: 0 | M11: 1 | N11: 0 | O11: 0
B12: Tsetse Coa M02 | C12: ELI-565 | D12: 0 | E12: 0 | F12: 0 | G12: 0 | H12: 0 | I12: 0 | J12: 0 | K12: 0 | L12: 0 | M12: 1 | N12: 1 | O12: 0
B13: Nsolo I Coa M02 | C13: ELI-207 | D13: 0 | E13: 0 | F13: 0 | G13: 0 | H13: 0 | I13: 0 | J13: 0 | K13: 0 | L13: 0 | M13: 0 | N13: 0 | O13: 0
B14: Nsolo II Coa M01 | C14: ELI-213 | D14: 0 | E14: 0 | F14: 0 | G14: 0 | H14: 0 | I14: 0 | J14: 1 | K14: 0 | L14: 0 | M14: 1 | N14: 0 | O14: 0
... B20: Mwamba Coa M01 | C20: ELI-420 | D20: 0 | E20: 0 | F20: 0 | G20: 0 | H20: 0 | I20: 0 | J20: 0 | K20: 0 | L20: 0 | M20: 0 | N20: 0 | O20: 0
A21: Mwamba Coa | B21: Mwamba Coa M02 | C21: ELI-421 | K21: 1 | L21: 1
B22: Scarface | C22: ELI-202 | D22: 0 | E22: 0 | F22: 0 | G22: 0 | H22: 0 | I22: 0 | J22: 0 | K22: 0 | L22: 0 | M22: 0 | N22: 0 | O22: 0
B23: Kakonje M02 | C23: ELI-407 | D23: 0 | E23: 0 | F23: 0 | G23: 0 | H23: 0 | I23: 0 | J23: 0 | K23: 0 | L23: 0 | M23: 0 | N23: 0 | O23: 0
B24: Lion Plain M01 | C24: ELI-175 | D24: 0 | E24: 0 | F24: 0 | G24: 0 | H24: 0 | I24: 0 | J24: 0 | K24: 0 | L24: 0 | M24: 0 | N24: 0 | O24: 0
B25: Luamfwa F01 | C25: ELI-562 | D25: 0 | E25: 0 | F25: 0 | G25: 0 | H25: 0 | I25: 0 | J25: 0 | K25: 0 | L25: 0 | M25: 0 | N25: 0 | O25: 0
B26: Luamfwa M01 | C26: ELI-402 | D26: 0 | E26: 0 | F26: 0 | G26: 0 | H26: 0 | I26: 0 | J26: 0 | K26: 0 | L26: 0 | M26: 0 | N26: 0 | O26: 0
B27: Limpy | C27: ELI-474 | D27: 0 | E27: 0 | F27: 0 | G27: 0 | H27: 0 | I27: 0 | J27: 1 | K27: 0 | L27: 0 | M27: 0 | N27: 0 | O27: 0
B28: Shaka | C28: ELI-234 | D28: 0 | E28: 0 | F28: 0 | G28: 0 | H28: 0 | I28: 0 | J28: 1 | K28: 0 | L28: 0 | M28: 1 | N28: 0 | O28: 0
B29: Mwamba II F05 | C29: ELI-138 | D29: 0 | E29: 0 | F29: 0 | G29: 0 | H29: 0 | I29: 0 | J29: 1 | K29: 0 | L29: 0 | M29: 1 | N29: 0 | O29: 0
B30: Mwamba II F06 | C30: ELI-139 | D30: 0 | E30: 1 | F30: 0 | G30: 0 | H30: 0 | I30: 0 | J30: 0 | K30: 0 | L30: 0 | M30: 0 | N30: 0 | O30: 0
A31: Tafika 2 COA | B31: Tafika 2 M1 | C31: ELI-628 | E31: 1 | J31: 1 | L31: 1 | M31: 1 | N31: 1
A32: Tafika 2 COA | B32: Tafika 2 M2 | C32: ELI-629 | J32: 1 | L32: 1 | M32: 1 | N32: 1
A33: Zikomo Coa | B33: Zikomo M1 | C33: ELI-130 | J33: 1
A34: Zikomo Coa | B34: Zikomo M2 | C34: ELI-699 | J34: 1
B35: Kakumbi | C35: ELI-373 | D35: 0 | E35: 0 | F35: 0 | G35: 0 | H35: 0 | I35: 0 | J35: 0 | K35: 1 | L35: 0 | M35: 1 | N35: 1 | O35: 0
B36: Kakumbi | C36: ELI-375 | D36: 0 | E36: 0 | F36: 0 | G36: 0 | H36: 0 | I36: 0 | J36: 0 | K36: 1 | L36: 0 | M36: 0 | N36: 0 | O36: 0
B37: Kakumbi | C37: ELI-377 | D37: 0 | E37: 0 | F37: 0 | G37: 0 | H37: 0 | I37: 0 | J37: 0 | K37: 1 | L37: 0 | M37: 0 | N37: 1 | O37: 0
I38: 1 | L38: 1

Sheet input_format
A1: =CONCATENATE("/*",'Allprides '!C2,"*/ ",'Allprides '!G2,'Allprides '!H2,'Allprides '!I2,'Allprides '!J2,'Allprides '!K2,'Allprides '!L2,'Allprides '!M2,'Allprides '!N2," 1;") -> /*ELI-584*/ 11111111 1;
A2: =CONCATENATE("/*",'Allprides '!C3,"*/ ",'Allprides '!G3,'Allprides '!H3,'Allprides '!I3,'Allprides '!J3,'Allprides '!K3,'Allprides '!L3,'Allprides '!M3,'Allprides '!N3," 1;") -> /*ELI-585*/ 11111101 1;
A3: =CONCATENATE("/*",'Allprides '!C4,"*/ ",'Allprides '!G4,'Allprides '!H4,'Allprides '!I4,'Allprides '!J4,'Allprides '!K4,'Allprides '!L4,'Allprides '!M4,'Allprides '!N4," 1;") -> /*ELI-586*/ 11111111 1;
A4: =CONCATENATE("/*",'Allprides '!C5,"*/ ",'Allprides '!G5,'Allprides '!H5,'Allprides '!I5,'Allprides '!J5,'Allprides '!K5,'Allprides '!L5,'Allprides '!M5,'Allprides '!N5," 1;") -> /*ELI-587*/ 11111111 1;
A5: =CONCATENATE("/*",'Allprides '!C6,"*/ ",'Allprides '!G6,'Allprides '!H6,'Allprides '!I6,'Allprides '!J6,'Allprides '!K6,'Allprides '!L6,'Allprides '!M6,'Allprides '!N6," 1;") -> /*ELI-590*/ 11111111 1;
A6: =CONCATENATE("/*",'Allprides '!C7,"*/ ",'Allprides '!G7,'Allprides '!H7,'Allprides '!I7,'Allprides '!J7,'Allprides '!K7,'Allprides '!L7,'Allprides '!M7,'Allprides '!N7," 1;") -> /*ELI-592*/ 11111101 1;
A7: =CONCATENATE("/*",'Allprides '!C8,"*/ ",'Allprides '!G8,'Allprides '!H8,'Allprides '!I8,'Allprides '!J8,'Allprides '!K8,'Allprides '!L8,'Allprides '!M8,'Allprides '!N8," 1;") -> /*ELI-593*/ 11111101 1;
A8: =CONCATENATE("/*",'Allprides '!C9,"*/ ",'Allprides '!G9,'Allprides '!H9,'Allprides '!I9,'Allprides '!J9,'Allprides '!K9,'Allprides '!L9,'Allprides '!M9,'Allprides '!N9," 1;") -> /*ELI-594*/ 11111111 1;
A9: =CONCATENATE("/*",'Allprides '!C10,"*/ ",'Allprides '!G10,'Allprides '!H10,'Allprides '!I10,'Allprides '!J10,'Allprides '!K10,'Allprides '!L10,'Allprides '!M10,'Allprides '!N10," 1;") -> /*ELI-243*/ 11111101 1;
A10: =CONCATENATE("/*",'Allprides '!C11,"*/ ",'Allprides '!G11,'Allprides '!H11,'Allprides '!I11,'Allprides '!J11,'Allprides '!K11,'Allprides '!L11,'Allprides '!M11,'Allprides '!N11," 1;") -> /*ELI-224*/ 00110110 1;
A11: =CONCATENATE("/*",'Allprides '!C12,"*/ ",'Allprides '!G12,'Allprides '!H12,'Allprides '!I12,'Allprides '!J12,'Allprides '!K12,'Allprides '!L12,'Allprides '!M12,'Allprides '!N12," 1;") -> /*ELI-245*/ 10111110 1;
A12: =CONCATENATE("/*",'Allprides '!C13,"*/ ",'Allprides '!G13,'Allprides '!H13,'Allprides '!I13,'Allprides '!J13,'Allprides '!K13,'Allprides '!L13,'Allprides '!M13,'Allprides '!N13," 1;") -> /*ELI-223*/ 00001110 1;
... A200: =CONCATENATE("/*",'Allprides '!C201,"*/ ",'Allprides '!G201,'Allprides '!H201,'Allprides '!I201,'Allprides '!J201,'Allprides '!K201,'Allprides '!L201,'Allprides '!M201,'Allprides '!N201," 1;") -> /*ELI-779*/ 00100000 1;

Sheet 2015_slnp_lion_ch

Sheet 2015_slnp_lion_3monRD
A1: =CONCATENATE("/*",'Allprides '!C2,"*/ ",'Allprides '!F2,'Allprides '!G2,'Allprides '!H2,'Allprides '!L2,'Allprides '!M2,'Allprides '!N2," 1;") -> /*ELI-584*/ 011111 1;
A2: =CONCATENATE("/*",'Allprides '!C3,"*/ ",'Allprides '!F3,'Allprides '!G3,'Allprides '!H3,'Allprides '!L3,'Allprides '!M3,'Allprides '!N3," 1;") -> /*ELI-585*/ 111101 1;
A3: =CONCATENATE("/*",'Allprides '!C4,"*/ ",'Allprides '!F4,'Allprides '!G4,'Allprides '!H4,'Allprides '!L4,'Allprides '!M4,'Allprides '!N4," 1;") -> /*ELI-586*/ 111111 1;
A4: =CONCATENATE("/*",'Allprides '!C5,"*/ ",'Allprides '!F5,'Allprides '!G5,'Allprides '!H5,'Allprides '!L5,'Allprides '!M5,'Allprides '!N5," 1;") -> /*ELI-587*/ 111111 1;
A5: =CONCATENATE("/*",'Allprides '!C6,"*/ ",'Allprides '!F6,'Allprides '!G6,'Allprides '!H6,'Allprides '!L6,'Allprides '!M6,'Allprides '!N6," 1;") -> /*ELI-590*/ 111111 1;
A6: =CONCATENATE("/*",'Allprides '!C7,"*/ ",'Allprides '!F7,'Allprides '!G7,'Allprides '!H7,'Allprides '!L7,'Allprides '!M7,'Allprides '!N7," 1;") -> /*ELI-592*/ 111101 1;
A7: =CONCATENATE("/*",'Allprides '!C8,"*/ ",'Allprides '!F8,'Allprides '!G8,'Allprides '!H8,'Allprides '!L8,'Allprides '!M8,'Allprides '!N8," 1;") -> /*ELI-593*/ 111101 1;
A8: =CONCATENATE("/*",'Allprides '!C9,"*/ ",'Allprides '!F9,'Allprides '!G9,'Allprides '!H9,'Allprides '!L9,'Allprides '!M9,'Allprides '!N9," 1;") -> /*ELI-594*/ 111111 1;
A9: =CONCATENATE("/*",'Allprides '!C10,"*/ ",'Allprides '!F10,'Allprides '!G10,'Allprides '!H10,'Allprides '!L10,'Allprides '!M10,'Allprides '!N10," 1;") -> /*ELI-243*/ 111101 1;
A10: =CONCATENATE("/*",'Allprides '!C11,"*/ ",'Allprides '!F11,'Allprides '!G11,'Allprides '!H11,'Allprides '!L11,'Allprides '!M11,'Allprides '!N11," 1;") -> /*ELI-224*/ 000110 1;
A11: =CONCATENATE("/*",'Allprides '!C12,"*/ ",'Allprides '!F12,'Allprides '!G12,'Allprides '!H12,'Allprides '!L12,'Allprides '!M12,'Allprides '!N12," 1;") -> /*ELI-245*/ 010110 1;
A12: =CONCATENATE("/*",'Allprides '!C13,"*/ ",'Allprides '!F13,'Allprides '!G13,'Allprides '!H13,'Allprides '!L13,'Allprides '!M13,'Allprides '!N13," 1;") -> /*ELI-223*/ 000110 1;
... A200: =CONCATENATE("/*",'Allprides '!C201,"*/ ",'Allprides '!F201,'Allprides '!G201,'Allprides '!H201,'Allprides '!L201,'Allprides '!M201,'Allprides '!N201," 1;") -> /*ELI-779*/ 000000 1;
